Copyright 1986-2022 Xilinx, Inc. All Rights Reserved. Copyright 2022-2025 Advanced Micro Devices, Inc. All Rights Reserved.
------------------------------------------------------------------------------------------------------------------------------------------------------------------------------------------------------------------------------------
| Tool Version : Vivado v.2025.2 (win64) Build 6299465 Fri Nov 14 19:35:11 GMT 2025
| Date         : Tue Apr 21 11:58:28 2026
| Host         : DESKTOP-SGQVFU5 running 64-bit major release  (build 9200)
| Command      : report_timing_summary -max_paths 10 -routable_nets -report_unconstrained -file toplevel_timing_summary_routed.rpt -pb toplevel_timing_summary_routed.pb -rpx toplevel_timing_summary_routed.rpx -warn_on_violation
| Design       : toplevel
| Device       : 7z020-clg400
| Speed File   : -1  PRODUCTION 1.12 2019-11-22
| Design State : Routed
------------------------------------------------------------------------------------------------------------------------------------------------------------------------------------------------------------------------------------

Timing Summary Report

------------------------------------------------------------------------------------------------
| Timer Settings
| --------------
------------------------------------------------------------------------------------------------

  Enable Multi Corner Analysis               :  Yes
  Enable Pessimism Removal                   :  Yes
  Pessimism Removal Resolution               :  Nearest Common Node
  Enable Input Delay Default Clock           :  No
  Enable Preset / Clear Arcs                 :  No
  Disable Flight Delays                      :  No
  Ignore I/O Paths                           :  No
  Timing Early Launch at Borrowing Latches   :  No
  Borrow Time for Max Delay Exceptions       :  Yes
  Merge Timing Exceptions                    :  Yes
  Inter-SLR Compensation                     :  Conservative

  Corner  Analyze    Analyze    
  Name    Max Paths  Min Paths  
  ------  ---------  ---------  
  Slow    Yes        Yes        
  Fast    Yes        Yes        


------------------------------------------------------------------------------------------------
| Report Methodology
| ------------------
------------------------------------------------------------------------------------------------

Rule       Severity  Description                    Violations  
---------  --------  -----------------------------  ----------  
TIMING-16  Warning   Large setup violation          39          
TIMING-18  Warning   Missing input or output delay  19          

Note: This report is based on the most recent report_methodology run and may not be up-to-date. Run report_methodology on the current design for the latest report.



check_timing report

Table of Contents
-----------------
1. checking no_clock (0)
2. checking constant_clock (0)
3. checking pulse_width_clock (0)
4. checking unconstrained_internal_endpoints (18)
5. checking no_input_delay (3)
6. checking no_output_delay (16)
7. checking multiple_clock (0)
8. checking generated_clocks (0)
9. checking loops (0)
10. checking partial_input_delay (0)
11. checking partial_output_delay (0)
12. checking latch_loops (0)

1. checking no_clock (0)
------------------------
 There are 0 register/latch pins with no clock.


2. checking constant_clock (0)
------------------------------
 There are 0 register/latch pins with constant_clock.


3. checking pulse_width_clock (0)
---------------------------------
 There are 0 register/latch pins which need pulse_width check


4. checking unconstrained_internal_endpoints (18)
-------------------------------------------------
 There are 0 pins that are not constrained for maximum delay.

 There are 18 pins that are not constrained for maximum delay due to constant clock. (MEDIUM)


5. checking no_input_delay (3)
------------------------------
 There are 3 input ports with no input delay specified. (HIGH)

 There are 0 input ports with no input delay but user has a false path constraint.


6. checking no_output_delay (16)
--------------------------------
 There are 16 ports with no output delay specified. (HIGH)

 There are 0 ports with no output delay but user has a false path constraint

 There are 0 ports with no output delay but with a timing clock defined on it or propagating through it


7. checking multiple_clock (0)
------------------------------
 There are 0 register/latch pins with multiple clocks.


8. checking generated_clocks (0)
--------------------------------
 There are 0 generated clocks that are not connected to a clock source.


9. checking loops (0)
---------------------
 There are 0 combinational loops in the design.


10. checking partial_input_delay (0)
------------------------------------
 There are 0 input ports with partial input delay specified.


11. checking partial_output_delay (0)
-------------------------------------
 There are 0 ports with partial output delay specified.


12. checking latch_loops (0)
----------------------------
 There are 0 combinational latch loops in the design through latch input



------------------------------------------------------------------------------------------------
| Design Timing Summary
| ---------------------
------------------------------------------------------------------------------------------------

    WNS(ns)      TNS(ns)  TNS Failing Endpoints  TNS Total Endpoints      WHS(ns)      THS(ns)  THS Failing Endpoints  THS Total Endpoints     WPWS(ns)     TPWS(ns)  TPWS Failing Endpoints  TPWS Total Endpoints  
    -------      -------  ---------------------  -------------------      -------      -------  ---------------------  -------------------     --------     --------  ----------------------  --------------------  
     -3.039      -95.590                     45                  556        0.112        0.000                      0                  556        2.750        0.000                       0                   201  


Timing constraints are not met.


------------------------------------------------------------------------------------------------
| Clock Summary
| -------------
------------------------------------------------------------------------------------------------

Clock        Waveform(ns)         Period(ns)      Frequency(MHz)
-----        ------------         ----------      --------------
sys_clk_pin  {0.000 4.000}        8.000           125.000         


------------------------------------------------------------------------------------------------
| Intra Clock Table
| -----------------
------------------------------------------------------------------------------------------------

Clock             WNS(ns)      TNS(ns)  TNS Failing Endpoints  TNS Total Endpoints      WHS(ns)      THS(ns)  THS Failing Endpoints  THS Total Endpoints     WPWS(ns)     TPWS(ns)  TPWS Failing Endpoints  TPWS Total Endpoints  
-----             -------      -------  ---------------------  -------------------      -------      -------  ---------------------  -------------------     --------     --------  ----------------------  --------------------  
sys_clk_pin        -3.039      -95.590                     45                  556        0.112        0.000                      0                  556        2.750        0.000                       0                   201  


------------------------------------------------------------------------------------------------
| Inter Clock Table
| -----------------
------------------------------------------------------------------------------------------------

From Clock    To Clock          WNS(ns)      TNS(ns)  TNS Failing Endpoints  TNS Total Endpoints      WHS(ns)      THS(ns)  THS Failing Endpoints  THS Total Endpoints  
----------    --------          -------      -------  ---------------------  -------------------      -------      -------  ---------------------  -------------------  


------------------------------------------------------------------------------------------------
| Other Path Groups Table
| -----------------------
------------------------------------------------------------------------------------------------

Path Group    From Clock    To Clock          WNS(ns)      TNS(ns)  TNS Failing Endpoints  TNS Total Endpoints      WHS(ns)      THS(ns)  THS Failing Endpoints  THS Total Endpoints  
----------    ----------    --------          -------      -------  ---------------------  -------------------      -------      -------  ---------------------  -------------------  


------------------------------------------------------------------------------------------------
| User Ignored Path Table
| -----------------------
------------------------------------------------------------------------------------------------

Path Group    From Clock    To Clock    
----------    ----------    --------    


------------------------------------------------------------------------------------------------
| Unconstrained Path Table
| ------------------------
------------------------------------------------------------------------------------------------

Path Group    From Clock    To Clock    
----------    ----------    --------    
(none)                                    
(none)        sys_clk_pin                 
(none)                      sys_clk_pin   


------------------------------------------------------------------------------------------------
| Timing Details
| --------------
------------------------------------------------------------------------------------------------


---------------------------------------------------------------------------------------------------
From Clock:  sys_clk_pin
  To Clock:  sys_clk_pin

Setup :           45  Failing Endpoints,  Worst Slack       -3.039ns,  Total Violation      -95.590ns
Hold  :            0  Failing Endpoints,  Worst Slack        0.112ns,  Total Violation        0.000ns
PW    :            0  Failing Endpoints,  Worst Slack        2.750ns,  Total Violation        0.000ns
---------------------------------------------------------------------------------------------------


Max Delay Paths
--------------------------------------------------------------------------------------
Slack (VIOLATED) :        -3.039ns  (required time - arrival time)
  Source:                 memoria/ram_2k_generate.akv7.kcpsm6_rom/CLKARDCLK
                            (rising edge-triggered cell RAMB36E1 clocked by sys_clk_pin  {rise@0.000ns fall@4.000ns period=8.000ns})
  Destination:            data_cntrl_reg[0]/CE
                            (falling edge-triggered cell FDRE clocked by sys_clk_pin  {rise@0.000ns fall@4.000ns period=8.000ns})
  Path Group:             sys_clk_pin
  Path Type:              Setup (Max at Slow Process Corner)
  Requirement:            4.000ns  (sys_clk_pin fall@4.000ns - sys_clk_pin rise@0.000ns)
  Data Path Delay:        6.739ns  (logic 2.950ns (43.776%)  route 3.789ns (56.224%))
  Logic Levels:           4  (LUT4=1 LUT6=2 RAMD32=1)
  Clock Path Skew:        -0.100ns (DCD - SCD + CPR)
    Destination Clock Delay (DCD):    5.363ns = ( 9.363 - 4.000 ) 
    Source Clock Delay      (SCD):    5.887ns
    Clock Pessimism Removal (CPR):    0.423ns
  Clock Uncertainty:      0.035ns  ((TSJ^2 + TIJ^2)^1/2 + DJ) / 2 + PE
    Total System Jitter     (TSJ):    0.071ns
    Total Input Jitter      (TIJ):    0.000ns
    Discrete Jitter          (DJ):    0.000ns
    Phase Error              (PE):    0.000ns

    Location             Delay type                Incr(ns)  Path(ns)    Netlist Resource(s)
  -------------------------------------------------------------------    -------------------
                         (clock sys_clk_pin rise edge)
                                                      0.000     0.000 r  
    H16                                               0.000     0.000 r  clk_in (IN)
                         net (fo=0)                   0.000     0.000    clk_in
    H16                  IBUF (Prop_ibuf_I_O)         1.451     1.451 r  clk_in_IBUF_inst/O
                         net (fo=1, routed)           2.522     3.973    clk_in_IBUF
    BUFGCTRL_X0Y16       BUFG (Prop_bufg_I_O)         0.101     4.074 r  clk_in_IBUF_BUFG_inst/O
                         net (fo=200, routed)         1.813     5.887    memoria/clk_in_IBUF_BUFG
    RAMB36_X5Y15         RAMB36E1                                     r  memoria/ram_2k_generate.akv7.kcpsm6_rom/CLKARDCLK
  -------------------------------------------------------------------    -------------------
    RAMB36_X5Y15         RAMB36E1 (Prop_ramb36e1_CLKARDCLK_DOADO[4])
                                                      2.454     8.341 r  memoria/ram_2k_generate.akv7.kcpsm6_rom/DOADO[4]
                         net (fo=14, routed)          1.362     9.703    processzor/lower_reg_banks/ADDRA0
    SLICE_X104Y78        RAMD32 (Prop_ramd32_RADR0_O)
                                                      0.124     9.827 f  processzor/lower_reg_banks/RAMA_D1/O
                         net (fo=3, routed)           0.819    10.646    processzor/data_path_loop[0].output_data.sy_kk_mux_lut/I2
    SLICE_X103Y78        LUT6 (Prop_lut6_I2_O)        0.124    10.770 f  processzor/data_path_loop[0].output_data.sy_kk_mux_lut/LUT6/O
                         net (fo=23, routed)          0.760    11.530    processzor/portid[1]
    SLICE_X103Y80        LUT4 (Prop_lut4_I1_O)        0.124    11.654 r  processzor/data_width_loop[0].storage_srl_i_2_comp_2/O
                         net (fo=1, routed)           0.658    12.312    processzor/data_width_loop[0].storage_srl_i_2_n_0_repN_2
    SLICE_X102Y81        LUT6 (Prop_lut6_I5_O)        0.124    12.436 r  processzor/data_cntrl[2]_i_1_comp/O
                         net (fo=3, routed)           0.190    12.626    data_cntrl0
    SLICE_X102Y81        FDRE                                         r  data_cntrl_reg[0]/CE
  -------------------------------------------------------------------    -------------------

                         (clock sys_clk_pin fall edge)
                                                      4.000     4.000 f  
    H16                                               0.000     4.000 f  clk_in (IN)
                         net (fo=0)                   0.000     4.000    clk_in
    H16                  IBUF (Prop_ibuf_I_O)         1.380     5.380 f  clk_in_IBUF_inst/O
                         net (fo=1, routed)           2.293     7.673    clk_in_IBUF
    BUFGCTRL_X0Y16       BUFG (Prop_bufg_I_O)         0.091     7.764 f  clk_in_IBUF_BUFG_inst/O
                         net (fo=200, routed)         1.599     9.363    clk_in_IBUF_BUFG
    SLICE_X102Y81        FDRE                                         r  data_cntrl_reg[0]/C  (IS_INVERTED)
                         clock pessimism              0.423     9.787    
                         clock uncertainty           -0.035     9.751    
    SLICE_X102Y81        FDRE (Setup_fdre_C_CE)      -0.164     9.587    data_cntrl_reg[0]
  -------------------------------------------------------------------
                         required time                          9.587    
                         arrival time                         -12.626    
  -------------------------------------------------------------------
                         slack                                 -3.039    

Slack (VIOLATED) :        -3.039ns  (required time - arrival time)
  Source:                 memoria/ram_2k_generate.akv7.kcpsm6_rom/CLKARDCLK
                            (rising edge-triggered cell RAMB36E1 clocked by sys_clk_pin  {rise@0.000ns fall@4.000ns period=8.000ns})
  Destination:            data_cntrl_reg[1]/CE
                            (falling edge-triggered cell FDRE clocked by sys_clk_pin  {rise@0.000ns fall@4.000ns period=8.000ns})
  Path Group:             sys_clk_pin
  Path Type:              Setup (Max at Slow Process Corner)
  Requirement:            4.000ns  (sys_clk_pin fall@4.000ns - sys_clk_pin rise@0.000ns)
  Data Path Delay:        6.739ns  (logic 2.950ns (43.776%)  route 3.789ns (56.224%))
  Logic Levels:           4  (LUT4=1 LUT6=2 RAMD32=1)
  Clock Path Skew:        -0.100ns (DCD - SCD + CPR)
    Destination Clock Delay (DCD):    5.363ns = ( 9.363 - 4.000 ) 
    Source Clock Delay      (SCD):    5.887ns
    Clock Pessimism Removal (CPR):    0.423ns
  Clock Uncertainty:      0.035ns  ((TSJ^2 + TIJ^2)^1/2 + DJ) / 2 + PE
    Total System Jitter     (TSJ):    0.071ns
    Total Input Jitter      (TIJ):    0.000ns
    Discrete Jitter          (DJ):    0.000ns
    Phase Error              (PE):    0.000ns

    Location             Delay type                Incr(ns)  Path(ns)    Netlist Resource(s)
  -------------------------------------------------------------------    -------------------
                         (clock sys_clk_pin rise edge)
                                                      0.000     0.000 r  
    H16                                               0.000     0.000 r  clk_in (IN)
                         net (fo=0)                   0.000     0.000    clk_in
    H16                  IBUF (Prop_ibuf_I_O)         1.451     1.451 r  clk_in_IBUF_inst/O
                         net (fo=1, routed)           2.522     3.973    clk_in_IBUF
    BUFGCTRL_X0Y16       BUFG (Prop_bufg_I_O)         0.101     4.074 r  clk_in_IBUF_BUFG_inst/O
                         net (fo=200, routed)         1.813     5.887    memoria/clk_in_IBUF_BUFG
    RAMB36_X5Y15         RAMB36E1                                     r  memoria/ram_2k_generate.akv7.kcpsm6_rom/CLKARDCLK
  -------------------------------------------------------------------    -------------------
    RAMB36_X5Y15         RAMB36E1 (Prop_ramb36e1_CLKARDCLK_DOADO[4])
                                                      2.454     8.341 r  memoria/ram_2k_generate.akv7.kcpsm6_rom/DOADO[4]
                         net (fo=14, routed)          1.362     9.703    processzor/lower_reg_banks/ADDRA0
    SLICE_X104Y78        RAMD32 (Prop_ramd32_RADR0_O)
                                                      0.124     9.827 f  processzor/lower_reg_banks/RAMA_D1/O
                         net (fo=3, routed)           0.819    10.646    processzor/data_path_loop[0].output_data.sy_kk_mux_lut/I2
    SLICE_X103Y78        LUT6 (Prop_lut6_I2_O)        0.124    10.770 f  processzor/data_path_loop[0].output_data.sy_kk_mux_lut/LUT6/O
                         net (fo=23, routed)          0.760    11.530    processzor/portid[1]
    SLICE_X103Y80        LUT4 (Prop_lut4_I1_O)        0.124    11.654 r  processzor/data_width_loop[0].storage_srl_i_2_comp_2/O
                         net (fo=1, routed)           0.658    12.312    processzor/data_width_loop[0].storage_srl_i_2_n_0_repN_2
    SLICE_X102Y81        LUT6 (Prop_lut6_I5_O)        0.124    12.436 r  processzor/data_cntrl[2]_i_1_comp/O
                         net (fo=3, routed)           0.190    12.626    data_cntrl0
    SLICE_X102Y81        FDRE                                         r  data_cntrl_reg[1]/CE
  -------------------------------------------------------------------    -------------------

                         (clock sys_clk_pin fall edge)
                                                      4.000     4.000 f  
    H16                                               0.000     4.000 f  clk_in (IN)
                         net (fo=0)                   0.000     4.000    clk_in
    H16                  IBUF (Prop_ibuf_I_O)         1.380     5.380 f  clk_in_IBUF_inst/O
                         net (fo=1, routed)           2.293     7.673    clk_in_IBUF
    BUFGCTRL_X0Y16       BUFG (Prop_bufg_I_O)         0.091     7.764 f  clk_in_IBUF_BUFG_inst/O
                         net (fo=200, routed)         1.599     9.363    clk_in_IBUF_BUFG
    SLICE_X102Y81        FDRE                                         r  data_cntrl_reg[1]/C  (IS_INVERTED)
                         clock pessimism              0.423     9.787    
                         clock uncertainty           -0.035     9.751    
    SLICE_X102Y81        FDRE (Setup_fdre_C_CE)      -0.164     9.587    data_cntrl_reg[1]
  -------------------------------------------------------------------
                         required time                          9.587    
                         arrival time                         -12.626    
  -------------------------------------------------------------------
                         slack                                 -3.039    

Slack (VIOLATED) :        -3.039ns  (required time - arrival time)
  Source:                 memoria/ram_2k_generate.akv7.kcpsm6_rom/CLKARDCLK
                            (rising edge-triggered cell RAMB36E1 clocked by sys_clk_pin  {rise@0.000ns fall@4.000ns period=8.000ns})
  Destination:            data_cntrl_reg[2]/CE
                            (falling edge-triggered cell FDRE clocked by sys_clk_pin  {rise@0.000ns fall@4.000ns period=8.000ns})
  Path Group:             sys_clk_pin
  Path Type:              Setup (Max at Slow Process Corner)
  Requirement:            4.000ns  (sys_clk_pin fall@4.000ns - sys_clk_pin rise@0.000ns)
  Data Path Delay:        6.739ns  (logic 2.950ns (43.776%)  route 3.789ns (56.224%))
  Logic Levels:           4  (LUT4=1 LUT6=2 RAMD32=1)
  Clock Path Skew:        -0.100ns (DCD - SCD + CPR)
    Destination Clock Delay (DCD):    5.363ns = ( 9.363 - 4.000 ) 
    Source Clock Delay      (SCD):    5.887ns
    Clock Pessimism Removal (CPR):    0.423ns
  Clock Uncertainty:      0.035ns  ((TSJ^2 + TIJ^2)^1/2 + DJ) / 2 + PE
    Total System Jitter     (TSJ):    0.071ns
    Total Input Jitter      (TIJ):    0.000ns
    Discrete Jitter          (DJ):    0.000ns
    Phase Error              (PE):    0.000ns

    Location             Delay type                Incr(ns)  Path(ns)    Netlist Resource(s)
  -------------------------------------------------------------------    -------------------
                         (clock sys_clk_pin rise edge)
                                                      0.000     0.000 r  
    H16                                               0.000     0.000 r  clk_in (IN)
                         net (fo=0)                   0.000     0.000    clk_in
    H16                  IBUF (Prop_ibuf_I_O)         1.451     1.451 r  clk_in_IBUF_inst/O
                         net (fo=1, routed)           2.522     3.973    clk_in_IBUF
    BUFGCTRL_X0Y16       BUFG (Prop_bufg_I_O)         0.101     4.074 r  clk_in_IBUF_BUFG_inst/O
                         net (fo=200, routed)         1.813     5.887    memoria/clk_in_IBUF_BUFG
    RAMB36_X5Y15         RAMB36E1                                     r  memoria/ram_2k_generate.akv7.kcpsm6_rom/CLKARDCLK
  -------------------------------------------------------------------    -------------------
    RAMB36_X5Y15         RAMB36E1 (Prop_ramb36e1_CLKARDCLK_DOADO[4])
                                                      2.454     8.341 r  memoria/ram_2k_generate.akv7.kcpsm6_rom/DOADO[4]
                         net (fo=14, routed)          1.362     9.703    processzor/lower_reg_banks/ADDRA0
    SLICE_X104Y78        RAMD32 (Prop_ramd32_RADR0_O)
                                                      0.124     9.827 f  processzor/lower_reg_banks/RAMA_D1/O
                         net (fo=3, routed)           0.819    10.646    processzor/data_path_loop[0].output_data.sy_kk_mux_lut/I2
    SLICE_X103Y78        LUT6 (Prop_lut6_I2_O)        0.124    10.770 f  processzor/data_path_loop[0].output_data.sy_kk_mux_lut/LUT6/O
                         net (fo=23, routed)          0.760    11.530    processzor/portid[1]
    SLICE_X103Y80        LUT4 (Prop_lut4_I1_O)        0.124    11.654 r  processzor/data_width_loop[0].storage_srl_i_2_comp_2/O
                         net (fo=1, routed)           0.658    12.312    processzor/data_width_loop[0].storage_srl_i_2_n_0_repN_2
    SLICE_X102Y81        LUT6 (Prop_lut6_I5_O)        0.124    12.436 r  processzor/data_cntrl[2]_i_1_comp/O
                         net (fo=3, routed)           0.190    12.626    data_cntrl0
    SLICE_X102Y81        FDRE                                         r  data_cntrl_reg[2]/CE
  -------------------------------------------------------------------    -------------------

                         (clock sys_clk_pin fall edge)
                                                      4.000     4.000 f  
    H16                                               0.000     4.000 f  clk_in (IN)
                         net (fo=0)                   0.000     4.000    clk_in
    H16                  IBUF (Prop_ibuf_I_O)         1.380     5.380 f  clk_in_IBUF_inst/O
                         net (fo=1, routed)           2.293     7.673    clk_in_IBUF
    BUFGCTRL_X0Y16       BUFG (Prop_bufg_I_O)         0.091     7.764 f  clk_in_IBUF_BUFG_inst/O
                         net (fo=200, routed)         1.599     9.363    clk_in_IBUF_BUFG
    SLICE_X102Y81        FDRE                                         r  data_cntrl_reg[2]/C  (IS_INVERTED)
                         clock pessimism              0.423     9.787    
                         clock uncertainty           -0.035     9.751    
    SLICE_X102Y81        FDRE (Setup_fdre_C_CE)      -0.164     9.587    data_cntrl_reg[2]
  -------------------------------------------------------------------
                         required time                          9.587    
                         arrival time                         -12.626    
  -------------------------------------------------------------------
                         slack                                 -3.039    

Slack (VIOLATED) :        -2.971ns  (required time - arrival time)
  Source:                 memoria/ram_2k_generate.akv7.kcpsm6_rom/CLKARDCLK
                            (rising edge-triggered cell RAMB36E1 clocked by sys_clk_pin  {rise@0.000ns fall@4.000ns period=8.000ns})
  Destination:            data_Db_reg[4]/CE
                            (falling edge-triggered cell FDRE clocked by sys_clk_pin  {rise@0.000ns fall@4.000ns period=8.000ns})
  Path Group:             sys_clk_pin
  Path Type:              Setup (Max at Slow Process Corner)
  Requirement:            4.000ns  (sys_clk_pin fall@4.000ns - sys_clk_pin rise@0.000ns)
  Data Path Delay:        6.670ns  (logic 3.295ns (49.399%)  route 3.375ns (50.601%))
  Logic Levels:           3  (LUT5=1 LUT6=1 RAMD32=1)
  Clock Path Skew:        -0.101ns (DCD - SCD + CPR)
    Destination Clock Delay (DCD):    5.362ns = ( 9.362 - 4.000 ) 
    Source Clock Delay      (SCD):    5.887ns
    Clock Pessimism Removal (CPR):    0.423ns
  Clock Uncertainty:      0.035ns  ((TSJ^2 + TIJ^2)^1/2 + DJ) / 2 + PE
    Total System Jitter     (TSJ):    0.071ns
    Total Input Jitter      (TIJ):    0.000ns
    Discrete Jitter          (DJ):    0.000ns
    Phase Error              (PE):    0.000ns

    Location             Delay type                Incr(ns)  Path(ns)    Netlist Resource(s)
  -------------------------------------------------------------------    -------------------
                         (clock sys_clk_pin rise edge)
                                                      0.000     0.000 r  
    H16                                               0.000     0.000 r  clk_in (IN)
                         net (fo=0)                   0.000     0.000    clk_in
    H16                  IBUF (Prop_ibuf_I_O)         1.451     1.451 r  clk_in_IBUF_inst/O
                         net (fo=1, routed)           2.522     3.973    clk_in_IBUF
    BUFGCTRL_X0Y16       BUFG (Prop_bufg_I_O)         0.101     4.074 r  clk_in_IBUF_BUFG_inst/O
                         net (fo=200, routed)         1.813     5.887    memoria/clk_in_IBUF_BUFG
    RAMB36_X5Y15         RAMB36E1                                     r  memoria/ram_2k_generate.akv7.kcpsm6_rom/CLKARDCLK
  -------------------------------------------------------------------    -------------------
    RAMB36_X5Y15         RAMB36E1 (Prop_ramb36e1_CLKARDCLK_DOADO[4])
                                                      2.454     8.341 r  memoria/ram_2k_generate.akv7.kcpsm6_rom/DOADO[4]
                         net (fo=14, routed)          1.329     9.670    processzor/upper_reg_banks/ADDRC0
    SLICE_X104Y77        RAMD32 (Prop_ramd32_RADR0_O)
                                                      0.153     9.823 f  processzor/upper_reg_banks/RAMC/O
                         net (fo=3, routed)           0.835    10.658    processzor/data_path_loop[6].output_data.sy_kk_mux_lut/I0
    SLICE_X103Y77        LUT5 (Prop_lut5_I0_O)        0.361    11.019 f  processzor/data_path_loop[6].output_data.sy_kk_mux_lut/LUT5/O
                         net (fo=7, routed)           0.870    11.889    processzor/portid[6]
    SLICE_X102Y79        LUT6 (Prop_lut6_I4_O)        0.327    12.216 r  processzor/data_Db[7]_i_1_comp/O
                         net (fo=8, routed)           0.341    12.557    data_Db0
    SLICE_X102Y80        FDRE                                         r  data_Db_reg[4]/CE
  -------------------------------------------------------------------    -------------------

                         (clock sys_clk_pin fall edge)
                                                      4.000     4.000 f  
    H16                                               0.000     4.000 f  clk_in (IN)
                         net (fo=0)                   0.000     4.000    clk_in
    H16                  IBUF (Prop_ibuf_I_O)         1.380     5.380 f  clk_in_IBUF_inst/O
                         net (fo=1, routed)           2.293     7.673    clk_in_IBUF
    BUFGCTRL_X0Y16       BUFG (Prop_bufg_I_O)         0.091     7.764 f  clk_in_IBUF_BUFG_inst/O
                         net (fo=200, routed)         1.598     9.362    clk_in_IBUF_BUFG
    SLICE_X102Y80        FDRE                                         r  data_Db_reg[4]/C  (IS_INVERTED)
                         clock pessimism              0.423     9.786    
                         clock uncertainty           -0.035     9.750    
    SLICE_X102Y80        FDRE (Setup_fdre_C_CE)      -0.164     9.586    data_Db_reg[4]
  -------------------------------------------------------------------
                         required time                          9.586    
                         arrival time                         -12.557    
  -------------------------------------------------------------------
                         slack                                 -2.971    

Slack (VIOLATED) :        -2.971ns  (required time - arrival time)
  Source:                 memoria/ram_2k_generate.akv7.kcpsm6_rom/CLKARDCLK
                            (rising edge-triggered cell RAMB36E1 clocked by sys_clk_pin  {rise@0.000ns fall@4.000ns period=8.000ns})
  Destination:            data_Db_reg[6]/CE
                            (falling edge-triggered cell FDRE clocked by sys_clk_pin  {rise@0.000ns fall@4.000ns period=8.000ns})
  Path Group:             sys_clk_pin
  Path Type:              Setup (Max at Slow Process Corner)
  Requirement:            4.000ns  (sys_clk_pin fall@4.000ns - sys_clk_pin rise@0.000ns)
  Data Path Delay:        6.670ns  (logic 3.295ns (49.399%)  route 3.375ns (50.601%))
  Logic Levels:           3  (LUT5=1 LUT6=1 RAMD32=1)
  Clock Path Skew:        -0.101ns (DCD - SCD + CPR)
    Destination Clock Delay (DCD):    5.362ns = ( 9.362 - 4.000 ) 
    Source Clock Delay      (SCD):    5.887ns
    Clock Pessimism Removal (CPR):    0.423ns
  Clock Uncertainty:      0.035ns  ((TSJ^2 + TIJ^2)^1/2 + DJ) / 2 + PE
    Total System Jitter     (TSJ):    0.071ns
    Total Input Jitter      (TIJ):    0.000ns
    Discrete Jitter          (DJ):    0.000ns
    Phase Error              (PE):    0.000ns

    Location             Delay type                Incr(ns)  Path(ns)    Netlist Resource(s)
  -------------------------------------------------------------------    -------------------
                         (clock sys_clk_pin rise edge)
                                                      0.000     0.000 r  
    H16                                               0.000     0.000 r  clk_in (IN)
                         net (fo=0)                   0.000     0.000    clk_in
    H16                  IBUF (Prop_ibuf_I_O)         1.451     1.451 r  clk_in_IBUF_inst/O
                         net (fo=1, routed)           2.522     3.973    clk_in_IBUF
    BUFGCTRL_X0Y16       BUFG (Prop_bufg_I_O)         0.101     4.074 r  clk_in_IBUF_BUFG_inst/O
                         net (fo=200, routed)         1.813     5.887    memoria/clk_in_IBUF_BUFG
    RAMB36_X5Y15         RAMB36E1                                     r  memoria/ram_2k_generate.akv7.kcpsm6_rom/CLKARDCLK
  -------------------------------------------------------------------    -------------------
    RAMB36_X5Y15         RAMB36E1 (Prop_ramb36e1_CLKARDCLK_DOADO[4])
                                                      2.454     8.341 r  memoria/ram_2k_generate.akv7.kcpsm6_rom/DOADO[4]
                         net (fo=14, routed)          1.329     9.670    processzor/upper_reg_banks/ADDRC0
    SLICE_X104Y77        RAMD32 (Prop_ramd32_RADR0_O)
                                                      0.153     9.823 f  processzor/upper_reg_banks/RAMC/O
                         net (fo=3, routed)           0.835    10.658    processzor/data_path_loop[6].output_data.sy_kk_mux_lut/I0
    SLICE_X103Y77        LUT5 (Prop_lut5_I0_O)        0.361    11.019 f  processzor/data_path_loop[6].output_data.sy_kk_mux_lut/LUT5/O
                         net (fo=7, routed)           0.870    11.889    processzor/portid[6]
    SLICE_X102Y79        LUT6 (Prop_lut6_I4_O)        0.327    12.216 r  processzor/data_Db[7]_i_1_comp/O
                         net (fo=8, routed)           0.341    12.557    data_Db0
    SLICE_X102Y80        FDRE                                         r  data_Db_reg[6]/CE
  -------------------------------------------------------------------    -------------------

                         (clock sys_clk_pin fall edge)
                                                      4.000     4.000 f  
    H16                                               0.000     4.000 f  clk_in (IN)
                         net (fo=0)                   0.000     4.000    clk_in
    H16                  IBUF (Prop_ibuf_I_O)         1.380     5.380 f  clk_in_IBUF_inst/O
                         net (fo=1, routed)           2.293     7.673    clk_in_IBUF
    BUFGCTRL_X0Y16       BUFG (Prop_bufg_I_O)         0.091     7.764 f  clk_in_IBUF_BUFG_inst/O
                         net (fo=200, routed)         1.598     9.362    clk_in_IBUF_BUFG
    SLICE_X102Y80        FDRE                                         r  data_Db_reg[6]/C  (IS_INVERTED)
                         clock pessimism              0.423     9.786    
                         clock uncertainty           -0.035     9.750    
    SLICE_X102Y80        FDRE (Setup_fdre_C_CE)      -0.164     9.586    data_Db_reg[6]
  -------------------------------------------------------------------
                         required time                          9.586    
                         arrival time                         -12.557    
  -------------------------------------------------------------------
                         slack                                 -2.971    

Slack (VIOLATED) :        -2.941ns  (required time - arrival time)
  Source:                 memoria/ram_2k_generate.akv7.kcpsm6_rom/CLKARDCLK
                            (rising edge-triggered cell RAMB36E1 clocked by sys_clk_pin  {rise@0.000ns fall@4.000ns period=8.000ns})
  Destination:            psdatabuff_reg[0]/CE
                            (falling edge-triggered cell FDRE clocked by sys_clk_pin  {rise@0.000ns fall@4.000ns period=8.000ns})
  Path Group:             sys_clk_pin
  Path Type:              Setup (Max at Slow Process Corner)
  Requirement:            4.000ns  (sys_clk_pin fall@4.000ns - sys_clk_pin rise@0.000ns)
  Data Path Delay:        6.676ns  (logic 2.950ns (44.186%)  route 3.726ns (55.814%))
  Logic Levels:           4  (LUT4=1 LUT6=2 RAMD32=1)
  Clock Path Skew:        -0.027ns (DCD - SCD + CPR)
    Destination Clock Delay (DCD):    5.436ns = ( 9.436 - 4.000 ) 
    Source Clock Delay      (SCD):    5.887ns
    Clock Pessimism Removal (CPR):    0.423ns
  Clock Uncertainty:      0.035ns  ((TSJ^2 + TIJ^2)^1/2 + DJ) / 2 + PE
    Total System Jitter     (TSJ):    0.071ns
    Total Input Jitter      (TIJ):    0.000ns
    Discrete Jitter          (DJ):    0.000ns
    Phase Error              (PE):    0.000ns

    Location             Delay type                Incr(ns)  Path(ns)    Netlist Resource(s)
  -------------------------------------------------------------------    -------------------
                         (clock sys_clk_pin rise edge)
                                                      0.000     0.000 r  
    H16                                               0.000     0.000 r  clk_in (IN)
                         net (fo=0)                   0.000     0.000    clk_in
    H16                  IBUF (Prop_ibuf_I_O)         1.451     1.451 r  clk_in_IBUF_inst/O
                         net (fo=1, routed)           2.522     3.973    clk_in_IBUF
    BUFGCTRL_X0Y16       BUFG (Prop_bufg_I_O)         0.101     4.074 r  clk_in_IBUF_BUFG_inst/O
                         net (fo=200, routed)         1.813     5.887    memoria/clk_in_IBUF_BUFG
    RAMB36_X5Y15         RAMB36E1                                     r  memoria/ram_2k_generate.akv7.kcpsm6_rom/CLKARDCLK
  -------------------------------------------------------------------    -------------------
    RAMB36_X5Y15         RAMB36E1 (Prop_ramb36e1_CLKARDCLK_DOADO[4])
                                                      2.454     8.341 r  memoria/ram_2k_generate.akv7.kcpsm6_rom/DOADO[4]
                         net (fo=14, routed)          1.362     9.703    processzor/lower_reg_banks/ADDRA0
    SLICE_X104Y78        RAMD32 (Prop_ramd32_RADR0_O)
                                                      0.124     9.827 f  processzor/lower_reg_banks/RAMA_D1/O
                         net (fo=3, routed)           0.819    10.646    processzor/data_path_loop[0].output_data.sy_kk_mux_lut/I2
    SLICE_X103Y78        LUT6 (Prop_lut6_I2_O)        0.124    10.770 f  processzor/data_path_loop[0].output_data.sy_kk_mux_lut/LUT6/O
                         net (fo=23, routed)          0.876    11.646    processzor/portid[1]
    SLICE_X107Y80        LUT4 (Prop_lut4_I2_O)        0.124    11.770 r  processzor/data_width_loop[0].storage_srl_i_2_comp/O
                         net (fo=2, routed)           0.480    12.249    processzor/data_width_loop[0].storage_srl_i_2_n_0_repN
    SLICE_X106Y79        LUT6 (Prop_lut6_I5_O)        0.124    12.373 r  processzor/psdatabuff[7]_i_1_comp/O
                         net (fo=5, routed)           0.190    12.563    psdatabuff0
    SLICE_X106Y79        FDRE                                         r  psdatabuff_reg[0]/CE
  -------------------------------------------------------------------    -------------------

                         (clock sys_clk_pin fall edge)
                                                      4.000     4.000 f  
    H16                                               0.000     4.000 f  clk_in (IN)
                         net (fo=0)                   0.000     4.000    clk_in
    H16                  IBUF (Prop_ibuf_I_O)         1.380     5.380 f  clk_in_IBUF_inst/O
                         net (fo=1, routed)           2.293     7.673    clk_in_IBUF
    BUFGCTRL_X0Y16       BUFG (Prop_bufg_I_O)         0.091     7.764 f  clk_in_IBUF_BUFG_inst/O
                         net (fo=200, routed)         1.672     9.436    clk_in_IBUF_BUFG
    SLICE_X106Y79        FDRE                                         r  psdatabuff_reg[0]/C  (IS_INVERTED)
                         clock pessimism              0.423     9.860    
                         clock uncertainty           -0.035     9.824    
    SLICE_X106Y79        FDRE (Setup_fdre_C_CE)      -0.202     9.622    psdatabuff_reg[0]
  -------------------------------------------------------------------
                         required time                          9.622    
                         arrival time                         -12.563    
  -------------------------------------------------------------------
                         slack                                 -2.941    

Slack (VIOLATED) :        -2.941ns  (required time - arrival time)
  Source:                 memoria/ram_2k_generate.akv7.kcpsm6_rom/CLKARDCLK
                            (rising edge-triggered cell RAMB36E1 clocked by sys_clk_pin  {rise@0.000ns fall@4.000ns period=8.000ns})
  Destination:            psdatabuff_reg[2]/CE
                            (falling edge-triggered cell FDRE clocked by sys_clk_pin  {rise@0.000ns fall@4.000ns period=8.000ns})
  Path Group:             sys_clk_pin
  Path Type:              Setup (Max at Slow Process Corner)
  Requirement:            4.000ns  (sys_clk_pin fall@4.000ns - sys_clk_pin rise@0.000ns)
  Data Path Delay:        6.676ns  (logic 2.950ns (44.186%)  route 3.726ns (55.814%))
  Logic Levels:           4  (LUT4=1 LUT6=2 RAMD32=1)
  Clock Path Skew:        -0.027ns (DCD - SCD + CPR)
    Destination Clock Delay (DCD):    5.436ns = ( 9.436 - 4.000 ) 
    Source Clock Delay      (SCD):    5.887ns
    Clock Pessimism Removal (CPR):    0.423ns
  Clock Uncertainty:      0.035ns  ((TSJ^2 + TIJ^2)^1/2 + DJ) / 2 + PE
    Total System Jitter     (TSJ):    0.071ns
    Total Input Jitter      (TIJ):    0.000ns
    Discrete Jitter          (DJ):    0.000ns
    Phase Error              (PE):    0.000ns

    Location             Delay type                Incr(ns)  Path(ns)    Netlist Resource(s)
  -------------------------------------------------------------------    -------------------
                         (clock sys_clk_pin rise edge)
                                                      0.000     0.000 r  
    H16                                               0.000     0.000 r  clk_in (IN)
                         net (fo=0)                   0.000     0.000    clk_in
    H16                  IBUF (Prop_ibuf_I_O)         1.451     1.451 r  clk_in_IBUF_inst/O
                         net (fo=1, routed)           2.522     3.973    clk_in_IBUF
    BUFGCTRL_X0Y16       BUFG (Prop_bufg_I_O)         0.101     4.074 r  clk_in_IBUF_BUFG_inst/O
                         net (fo=200, routed)         1.813     5.887    memoria/clk_in_IBUF_BUFG
    RAMB36_X5Y15         RAMB36E1                                     r  memoria/ram_2k_generate.akv7.kcpsm6_rom/CLKARDCLK
  -------------------------------------------------------------------    -------------------
    RAMB36_X5Y15         RAMB36E1 (Prop_ramb36e1_CLKARDCLK_DOADO[4])
                                                      2.454     8.341 r  memoria/ram_2k_generate.akv7.kcpsm6_rom/DOADO[4]
                         net (fo=14, routed)          1.362     9.703    processzor/lower_reg_banks/ADDRA0
    SLICE_X104Y78        RAMD32 (Prop_ramd32_RADR0_O)
                                                      0.124     9.827 f  processzor/lower_reg_banks/RAMA_D1/O
                         net (fo=3, routed)           0.819    10.646    processzor/data_path_loop[0].output_data.sy_kk_mux_lut/I2
    SLICE_X103Y78        LUT6 (Prop_lut6_I2_O)        0.124    10.770 f  processzor/data_path_loop[0].output_data.sy_kk_mux_lut/LUT6/O
                         net (fo=23, routed)          0.876    11.646    processzor/portid[1]
    SLICE_X107Y80        LUT4 (Prop_lut4_I2_O)        0.124    11.770 r  processzor/data_width_loop[0].storage_srl_i_2_comp/O
                         net (fo=2, routed)           0.480    12.249    processzor/data_width_loop[0].storage_srl_i_2_n_0_repN
    SLICE_X106Y79        LUT6 (Prop_lut6_I5_O)        0.124    12.373 r  processzor/psdatabuff[7]_i_1_comp/O
                         net (fo=5, routed)           0.190    12.563    psdatabuff0
    SLICE_X106Y79        FDRE                                         r  psdatabuff_reg[2]/CE
  -------------------------------------------------------------------    -------------------

                         (clock sys_clk_pin fall edge)
                                                      4.000     4.000 f  
    H16                                               0.000     4.000 f  clk_in (IN)
                         net (fo=0)                   0.000     4.000    clk_in
    H16                  IBUF (Prop_ibuf_I_O)         1.380     5.380 f  clk_in_IBUF_inst/O
                         net (fo=1, routed)           2.293     7.673    clk_in_IBUF
    BUFGCTRL_X0Y16       BUFG (Prop_bufg_I_O)         0.091     7.764 f  clk_in_IBUF_BUFG_inst/O
                         net (fo=200, routed)         1.672     9.436    clk_in_IBUF_BUFG
    SLICE_X106Y79        FDRE                                         r  psdatabuff_reg[2]/C  (IS_INVERTED)
                         clock pessimism              0.423     9.860    
                         clock uncertainty           -0.035     9.824    
    SLICE_X106Y79        FDRE (Setup_fdre_C_CE)      -0.202     9.622    psdatabuff_reg[2]
  -------------------------------------------------------------------
                         required time                          9.622    
                         arrival time                         -12.563    
  -------------------------------------------------------------------
                         slack                                 -2.941    

Slack (VIOLATED) :        -2.941ns  (required time - arrival time)
  Source:                 memoria/ram_2k_generate.akv7.kcpsm6_rom/CLKARDCLK
                            (rising edge-triggered cell RAMB36E1 clocked by sys_clk_pin  {rise@0.000ns fall@4.000ns period=8.000ns})
  Destination:            psdatabuff_reg[3]/CE
                            (falling edge-triggered cell FDRE clocked by sys_clk_pin  {rise@0.000ns fall@4.000ns period=8.000ns})
  Path Group:             sys_clk_pin
  Path Type:              Setup (Max at Slow Process Corner)
  Requirement:            4.000ns  (sys_clk_pin fall@4.000ns - sys_clk_pin rise@0.000ns)
  Data Path Delay:        6.676ns  (logic 2.950ns (44.186%)  route 3.726ns (55.814%))
  Logic Levels:           4  (LUT4=1 LUT6=2 RAMD32=1)
  Clock Path Skew:        -0.027ns (DCD - SCD + CPR)
    Destination Clock Delay (DCD):    5.436ns = ( 9.436 - 4.000 ) 
    Source Clock Delay      (SCD):    5.887ns
    Clock Pessimism Removal (CPR):    0.423ns
  Clock Uncertainty:      0.035ns  ((TSJ^2 + TIJ^2)^1/2 + DJ) / 2 + PE
    Total System Jitter     (TSJ):    0.071ns
    Total Input Jitter      (TIJ):    0.000ns
    Discrete Jitter          (DJ):    0.000ns
    Phase Error              (PE):    0.000ns

    Location             Delay type                Incr(ns)  Path(ns)    Netlist Resource(s)
  -------------------------------------------------------------------    -------------------
                         (clock sys_clk_pin rise edge)
                                                      0.000     0.000 r  
    H16                                               0.000     0.000 r  clk_in (IN)
                         net (fo=0)                   0.000     0.000    clk_in
    H16                  IBUF (Prop_ibuf_I_O)         1.451     1.451 r  clk_in_IBUF_inst/O
                         net (fo=1, routed)           2.522     3.973    clk_in_IBUF
    BUFGCTRL_X0Y16       BUFG (Prop_bufg_I_O)         0.101     4.074 r  clk_in_IBUF_BUFG_inst/O
                         net (fo=200, routed)         1.813     5.887    memoria/clk_in_IBUF_BUFG
    RAMB36_X5Y15         RAMB36E1                                     r  memoria/ram_2k_generate.akv7.kcpsm6_rom/CLKARDCLK
  -------------------------------------------------------------------    -------------------
    RAMB36_X5Y15         RAMB36E1 (Prop_ramb36e1_CLKARDCLK_DOADO[4])
                                                      2.454     8.341 r  memoria/ram_2k_generate.akv7.kcpsm6_rom/DOADO[4]
                         net (fo=14, routed)          1.362     9.703    processzor/lower_reg_banks/ADDRA0
    SLICE_X104Y78        RAMD32 (Prop_ramd32_RADR0_O)
                                                      0.124     9.827 f  processzor/lower_reg_banks/RAMA_D1/O
                         net (fo=3, routed)           0.819    10.646    processzor/data_path_loop[0].output_data.sy_kk_mux_lut/I2
    SLICE_X103Y78        LUT6 (Prop_lut6_I2_O)        0.124    10.770 f  processzor/data_path_loop[0].output_data.sy_kk_mux_lut/LUT6/O
                         net (fo=23, routed)          0.876    11.646    processzor/portid[1]
    SLICE_X107Y80        LUT4 (Prop_lut4_I2_O)        0.124    11.770 r  processzor/data_width_loop[0].storage_srl_i_2_comp/O
                         net (fo=2, routed)           0.480    12.249    processzor/data_width_loop[0].storage_srl_i_2_n_0_repN
    SLICE_X106Y79        LUT6 (Prop_lut6_I5_O)        0.124    12.373 r  processzor/psdatabuff[7]_i_1_comp/O
                         net (fo=5, routed)           0.190    12.563    psdatabuff0
    SLICE_X106Y79        FDRE                                         r  psdatabuff_reg[3]/CE
  -------------------------------------------------------------------    -------------------

                         (clock sys_clk_pin fall edge)
                                                      4.000     4.000 f  
    H16                                               0.000     4.000 f  clk_in (IN)
                         net (fo=0)                   0.000     4.000    clk_in
    H16                  IBUF (Prop_ibuf_I_O)         1.380     5.380 f  clk_in_IBUF_inst/O
                         net (fo=1, routed)           2.293     7.673    clk_in_IBUF
    BUFGCTRL_X0Y16       BUFG (Prop_bufg_I_O)         0.091     7.764 f  clk_in_IBUF_BUFG_inst/O
                         net (fo=200, routed)         1.672     9.436    clk_in_IBUF_BUFG
    SLICE_X106Y79        FDRE                                         r  psdatabuff_reg[3]/C  (IS_INVERTED)
                         clock pessimism              0.423     9.860    
                         clock uncertainty           -0.035     9.824    
    SLICE_X106Y79        FDRE (Setup_fdre_C_CE)      -0.202     9.622    psdatabuff_reg[3]
  -------------------------------------------------------------------
                         required time                          9.622    
                         arrival time                         -12.563    
  -------------------------------------------------------------------
                         slack                                 -2.941    

Slack (VIOLATED) :        -2.941ns  (required time - arrival time)
  Source:                 memoria/ram_2k_generate.akv7.kcpsm6_rom/CLKARDCLK
                            (rising edge-triggered cell RAMB36E1 clocked by sys_clk_pin  {rise@0.000ns fall@4.000ns period=8.000ns})
  Destination:            psdatabuff_reg[4]/CE
                            (falling edge-triggered cell FDRE clocked by sys_clk_pin  {rise@0.000ns fall@4.000ns period=8.000ns})
  Path Group:             sys_clk_pin
  Path Type:              Setup (Max at Slow Process Corner)
  Requirement:            4.000ns  (sys_clk_pin fall@4.000ns - sys_clk_pin rise@0.000ns)
  Data Path Delay:        6.676ns  (logic 2.950ns (44.186%)  route 3.726ns (55.814%))
  Logic Levels:           4  (LUT4=1 LUT6=2 RAMD32=1)
  Clock Path Skew:        -0.027ns (DCD - SCD + CPR)
    Destination Clock Delay (DCD):    5.436ns = ( 9.436 - 4.000 ) 
    Source Clock Delay      (SCD):    5.887ns
    Clock Pessimism Removal (CPR):    0.423ns
  Clock Uncertainty:      0.035ns  ((TSJ^2 + TIJ^2)^1/2 + DJ) / 2 + PE
    Total System Jitter     (TSJ):    0.071ns
    Total Input Jitter      (TIJ):    0.000ns
    Discrete Jitter          (DJ):    0.000ns
    Phase Error              (PE):    0.000ns

    Location             Delay type                Incr(ns)  Path(ns)    Netlist Resource(s)
  -------------------------------------------------------------------    -------------------
                         (clock sys_clk_pin rise edge)
                                                      0.000     0.000 r  
    H16                                               0.000     0.000 r  clk_in (IN)
                         net (fo=0)                   0.000     0.000    clk_in
    H16                  IBUF (Prop_ibuf_I_O)         1.451     1.451 r  clk_in_IBUF_inst/O
                         net (fo=1, routed)           2.522     3.973    clk_in_IBUF
    BUFGCTRL_X0Y16       BUFG (Prop_bufg_I_O)         0.101     4.074 r  clk_in_IBUF_BUFG_inst/O
                         net (fo=200, routed)         1.813     5.887    memoria/clk_in_IBUF_BUFG
    RAMB36_X5Y15         RAMB36E1                                     r  memoria/ram_2k_generate.akv7.kcpsm6_rom/CLKARDCLK
  -------------------------------------------------------------------    -------------------
    RAMB36_X5Y15         RAMB36E1 (Prop_ramb36e1_CLKARDCLK_DOADO[4])
                                                      2.454     8.341 r  memoria/ram_2k_generate.akv7.kcpsm6_rom/DOADO[4]
                         net (fo=14, routed)          1.362     9.703    processzor/lower_reg_banks/ADDRA0
    SLICE_X104Y78        RAMD32 (Prop_ramd32_RADR0_O)
                                                      0.124     9.827 f  processzor/lower_reg_banks/RAMA_D1/O
                         net (fo=3, routed)           0.819    10.646    processzor/data_path_loop[0].output_data.sy_kk_mux_lut/I2
    SLICE_X103Y78        LUT6 (Prop_lut6_I2_O)        0.124    10.770 f  processzor/data_path_loop[0].output_data.sy_kk_mux_lut/LUT6/O
                         net (fo=23, routed)          0.876    11.646    processzor/portid[1]
    SLICE_X107Y80        LUT4 (Prop_lut4_I2_O)        0.124    11.770 r  processzor/data_width_loop[0].storage_srl_i_2_comp/O
                         net (fo=2, routed)           0.480    12.249    processzor/data_width_loop[0].storage_srl_i_2_n_0_repN
    SLICE_X106Y79        LUT6 (Prop_lut6_I5_O)        0.124    12.373 r  processzor/psdatabuff[7]_i_1_comp/O
                         net (fo=5, routed)           0.190    12.563    psdatabuff0
    SLICE_X106Y79        FDRE                                         r  psdatabuff_reg[4]/CE
  -------------------------------------------------------------------    -------------------

                         (clock sys_clk_pin fall edge)
                                                      4.000     4.000 f  
    H16                                               0.000     4.000 f  clk_in (IN)
                         net (fo=0)                   0.000     4.000    clk_in
    H16                  IBUF (Prop_ibuf_I_O)         1.380     5.380 f  clk_in_IBUF_inst/O
                         net (fo=1, routed)           2.293     7.673    clk_in_IBUF
    BUFGCTRL_X0Y16       BUFG (Prop_bufg_I_O)         0.091     7.764 f  clk_in_IBUF_BUFG_inst/O
                         net (fo=200, routed)         1.672     9.436    clk_in_IBUF_BUFG
    SLICE_X106Y79        FDRE                                         r  psdatabuff_reg[4]/C  (IS_INVERTED)
                         clock pessimism              0.423     9.860    
                         clock uncertainty           -0.035     9.824    
    SLICE_X106Y79        FDRE (Setup_fdre_C_CE)      -0.202     9.622    psdatabuff_reg[4]
  -------------------------------------------------------------------
                         required time                          9.622    
                         arrival time                         -12.563    
  -------------------------------------------------------------------
                         slack                                 -2.941    

Slack (VIOLATED) :        -2.941ns  (required time - arrival time)
  Source:                 memoria/ram_2k_generate.akv7.kcpsm6_rom/CLKARDCLK
                            (rising edge-triggered cell RAMB36E1 clocked by sys_clk_pin  {rise@0.000ns fall@4.000ns period=8.000ns})
  Destination:            psdatabuff_reg[5]/CE
                            (falling edge-triggered cell FDRE clocked by sys_clk_pin  {rise@0.000ns fall@4.000ns period=8.000ns})
  Path Group:             sys_clk_pin
  Path Type:              Setup (Max at Slow Process Corner)
  Requirement:            4.000ns  (sys_clk_pin fall@4.000ns - sys_clk_pin rise@0.000ns)
  Data Path Delay:        6.676ns  (logic 2.950ns (44.186%)  route 3.726ns (55.814%))
  Logic Levels:           4  (LUT4=1 LUT6=2 RAMD32=1)
  Clock Path Skew:        -0.027ns (DCD - SCD + CPR)
    Destination Clock Delay (DCD):    5.436ns = ( 9.436 - 4.000 ) 
    Source Clock Delay      (SCD):    5.887ns
    Clock Pessimism Removal (CPR):    0.423ns
  Clock Uncertainty:      0.035ns  ((TSJ^2 + TIJ^2)^1/2 + DJ) / 2 + PE
    Total System Jitter     (TSJ):    0.071ns
    Total Input Jitter      (TIJ):    0.000ns
    Discrete Jitter          (DJ):    0.000ns
    Phase Error              (PE):    0.000ns

    Location             Delay type                Incr(ns)  Path(ns)    Netlist Resource(s)
  -------------------------------------------------------------------    -------------------
                         (clock sys_clk_pin rise edge)
                                                      0.000     0.000 r  
    H16                                               0.000     0.000 r  clk_in (IN)
                         net (fo=0)                   0.000     0.000    clk_in
    H16                  IBUF (Prop_ibuf_I_O)         1.451     1.451 r  clk_in_IBUF_inst/O
                         net (fo=1, routed)           2.522     3.973    clk_in_IBUF
    BUFGCTRL_X0Y16       BUFG (Prop_bufg_I_O)         0.101     4.074 r  clk_in_IBUF_BUFG_inst/O
                         net (fo=200, routed)         1.813     5.887    memoria/clk_in_IBUF_BUFG
    RAMB36_X5Y15         RAMB36E1                                     r  memoria/ram_2k_generate.akv7.kcpsm6_rom/CLKARDCLK
  -------------------------------------------------------------------    -------------------
    RAMB36_X5Y15         RAMB36E1 (Prop_ramb36e1_CLKARDCLK_DOADO[4])
                                                      2.454     8.341 r  memoria/ram_2k_generate.akv7.kcpsm6_rom/DOADO[4]
                         net (fo=14, routed)          1.362     9.703    processzor/lower_reg_banks/ADDRA0
    SLICE_X104Y78        RAMD32 (Prop_ramd32_RADR0_O)
                                                      0.124     9.827 f  processzor/lower_reg_banks/RAMA_D1/O
                         net (fo=3, routed)           0.819    10.646    processzor/data_path_loop[0].output_data.sy_kk_mux_lut/I2
    SLICE_X103Y78        LUT6 (Prop_lut6_I2_O)        0.124    10.770 f  processzor/data_path_loop[0].output_data.sy_kk_mux_lut/LUT6/O
                         net (fo=23, routed)          0.876    11.646    processzor/portid[1]
    SLICE_X107Y80        LUT4 (Prop_lut4_I2_O)        0.124    11.770 r  processzor/data_width_loop[0].storage_srl_i_2_comp/O
                         net (fo=2, routed)           0.480    12.249    processzor/data_width_loop[0].storage_srl_i_2_n_0_repN
    SLICE_X106Y79        LUT6 (Prop_lut6_I5_O)        0.124    12.373 r  processzor/psdatabuff[7]_i_1_comp/O
                         net (fo=5, routed)           0.190    12.563    psdatabuff0
    SLICE_X106Y79        FDRE                                         r  psdatabuff_reg[5]/CE
  -------------------------------------------------------------------    -------------------

                         (clock sys_clk_pin fall edge)
                                                      4.000     4.000 f  
    H16                                               0.000     4.000 f  clk_in (IN)
                         net (fo=0)                   0.000     4.000    clk_in
    H16                  IBUF (Prop_ibuf_I_O)         1.380     5.380 f  clk_in_IBUF_inst/O
                         net (fo=1, routed)           2.293     7.673    clk_in_IBUF
    BUFGCTRL_X0Y16       BUFG (Prop_bufg_I_O)         0.091     7.764 f  clk_in_IBUF_BUFG_inst/O
                         net (fo=200, routed)         1.672     9.436    clk_in_IBUF_BUFG
    SLICE_X106Y79        FDRE                                         r  psdatabuff_reg[5]/C  (IS_INVERTED)
                         clock pessimism              0.423     9.860    
                         clock uncertainty           -0.035     9.824    
    SLICE_X106Y79        FDRE (Setup_fdre_C_CE)      -0.202     9.622    psdatabuff_reg[5]
  -------------------------------------------------------------------
                         required time                          9.622    
                         arrival time                         -12.563    
  -------------------------------------------------------------------
                         slack                                 -2.941    





Min Delay Paths
--------------------------------------------------------------------------------------
Slack (MET) :             0.112ns  (arrival time - required time)
  Source:                 processzor/address_loop[2].pc_flop/C
                            (rising edge-triggered cell FDRE clocked by sys_clk_pin  {rise@0.000ns fall@4.000ns period=8.000ns})
  Destination:            processzor/stack_ram_low/RAMD/I
                            (rising edge-triggered cell RAMS32 clocked by sys_clk_pin  {rise@0.000ns fall@4.000ns period=8.000ns})
  Path Group:             sys_clk_pin
  Path Type:              Hold (Min at Fast Process Corner)
  Requirement:            0.000ns  (sys_clk_pin rise@0.000ns - sys_clk_pin rise@0.000ns)
  Data Path Delay:        0.269ns  (logic 0.141ns (52.386%)  route 0.128ns (47.614%))
  Logic Levels:           0  
  Clock Path Skew:        0.013ns (DCD - SCD - CPR)
    Destination Clock Delay (DCD):    2.232ns
    Source Clock Delay      (SCD):    1.709ns
    Clock Pessimism Removal (CPR):    0.510ns

    Location             Delay type                Incr(ns)  Path(ns)    Netlist Resource(s)
  -------------------------------------------------------------------    -------------------
                         (clock sys_clk_pin rise edge)
                                                      0.000     0.000 r  
    H16                                               0.000     0.000 r  clk_in (IN)
                         net (fo=0)                   0.000     0.000    clk_in
    H16                  IBUF (Prop_ibuf_I_O)         0.219     0.219 r  clk_in_IBUF_inst/O
                         net (fo=1, routed)           0.842     1.060    clk_in_IBUF
    BUFGCTRL_X0Y16       BUFG (Prop_bufg_I_O)         0.026     1.086 r  clk_in_IBUF_BUFG_inst/O
                         net (fo=200, routed)         0.623     1.709    processzor/clk_in_IBUF_BUFG
    SLICE_X106Y76        FDRE                                         r  processzor/address_loop[2].pc_flop/C
  -------------------------------------------------------------------    -------------------
    SLICE_X106Y76        FDRE (Prop_fdre_C_Q)         0.141     1.850 r  processzor/address_loop[2].pc_flop/Q
                         net (fo=3, routed)           0.128     1.978    processzor/stack_ram_low/DID0
    SLICE_X108Y76        RAMS32                                       r  processzor/stack_ram_low/RAMD/I
  -------------------------------------------------------------------    -------------------

                         (clock sys_clk_pin rise edge)
                                                      0.000     0.000 r  
    H16                                               0.000     0.000 r  clk_in (IN)
                         net (fo=0)                   0.000     0.000    clk_in
    H16                  IBUF (Prop_ibuf_I_O)         0.406     0.406 r  clk_in_IBUF_inst/O
                         net (fo=1, routed)           0.907     1.313    clk_in_IBUF
    BUFGCTRL_X0Y16       BUFG (Prop_bufg_I_O)         0.029     1.342 r  clk_in_IBUF_BUFG_inst/O
                         net (fo=200, routed)         0.890     2.232    processzor/stack_ram_low/WCLK
    SLICE_X108Y76        RAMS32                                       r  processzor/stack_ram_low/RAMD/CLK
                         clock pessimism             -0.510     1.722    
    SLICE_X108Y76        RAMS32 (Hold_rams32_CLK_I)
                                                      0.144     1.866    processzor/stack_ram_low/RAMD
  -------------------------------------------------------------------
                         required time                         -1.866    
                         arrival time                           1.978    
  -------------------------------------------------------------------
                         slack                                  0.112    

Slack (MET) :             0.121ns  (arrival time - required time)
  Source:                 processzor/stack_loop[4].upper_stack.pointer_flop/C
                            (rising edge-triggered cell FDRE clocked by sys_clk_pin  {rise@0.000ns fall@4.000ns period=8.000ns})
  Destination:            processzor/stack_ram_low/RAMA/WADR4
                            (rising edge-triggered cell RAMD32 clocked by sys_clk_pin  {rise@0.000ns fall@4.000ns period=8.000ns})
  Path Group:             sys_clk_pin
  Path Type:              Hold (Min at Fast Process Corner)
  Requirement:            0.000ns  (sys_clk_pin rise@0.000ns - sys_clk_pin rise@0.000ns)
  Data Path Delay:        0.335ns  (logic 0.164ns (49.006%)  route 0.171ns (50.994%))
  Logic Levels:           0  
  Clock Path Skew:        0.014ns (DCD - SCD - CPR)
    Destination Clock Delay (DCD):    2.232ns
    Source Clock Delay      (SCD):    1.708ns
    Clock Pessimism Removal (CPR):    0.510ns

    Location             Delay type                Incr(ns)  Path(ns)    Netlist Resource(s)
  -------------------------------------------------------------------    -------------------
                         (clock sys_clk_pin rise edge)
                                                      0.000     0.000 r  
    H16                                               0.000     0.000 r  clk_in (IN)
                         net (fo=0)                   0.000     0.000    clk_in
    H16                  IBUF (Prop_ibuf_I_O)         0.219     0.219 r  clk_in_IBUF_inst/O
                         net (fo=1, routed)           0.842     1.060    clk_in_IBUF
    BUFGCTRL_X0Y16       BUFG (Prop_bufg_I_O)         0.026     1.086 r  clk_in_IBUF_BUFG_inst/O
                         net (fo=200, routed)         0.622     1.708    processzor/clk_in_IBUF_BUFG
    SLICE_X108Y75        FDRE                                         r  processzor/stack_loop[4].upper_stack.pointer_flop/C
  -------------------------------------------------------------------    -------------------
    SLICE_X108Y75        FDRE (Prop_fdre_C_Q)         0.164     1.872 r  processzor/stack_loop[4].upper_stack.pointer_flop/Q
                         net (fo=30, routed)          0.171     2.043    processzor/stack_ram_low/ADDRD4
    SLICE_X108Y76        RAMD32                                       r  processzor/stack_ram_low/RAMA/WADR4
  -------------------------------------------------------------------    -------------------

                         (clock sys_clk_pin rise edge)
                                                      0.000     0.000 r  
    H16                                               0.000     0.000 r  clk_in (IN)
                         net (fo=0)                   0.000     0.000    clk_in
    H16                  IBUF (Prop_ibuf_I_O)         0.406     0.406 r  clk_in_IBUF_inst/O
                         net (fo=1, routed)           0.907     1.313    clk_in_IBUF
    BUFGCTRL_X0Y16       BUFG (Prop_bufg_I_O)         0.029     1.342 r  clk_in_IBUF_BUFG_inst/O
                         net (fo=200, routed)         0.890     2.232    processzor/stack_ram_low/WCLK
    SLICE_X108Y76        RAMD32                                       r  processzor/stack_ram_low/RAMA/CLK
                         clock pessimism             -0.510     1.722    
    SLICE_X108Y76        RAMD32 (Hold_ramd32_CLK_WADR4)
                                                      0.200     1.922    processzor/stack_ram_low/RAMA
  -------------------------------------------------------------------
                         required time                         -1.922    
                         arrival time                           2.043    
  -------------------------------------------------------------------
                         slack                                  0.121    

Slack (MET) :             0.121ns  (arrival time - required time)
  Source:                 processzor/stack_loop[4].upper_stack.pointer_flop/C
                            (rising edge-triggered cell FDRE clocked by sys_clk_pin  {rise@0.000ns fall@4.000ns period=8.000ns})
  Destination:            processzor/stack_ram_low/RAMA_D1/WADR4
                            (rising edge-triggered cell RAMD32 clocked by sys_clk_pin  {rise@0.000ns fall@4.000ns period=8.000ns})
  Path Group:             sys_clk_pin
  Path Type:              Hold (Min at Fast Process Corner)
  Requirement:            0.000ns  (sys_clk_pin rise@0.000ns - sys_clk_pin rise@0.000ns)
  Data Path Delay:        0.335ns  (logic 0.164ns (49.006%)  route 0.171ns (50.994%))
  Logic Levels:           0  
  Clock Path Skew:        0.014ns (DCD - SCD - CPR)
    Destination Clock Delay (DCD):    2.232ns
    Source Clock Delay      (SCD):    1.708ns
    Clock Pessimism Removal (CPR):    0.510ns

    Location             Delay type                Incr(ns)  Path(ns)    Netlist Resource(s)
  -------------------------------------------------------------------    -------------------
                         (clock sys_clk_pin rise edge)
                                                      0.000     0.000 r  
    H16                                               0.000     0.000 r  clk_in (IN)
                         net (fo=0)                   0.000     0.000    clk_in
    H16                  IBUF (Prop_ibuf_I_O)         0.219     0.219 r  clk_in_IBUF_inst/O
                         net (fo=1, routed)           0.842     1.060    clk_in_IBUF
    BUFGCTRL_X0Y16       BUFG (Prop_bufg_I_O)         0.026     1.086 r  clk_in_IBUF_BUFG_inst/O
                         net (fo=200, routed)         0.622     1.708    processzor/clk_in_IBUF_BUFG
    SLICE_X108Y75        FDRE                                         r  processzor/stack_loop[4].upper_stack.pointer_flop/C
  -------------------------------------------------------------------    -------------------
    SLICE_X108Y75        FDRE (Prop_fdre_C_Q)         0.164     1.872 r  processzor/stack_loop[4].upper_stack.pointer_flop/Q
                         net (fo=30, routed)          0.171     2.043    processzor/stack_ram_low/ADDRD4
    SLICE_X108Y76        RAMD32                                       r  processzor/stack_ram_low/RAMA_D1/WADR4
  -------------------------------------------------------------------    -------------------

                         (clock sys_clk_pin rise edge)
                                                      0.000     0.000 r  
    H16                                               0.000     0.000 r  clk_in (IN)
                         net (fo=0)                   0.000     0.000    clk_in
    H16                  IBUF (Prop_ibuf_I_O)         0.406     0.406 r  clk_in_IBUF_inst/O
                         net (fo=1, routed)           0.907     1.313    clk_in_IBUF
    BUFGCTRL_X0Y16       BUFG (Prop_bufg_I_O)         0.029     1.342 r  clk_in_IBUF_BUFG_inst/O
                         net (fo=200, routed)         0.890     2.232    processzor/stack_ram_low/WCLK
    SLICE_X108Y76        RAMD32                                       r  processzor/stack_ram_low/RAMA_D1/CLK
                         clock pessimism             -0.510     1.722    
    SLICE_X108Y76        RAMD32 (Hold_ramd32_CLK_WADR4)
                                                      0.200     1.922    processzor/stack_ram_low/RAMA_D1
  -------------------------------------------------------------------
                         required time                         -1.922    
                         arrival time                           2.043    
  -------------------------------------------------------------------
                         slack                                  0.121    

Slack (MET) :             0.121ns  (arrival time - required time)
  Source:                 processzor/stack_loop[4].upper_stack.pointer_flop/C
                            (rising edge-triggered cell FDRE clocked by sys_clk_pin  {rise@0.000ns fall@4.000ns period=8.000ns})
  Destination:            processzor/stack_ram_low/RAMB/WADR4
                            (rising edge-triggered cell RAMD32 clocked by sys_clk_pin  {rise@0.000ns fall@4.000ns period=8.000ns})
  Path Group:             sys_clk_pin
  Path Type:              Hold (Min at Fast Process Corner)
  Requirement:            0.000ns  (sys_clk_pin rise@0.000ns - sys_clk_pin rise@0.000ns)
  Data Path Delay:        0.335ns  (logic 0.164ns (49.006%)  route 0.171ns (50.994%))
  Logic Levels:           0  
  Clock Path Skew:        0.014ns (DCD - SCD - CPR)
    Destination Clock Delay (DCD):    2.232ns
    Source Clock Delay      (SCD):    1.708ns
    Clock Pessimism Removal (CPR):    0.510ns

    Location             Delay type                Incr(ns)  Path(ns)    Netlist Resource(s)
  -------------------------------------------------------------------    -------------------
                         (clock sys_clk_pin rise edge)
                                                      0.000     0.000 r  
    H16                                               0.000     0.000 r  clk_in (IN)
                         net (fo=0)                   0.000     0.000    clk_in
    H16                  IBUF (Prop_ibuf_I_O)         0.219     0.219 r  clk_in_IBUF_inst/O
                         net (fo=1, routed)           0.842     1.060    clk_in_IBUF
    BUFGCTRL_X0Y16       BUFG (Prop_bufg_I_O)         0.026     1.086 r  clk_in_IBUF_BUFG_inst/O
                         net (fo=200, routed)         0.622     1.708    processzor/clk_in_IBUF_BUFG
    SLICE_X108Y75        FDRE                                         r  processzor/stack_loop[4].upper_stack.pointer_flop/C
  -------------------------------------------------------------------    -------------------
    SLICE_X108Y75        FDRE (Prop_fdre_C_Q)         0.164     1.872 r  processzor/stack_loop[4].upper_stack.pointer_flop/Q
                         net (fo=30, routed)          0.171     2.043    processzor/stack_ram_low/ADDRD4
    SLICE_X108Y76        RAMD32                                       r  processzor/stack_ram_low/RAMB/WADR4
  -------------------------------------------------------------------    -------------------

                         (clock sys_clk_pin rise edge)
                                                      0.000     0.000 r  
    H16                                               0.000     0.000 r  clk_in (IN)
                         net (fo=0)                   0.000     0.000    clk_in
    H16                  IBUF (Prop_ibuf_I_O)         0.406     0.406 r  clk_in_IBUF_inst/O
                         net (fo=1, routed)           0.907     1.313    clk_in_IBUF
    BUFGCTRL_X0Y16       BUFG (Prop_bufg_I_O)         0.029     1.342 r  clk_in_IBUF_BUFG_inst/O
                         net (fo=200, routed)         0.890     2.232    processzor/stack_ram_low/WCLK
    SLICE_X108Y76        RAMD32                                       r  processzor/stack_ram_low/RAMB/CLK
                         clock pessimism             -0.510     1.722    
    SLICE_X108Y76        RAMD32 (Hold_ramd32_CLK_WADR4)
                                                      0.200     1.922    processzor/stack_ram_low/RAMB
  -------------------------------------------------------------------
                         required time                         -1.922    
                         arrival time                           2.043    
  -------------------------------------------------------------------
                         slack                                  0.121    

Slack (MET) :             0.121ns  (arrival time - required time)
  Source:                 processzor/stack_loop[4].upper_stack.pointer_flop/C
                            (rising edge-triggered cell FDRE clocked by sys_clk_pin  {rise@0.000ns fall@4.000ns period=8.000ns})
  Destination:            processzor/stack_ram_low/RAMB_D1/WADR4
                            (rising edge-triggered cell RAMD32 clocked by sys_clk_pin  {rise@0.000ns fall@4.000ns period=8.000ns})
  Path Group:             sys_clk_pin
  Path Type:              Hold (Min at Fast Process Corner)
  Requirement:            0.000ns  (sys_clk_pin rise@0.000ns - sys_clk_pin rise@0.000ns)
  Data Path Delay:        0.335ns  (logic 0.164ns (49.006%)  route 0.171ns (50.994%))
  Logic Levels:           0  
  Clock Path Skew:        0.014ns (DCD - SCD - CPR)
    Destination Clock Delay (DCD):    2.232ns
    Source Clock Delay      (SCD):    1.708ns
    Clock Pessimism Removal (CPR):    0.510ns

    Location             Delay type                Incr(ns)  Path(ns)    Netlist Resource(s)
  -------------------------------------------------------------------    -------------------
                         (clock sys_clk_pin rise edge)
                                                      0.000     0.000 r  
    H16                                               0.000     0.000 r  clk_in (IN)
                         net (fo=0)                   0.000     0.000    clk_in
    H16                  IBUF (Prop_ibuf_I_O)         0.219     0.219 r  clk_in_IBUF_inst/O
                         net (fo=1, routed)           0.842     1.060    clk_in_IBUF
    BUFGCTRL_X0Y16       BUFG (Prop_bufg_I_O)         0.026     1.086 r  clk_in_IBUF_BUFG_inst/O
                         net (fo=200, routed)         0.622     1.708    processzor/clk_in_IBUF_BUFG
    SLICE_X108Y75        FDRE                                         r  processzor/stack_loop[4].upper_stack.pointer_flop/C
  -------------------------------------------------------------------    -------------------
    SLICE_X108Y75        FDRE (Prop_fdre_C_Q)         0.164     1.872 r  processzor/stack_loop[4].upper_stack.pointer_flop/Q
                         net (fo=30, routed)          0.171     2.043    processzor/stack_ram_low/ADDRD4
    SLICE_X108Y76        RAMD32                                       r  processzor/stack_ram_low/RAMB_D1/WADR4
  -------------------------------------------------------------------    -------------------

                         (clock sys_clk_pin rise edge)
                                                      0.000     0.000 r  
    H16                                               0.000     0.000 r  clk_in (IN)
                         net (fo=0)                   0.000     0.000    clk_in
    H16                  IBUF (Prop_ibuf_I_O)         0.406     0.406 r  clk_in_IBUF_inst/O
                         net (fo=1, routed)           0.907     1.313    clk_in_IBUF
    BUFGCTRL_X0Y16       BUFG (Prop_bufg_I_O)         0.029     1.342 r  clk_in_IBUF_BUFG_inst/O
                         net (fo=200, routed)         0.890     2.232    processzor/stack_ram_low/WCLK
    SLICE_X108Y76        RAMD32                                       r  processzor/stack_ram_low/RAMB_D1/CLK
                         clock pessimism             -0.510     1.722    
    SLICE_X108Y76        RAMD32 (Hold_ramd32_CLK_WADR4)
                                                      0.200     1.922    processzor/stack_ram_low/RAMB_D1
  -------------------------------------------------------------------
                         required time                         -1.922    
                         arrival time                           2.043    
  -------------------------------------------------------------------
                         slack                                  0.121    

Slack (MET) :             0.121ns  (arrival time - required time)
  Source:                 processzor/stack_loop[4].upper_stack.pointer_flop/C
                            (rising edge-triggered cell FDRE clocked by sys_clk_pin  {rise@0.000ns fall@4.000ns period=8.000ns})
  Destination:            processzor/stack_ram_low/RAMC/WADR4
                            (rising edge-triggered cell RAMD32 clocked by sys_clk_pin  {rise@0.000ns fall@4.000ns period=8.000ns})
  Path Group:             sys_clk_pin
  Path Type:              Hold (Min at Fast Process Corner)
  Requirement:            0.000ns  (sys_clk_pin rise@0.000ns - sys_clk_pin rise@0.000ns)
  Data Path Delay:        0.335ns  (logic 0.164ns (49.006%)  route 0.171ns (50.994%))
  Logic Levels:           0  
  Clock Path Skew:        0.014ns (DCD - SCD - CPR)
    Destination Clock Delay (DCD):    2.232ns
    Source Clock Delay      (SCD):    1.708ns
    Clock Pessimism Removal (CPR):    0.510ns

    Location             Delay type                Incr(ns)  Path(ns)    Netlist Resource(s)
  -------------------------------------------------------------------    -------------------
                         (clock sys_clk_pin rise edge)
                                                      0.000     0.000 r  
    H16                                               0.000     0.000 r  clk_in (IN)
                         net (fo=0)                   0.000     0.000    clk_in
    H16                  IBUF (Prop_ibuf_I_O)         0.219     0.219 r  clk_in_IBUF_inst/O
                         net (fo=1, routed)           0.842     1.060    clk_in_IBUF
    BUFGCTRL_X0Y16       BUFG (Prop_bufg_I_O)         0.026     1.086 r  clk_in_IBUF_BUFG_inst/O
                         net (fo=200, routed)         0.622     1.708    processzor/clk_in_IBUF_BUFG
    SLICE_X108Y75        FDRE                                         r  processzor/stack_loop[4].upper_stack.pointer_flop/C
  -------------------------------------------------------------------    -------------------
    SLICE_X108Y75        FDRE (Prop_fdre_C_Q)         0.164     1.872 r  processzor/stack_loop[4].upper_stack.pointer_flop/Q
                         net (fo=30, routed)          0.171     2.043    processzor/stack_ram_low/ADDRD4
    SLICE_X108Y76        RAMD32                                       r  processzor/stack_ram_low/RAMC/WADR4
  -------------------------------------------------------------------    -------------------

                         (clock sys_clk_pin rise edge)
                                                      0.000     0.000 r  
    H16                                               0.000     0.000 r  clk_in (IN)
                         net (fo=0)                   0.000     0.000    clk_in
    H16                  IBUF (Prop_ibuf_I_O)         0.406     0.406 r  clk_in_IBUF_inst/O
                         net (fo=1, routed)           0.907     1.313    clk_in_IBUF
    BUFGCTRL_X0Y16       BUFG (Prop_bufg_I_O)         0.029     1.342 r  clk_in_IBUF_BUFG_inst/O
                         net (fo=200, routed)         0.890     2.232    processzor/stack_ram_low/WCLK
    SLICE_X108Y76        RAMD32                                       r  processzor/stack_ram_low/RAMC/CLK
                         clock pessimism             -0.510     1.722    
    SLICE_X108Y76        RAMD32 (Hold_ramd32_CLK_WADR4)
                                                      0.200     1.922    processzor/stack_ram_low/RAMC
  -------------------------------------------------------------------
                         required time                         -1.922    
                         arrival time                           2.043    
  -------------------------------------------------------------------
                         slack                                  0.121    

Slack (MET) :             0.121ns  (arrival time - required time)
  Source:                 processzor/stack_loop[4].upper_stack.pointer_flop/C
                            (rising edge-triggered cell FDRE clocked by sys_clk_pin  {rise@0.000ns fall@4.000ns period=8.000ns})
  Destination:            processzor/stack_ram_low/RAMC_D1/WADR4
                            (rising edge-triggered cell RAMD32 clocked by sys_clk_pin  {rise@0.000ns fall@4.000ns period=8.000ns})
  Path Group:             sys_clk_pin
  Path Type:              Hold (Min at Fast Process Corner)
  Requirement:            0.000ns  (sys_clk_pin rise@0.000ns - sys_clk_pin rise@0.000ns)
  Data Path Delay:        0.335ns  (logic 0.164ns (49.006%)  route 0.171ns (50.994%))
  Logic Levels:           0  
  Clock Path Skew:        0.014ns (DCD - SCD - CPR)
    Destination Clock Delay (DCD):    2.232ns
    Source Clock Delay      (SCD):    1.708ns
    Clock Pessimism Removal (CPR):    0.510ns

    Location             Delay type                Incr(ns)  Path(ns)    Netlist Resource(s)
  -------------------------------------------------------------------    -------------------
                         (clock sys_clk_pin rise edge)
                                                      0.000     0.000 r  
    H16                                               0.000     0.000 r  clk_in (IN)
                         net (fo=0)                   0.000     0.000    clk_in
    H16                  IBUF (Prop_ibuf_I_O)         0.219     0.219 r  clk_in_IBUF_inst/O
                         net (fo=1, routed)           0.842     1.060    clk_in_IBUF
    BUFGCTRL_X0Y16       BUFG (Prop_bufg_I_O)         0.026     1.086 r  clk_in_IBUF_BUFG_inst/O
                         net (fo=200, routed)         0.622     1.708    processzor/clk_in_IBUF_BUFG
    SLICE_X108Y75        FDRE                                         r  processzor/stack_loop[4].upper_stack.pointer_flop/C
  -------------------------------------------------------------------    -------------------
    SLICE_X108Y75        FDRE (Prop_fdre_C_Q)         0.164     1.872 r  processzor/stack_loop[4].upper_stack.pointer_flop/Q
                         net (fo=30, routed)          0.171     2.043    processzor/stack_ram_low/ADDRD4
    SLICE_X108Y76        RAMD32                                       r  processzor/stack_ram_low/RAMC_D1/WADR4
  -------------------------------------------------------------------    -------------------

                         (clock sys_clk_pin rise edge)
                                                      0.000     0.000 r  
    H16                                               0.000     0.000 r  clk_in (IN)
                         net (fo=0)                   0.000     0.000    clk_in
    H16                  IBUF (Prop_ibuf_I_O)         0.406     0.406 r  clk_in_IBUF_inst/O
                         net (fo=1, routed)           0.907     1.313    clk_in_IBUF
    BUFGCTRL_X0Y16       BUFG (Prop_bufg_I_O)         0.029     1.342 r  clk_in_IBUF_BUFG_inst/O
                         net (fo=200, routed)         0.890     2.232    processzor/stack_ram_low/WCLK
    SLICE_X108Y76        RAMD32                                       r  processzor/stack_ram_low/RAMC_D1/CLK
                         clock pessimism             -0.510     1.722    
    SLICE_X108Y76        RAMD32 (Hold_ramd32_CLK_WADR4)
                                                      0.200     1.922    processzor/stack_ram_low/RAMC_D1
  -------------------------------------------------------------------
                         required time                         -1.922    
                         arrival time                           2.043    
  -------------------------------------------------------------------
                         slack                                  0.121    

Slack (MET) :             0.121ns  (arrival time - required time)
  Source:                 processzor/stack_loop[4].upper_stack.pointer_flop/C
                            (rising edge-triggered cell FDRE clocked by sys_clk_pin  {rise@0.000ns fall@4.000ns period=8.000ns})
  Destination:            processzor/stack_ram_low/RAMD/ADR4
                            (rising edge-triggered cell RAMS32 clocked by sys_clk_pin  {rise@0.000ns fall@4.000ns period=8.000ns})
  Path Group:             sys_clk_pin
  Path Type:              Hold (Min at Fast Process Corner)
  Requirement:            0.000ns  (sys_clk_pin rise@0.000ns - sys_clk_pin rise@0.000ns)
  Data Path Delay:        0.335ns  (logic 0.164ns (49.006%)  route 0.171ns (50.994%))
  Logic Levels:           0  
  Clock Path Skew:        0.014ns (DCD - SCD - CPR)
    Destination Clock Delay (DCD):    2.232ns
    Source Clock Delay      (SCD):    1.708ns
    Clock Pessimism Removal (CPR):    0.510ns

    Location             Delay type                Incr(ns)  Path(ns)    Netlist Resource(s)
  -------------------------------------------------------------------    -------------------
                         (clock sys_clk_pin rise edge)
                                                      0.000     0.000 r  
    H16                                               0.000     0.000 r  clk_in (IN)
                         net (fo=0)                   0.000     0.000    clk_in
    H16                  IBUF (Prop_ibuf_I_O)         0.219     0.219 r  clk_in_IBUF_inst/O
                         net (fo=1, routed)           0.842     1.060    clk_in_IBUF
    BUFGCTRL_X0Y16       BUFG (Prop_bufg_I_O)         0.026     1.086 r  clk_in_IBUF_BUFG_inst/O
                         net (fo=200, routed)         0.622     1.708    processzor/clk_in_IBUF_BUFG
    SLICE_X108Y75        FDRE                                         r  processzor/stack_loop[4].upper_stack.pointer_flop/C
  -------------------------------------------------------------------    -------------------
    SLICE_X108Y75        FDRE (Prop_fdre_C_Q)         0.164     1.872 r  processzor/stack_loop[4].upper_stack.pointer_flop/Q
                         net (fo=30, routed)          0.171     2.043    processzor/stack_ram_low/ADDRD4
    SLICE_X108Y76        RAMS32                                       r  processzor/stack_ram_low/RAMD/ADR4
  -------------------------------------------------------------------    -------------------

                         (clock sys_clk_pin rise edge)
                                                      0.000     0.000 r  
    H16                                               0.000     0.000 r  clk_in (IN)
                         net (fo=0)                   0.000     0.000    clk_in
    H16                  IBUF (Prop_ibuf_I_O)         0.406     0.406 r  clk_in_IBUF_inst/O
                         net (fo=1, routed)           0.907     1.313    clk_in_IBUF
    BUFGCTRL_X0Y16       BUFG (Prop_bufg_I_O)         0.029     1.342 r  clk_in_IBUF_BUFG_inst/O
                         net (fo=200, routed)         0.890     2.232    processzor/stack_ram_low/WCLK
    SLICE_X108Y76        RAMS32                                       r  processzor/stack_ram_low/RAMD/CLK
                         clock pessimism             -0.510     1.722    
    SLICE_X108Y76        RAMS32 (Hold_rams32_CLK_ADR4)
                                                      0.200     1.922    processzor/stack_ram_low/RAMD
  -------------------------------------------------------------------
                         required time                         -1.922    
                         arrival time                           2.043    
  -------------------------------------------------------------------
                         slack                                  0.121    

Slack (MET) :             0.121ns  (arrival time - required time)
  Source:                 processzor/stack_loop[4].upper_stack.pointer_flop/C
                            (rising edge-triggered cell FDRE clocked by sys_clk_pin  {rise@0.000ns fall@4.000ns period=8.000ns})
  Destination:            processzor/stack_ram_low/RAMD_D1/ADR4
                            (rising edge-triggered cell RAMS32 clocked by sys_clk_pin  {rise@0.000ns fall@4.000ns period=8.000ns})
  Path Group:             sys_clk_pin
  Path Type:              Hold (Min at Fast Process Corner)
  Requirement:            0.000ns  (sys_clk_pin rise@0.000ns - sys_clk_pin rise@0.000ns)
  Data Path Delay:        0.335ns  (logic 0.164ns (49.006%)  route 0.171ns (50.994%))
  Logic Levels:           0  
  Clock Path Skew:        0.014ns (DCD - SCD - CPR)
    Destination Clock Delay (DCD):    2.232ns
    Source Clock Delay      (SCD):    1.708ns
    Clock Pessimism Removal (CPR):    0.510ns

    Location             Delay type                Incr(ns)  Path(ns)    Netlist Resource(s)
  -------------------------------------------------------------------    -------------------
                         (clock sys_clk_pin rise edge)
                                                      0.000     0.000 r  
    H16                                               0.000     0.000 r  clk_in (IN)
                         net (fo=0)                   0.000     0.000    clk_in
    H16                  IBUF (Prop_ibuf_I_O)         0.219     0.219 r  clk_in_IBUF_inst/O
                         net (fo=1, routed)           0.842     1.060    clk_in_IBUF
    BUFGCTRL_X0Y16       BUFG (Prop_bufg_I_O)         0.026     1.086 r  clk_in_IBUF_BUFG_inst/O
                         net (fo=200, routed)         0.622     1.708    processzor/clk_in_IBUF_BUFG
    SLICE_X108Y75        FDRE                                         r  processzor/stack_loop[4].upper_stack.pointer_flop/C
  -------------------------------------------------------------------    -------------------
    SLICE_X108Y75        FDRE (Prop_fdre_C_Q)         0.164     1.872 r  processzor/stack_loop[4].upper_stack.pointer_flop/Q
                         net (fo=30, routed)          0.171     2.043    processzor/stack_ram_low/ADDRD4
    SLICE_X108Y76        RAMS32                                       r  processzor/stack_ram_low/RAMD_D1/ADR4
  -------------------------------------------------------------------    -------------------

                         (clock sys_clk_pin rise edge)
                                                      0.000     0.000 r  
    H16                                               0.000     0.000 r  clk_in (IN)
                         net (fo=0)                   0.000     0.000    clk_in
    H16                  IBUF (Prop_ibuf_I_O)         0.406     0.406 r  clk_in_IBUF_inst/O
                         net (fo=1, routed)           0.907     1.313    clk_in_IBUF
    BUFGCTRL_X0Y16       BUFG (Prop_bufg_I_O)         0.029     1.342 r  clk_in_IBUF_BUFG_inst/O
                         net (fo=200, routed)         0.890     2.232    processzor/stack_ram_low/WCLK
    SLICE_X108Y76        RAMS32                                       r  processzor/stack_ram_low/RAMD_D1/CLK
                         clock pessimism             -0.510     1.722    
    SLICE_X108Y76        RAMS32 (Hold_rams32_CLK_ADR4)
                                                      0.200     1.922    processzor/stack_ram_low/RAMD_D1
  -------------------------------------------------------------------
                         required time                         -1.922    
                         arrival time                           2.043    
  -------------------------------------------------------------------
                         slack                                  0.121    

Slack (MET) :             0.121ns  (arrival time - required time)
  Source:                 processzor/carry_flag_flop/C
                            (rising edge-triggered cell FDRE clocked by sys_clk_pin  {rise@0.000ns fall@4.000ns period=8.000ns})
  Destination:            processzor/stack_ram_low/RAMA/I
                            (rising edge-triggered cell RAMD32 clocked by sys_clk_pin  {rise@0.000ns fall@4.000ns period=8.000ns})
  Path Group:             sys_clk_pin
  Path Type:              Hold (Min at Fast Process Corner)
  Requirement:            0.000ns  (sys_clk_pin rise@0.000ns - sys_clk_pin rise@0.000ns)
  Data Path Delay:        0.279ns  (logic 0.141ns (50.548%)  route 0.138ns (49.452%))
  Logic Levels:           0  
  Clock Path Skew:        0.011ns (DCD - SCD - CPR)
    Destination Clock Delay (DCD):    2.232ns
    Source Clock Delay      (SCD):    1.711ns
    Clock Pessimism Removal (CPR):    0.510ns

    Location             Delay type                Incr(ns)  Path(ns)    Netlist Resource(s)
  -------------------------------------------------------------------    -------------------
                         (clock sys_clk_pin rise edge)
                                                      0.000     0.000 r  
    H16                                               0.000     0.000 r  clk_in (IN)
                         net (fo=0)                   0.000     0.000    clk_in
    H16                  IBUF (Prop_ibuf_I_O)         0.219     0.219 r  clk_in_IBUF_inst/O
                         net (fo=1, routed)           0.842     1.060    clk_in_IBUF
    BUFGCTRL_X0Y16       BUFG (Prop_bufg_I_O)         0.026     1.086 r  clk_in_IBUF_BUFG_inst/O
                         net (fo=200, routed)         0.625     1.711    processzor/clk_in_IBUF_BUFG
    SLICE_X107Y77        FDRE                                         r  processzor/carry_flag_flop/C
  -------------------------------------------------------------------    -------------------
    SLICE_X107Y77        FDRE (Prop_fdre_C_Q)         0.141     1.852 r  processzor/carry_flag_flop/Q
                         net (fo=6, routed)           0.138     1.990    processzor/stack_ram_low/DIA0
    SLICE_X108Y76        RAMD32                                       r  processzor/stack_ram_low/RAMA/I
  -------------------------------------------------------------------    -------------------

                         (clock sys_clk_pin rise edge)
                                                      0.000     0.000 r  
    H16                                               0.000     0.000 r  clk_in (IN)
                         net (fo=0)                   0.000     0.000    clk_in
    H16                  IBUF (Prop_ibuf_I_O)         0.406     0.406 r  clk_in_IBUF_inst/O
                         net (fo=1, routed)           0.907     1.313    clk_in_IBUF
    BUFGCTRL_X0Y16       BUFG (Prop_bufg_I_O)         0.029     1.342 r  clk_in_IBUF_BUFG_inst/O
                         net (fo=200, routed)         0.890     2.232    processzor/stack_ram_low/WCLK
    SLICE_X108Y76        RAMD32                                       r  processzor/stack_ram_low/RAMA/CLK
                         clock pessimism             -0.510     1.722    
    SLICE_X108Y76        RAMD32 (Hold_ramd32_CLK_I)
                                                      0.147     1.869    processzor/stack_ram_low/RAMA
  -------------------------------------------------------------------
                         required time                         -1.869    
                         arrival time                           1.990    
  -------------------------------------------------------------------
                         slack                                  0.121    





Pulse Width Checks
--------------------------------------------------------------------------------------
Clock Name:         sys_clk_pin
Waveform(ns):       { 0.000 4.000 }
Period(ns):         8.000
Sources:            { clk_in }

Check Type        Corner  Lib Pin             Reference Pin  Required(ns)  Actual(ns)  Slack(ns)  Location        Pin
Min Period        n/a     RAMB36E1/CLKARDCLK  n/a            2.576         8.000       5.424      RAMB36_X5Y15    memoria/ram_2k_generate.akv7.kcpsm6_rom/CLKARDCLK
Min Period        n/a     BUFG/I              n/a            2.155         8.000       5.845      BUFGCTRL_X0Y16  clk_in_IBUF_BUFG_inst/I
Min Period        n/a     FDRE/C              n/a            1.000         8.000       7.000      SLICE_X110Y81   baud_count_reg[0]/C
Min Period        n/a     FDRE/C              n/a            1.000         8.000       7.000      SLICE_X110Y81   baud_count_reg[1]/C
Min Period        n/a     FDRE/C              n/a            1.000         8.000       7.000      SLICE_X111Y81   baud_count_reg[2]/C
Min Period        n/a     FDRE/C              n/a            1.000         8.000       7.000      SLICE_X110Y81   baud_count_reg[3]/C
Min Period        n/a     FDRE/C              n/a            1.000         8.000       7.000      SLICE_X110Y81   baud_count_reg[4]/C
Min Period        n/a     FDRE/C              n/a            1.000         8.000       7.000      SLICE_X111Y81   baud_count_reg[5]/C
Min Period        n/a     FDRE/C              n/a            1.000         8.000       7.000      SLICE_X111Y81   baud_count_reg[6]/C
Min Period        n/a     FDRE/C              n/a            1.000         8.000       7.000      SLICE_X113Y82   clk_count_reg[0]/C
Low Pulse Width   Slow    RAMD64E/CLK         n/a            1.250         4.000       2.750      SLICE_X102Y78   processzor/data_path_loop[0].small_spm.small_spm_ram.spm_ram/RAMA/CLK
Low Pulse Width   Fast    RAMD64E/CLK         n/a            1.250         4.000       2.750      SLICE_X102Y78   processzor/data_path_loop[0].small_spm.small_spm_ram.spm_ram/RAMA/CLK
Low Pulse Width   Slow    RAMD64E/CLK         n/a            1.250         4.000       2.750      SLICE_X102Y78   processzor/data_path_loop[0].small_spm.small_spm_ram.spm_ram/RAMB/CLK
Low Pulse Width   Fast    RAMD64E/CLK         n/a            1.250         4.000       2.750      SLICE_X102Y78   processzor/data_path_loop[0].small_spm.small_spm_ram.spm_ram/RAMB/CLK
Low Pulse Width   Slow    RAMD64E/CLK         n/a            1.250         4.000       2.750      SLICE_X102Y78   processzor/data_path_loop[0].small_spm.small_spm_ram.spm_ram/RAMC/CLK
Low Pulse Width   Fast    RAMD64E/CLK         n/a            1.250         4.000       2.750      SLICE_X102Y78   processzor/data_path_loop[0].small_spm.small_spm_ram.spm_ram/RAMC/CLK
Low Pulse Width   Slow    RAMD64E/CLK         n/a            1.250         4.000       2.750      SLICE_X102Y78   processzor/data_path_loop[0].small_spm.small_spm_ram.spm_ram/RAMD/CLK
Low Pulse Width   Fast    RAMD64E/CLK         n/a            1.250         4.000       2.750      SLICE_X102Y78   processzor/data_path_loop[0].small_spm.small_spm_ram.spm_ram/RAMD/CLK
Low Pulse Width   Slow    RAMD64E/CLK         n/a            1.250         4.000       2.750      SLICE_X104Y79   processzor/data_path_loop[4].small_spm.small_spm_ram.spm_ram/RAMA/CLK
Low Pulse Width   Fast    RAMD64E/CLK         n/a            1.250         4.000       2.750      SLICE_X104Y79   processzor/data_path_loop[4].small_spm.small_spm_ram.spm_ram/RAMA/CLK
High Pulse Width  Slow    RAMD64E/CLK         n/a            1.250         4.000       2.750      SLICE_X102Y78   processzor/data_path_loop[0].small_spm.small_spm_ram.spm_ram/RAMA/CLK
High Pulse Width  Fast    RAMD64E/CLK         n/a            1.250         4.000       2.750      SLICE_X102Y78   processzor/data_path_loop[0].small_spm.small_spm_ram.spm_ram/RAMA/CLK
High Pulse Width  Slow    RAMD64E/CLK         n/a            1.250         4.000       2.750      SLICE_X102Y78   processzor/data_path_loop[0].small_spm.small_spm_ram.spm_ram/RAMB/CLK
High Pulse Width  Fast    RAMD64E/CLK         n/a            1.250         4.000       2.750      SLICE_X102Y78   processzor/data_path_loop[0].small_spm.small_spm_ram.spm_ram/RAMB/CLK
High Pulse Width  Slow    RAMD64E/CLK         n/a            1.250         4.000       2.750      SLICE_X102Y78   processzor/data_path_loop[0].small_spm.small_spm_ram.spm_ram/RAMC/CLK
High Pulse Width  Fast    RAMD64E/CLK         n/a            1.250         4.000       2.750      SLICE_X102Y78   processzor/data_path_loop[0].small_spm.small_spm_ram.spm_ram/RAMC/CLK
High Pulse Width  Slow    RAMD64E/CLK         n/a            1.250         4.000       2.750      SLICE_X102Y78   processzor/data_path_loop[0].small_spm.small_spm_ram.spm_ram/RAMD/CLK
High Pulse Width  Fast    RAMD64E/CLK         n/a            1.250         4.000       2.750      SLICE_X102Y78   processzor/data_path_loop[0].small_spm.small_spm_ram.spm_ram/RAMD/CLK
High Pulse Width  Slow    RAMD64E/CLK         n/a            1.250         4.000       2.750      SLICE_X104Y79   processzor/data_path_loop[4].small_spm.small_spm_ram.spm_ram/RAMA/CLK
High Pulse Width  Fast    RAMD64E/CLK         n/a            1.250         4.000       2.750      SLICE_X104Y79   processzor/data_path_loop[4].small_spm.small_spm_ram.spm_ram/RAMA/CLK



--------------------------------------------------------------------------------------
Path Group:  (none)
From Clock:  
  To Clock:  

Max Delay             4 Endpoints
Min Delay             4 Endpoints
--------------------------------------------------------------------------------------


Max Delay Paths
--------------------------------------------------------------------------------------
Slack:                    inf
  Source:                 LEDsw
                            (input port)
  Destination:            led[3]
                            (output port)
  Path Group:             (none)
  Path Type:              Max at Slow Process Corner
  Data Path Delay:        10.987ns  (logic 5.483ns (49.908%)  route 5.503ns (50.092%))
  Logic Levels:           3  (IBUF=1 LUT3=1 OBUF=1)

    Location             Delay type                Incr(ns)  Path(ns)    Netlist Resource(s)
  -------------------------------------------------------------------    -------------------
    M20                                               0.000     0.000 r  LEDsw (IN)
                         net (fo=0)                   0.000     0.000    LEDsw
    M20                  IBUF (Prop_ibuf_I_O)         1.542     1.542 r  LEDsw_IBUF_inst/O
                         net (fo=4, routed)           2.873     4.416    LEDsw_IBUF
    SLICE_X107Y79        LUT3 (Prop_lut3_I1_O)        0.152     4.568 r  led_OBUF[3]_inst_i_1/O
                         net (fo=1, routed)           2.630     7.198    led_OBUF[3]
    M14                  OBUF (Prop_obuf_I_O)         3.789    10.987 r  led_OBUF[3]_inst/O
                         net (fo=0)                   0.000    10.987    led[3]
    M14                                                               r  led[3] (OUT)
  -------------------------------------------------------------------    -------------------

Slack:                    inf
  Source:                 LEDsw
                            (input port)
  Destination:            led[2]
                            (output port)
  Path Group:             (none)
  Path Type:              Max at Slow Process Corner
  Data Path Delay:        10.764ns  (logic 5.239ns (48.669%)  route 5.525ns (51.331%))
  Logic Levels:           3  (IBUF=1 LUT3=1 OBUF=1)

    Location             Delay type                Incr(ns)  Path(ns)    Netlist Resource(s)
  -------------------------------------------------------------------    -------------------
    M20                                               0.000     0.000 r  LEDsw (IN)
                         net (fo=0)                   0.000     0.000    LEDsw
    M20                  IBUF (Prop_ibuf_I_O)         1.542     1.542 r  LEDsw_IBUF_inst/O
                         net (fo=4, routed)           2.873     4.416    LEDsw_IBUF
    SLICE_X107Y79        LUT3 (Prop_lut3_I1_O)        0.124     4.540 r  led_OBUF[2]_inst_i_1/O
                         net (fo=1, routed)           2.652     7.191    led_OBUF[2]
    N16                  OBUF (Prop_obuf_I_O)         3.572    10.764 r  led_OBUF[2]_inst/O
                         net (fo=0)                   0.000    10.764    led[2]
    N16                                                               r  led[2] (OUT)
  -------------------------------------------------------------------    -------------------

Slack:                    inf
  Source:                 LEDsw
                            (input port)
  Destination:            led[0]
                            (output port)
  Path Group:             (none)
  Path Type:              Max at Slow Process Corner
  Data Path Delay:        10.196ns  (logic 5.424ns (53.197%)  route 4.772ns (46.803%))
  Logic Levels:           3  (IBUF=1 LUT3=1 OBUF=1)

    Location             Delay type                Incr(ns)  Path(ns)    Netlist Resource(s)
  -------------------------------------------------------------------    -------------------
    M20                                               0.000     0.000 r  LEDsw (IN)
                         net (fo=0)                   0.000     0.000    LEDsw
    M20                  IBUF (Prop_ibuf_I_O)         1.542     1.542 r  LEDsw_IBUF_inst/O
                         net (fo=4, routed)           2.868     4.411    LEDsw_IBUF
    SLICE_X107Y79        LUT3 (Prop_lut3_I1_O)        0.150     4.561 r  led_OBUF[0]_inst_i_1/O
                         net (fo=1, routed)           1.904     6.464    led_OBUF[0]
    R14                  OBUF (Prop_obuf_I_O)         3.732    10.196 r  led_OBUF[0]_inst/O
                         net (fo=0)                   0.000    10.196    led[0]
    R14                                                               r  led[0] (OUT)
  -------------------------------------------------------------------    -------------------

Slack:                    inf
  Source:                 LEDsw
                            (input port)
  Destination:            led[1]
                            (output port)
  Path Group:             (none)
  Path Type:              Max at Slow Process Corner
  Data Path Delay:        10.151ns  (logic 5.224ns (51.458%)  route 4.928ns (48.542%))
  Logic Levels:           3  (IBUF=1 LUT3=1 OBUF=1)

    Location             Delay type                Incr(ns)  Path(ns)    Netlist Resource(s)
  -------------------------------------------------------------------    -------------------
    M20                                               0.000     0.000 r  LEDsw (IN)
                         net (fo=0)                   0.000     0.000    LEDsw
    M20                  IBUF (Prop_ibuf_I_O)         1.542     1.542 r  LEDsw_IBUF_inst/O
                         net (fo=4, routed)           2.868     4.411    LEDsw_IBUF
    SLICE_X107Y79        LUT3 (Prop_lut3_I1_O)        0.124     4.535 r  led_OBUF[1]_inst_i_1/O
                         net (fo=1, routed)           2.059     6.594    led_OBUF[1]
    P14                  OBUF (Prop_obuf_I_O)         3.557    10.151 r  led_OBUF[1]_inst/O
                         net (fo=0)                   0.000    10.151    led[1]
    P14                                                               r  led[1] (OUT)
  -------------------------------------------------------------------    -------------------





Min Delay Paths
--------------------------------------------------------------------------------------
Slack:                    inf
  Source:                 LEDsw
                            (input port)
  Destination:            led[0]
                            (output port)
  Path Group:             (none)
  Path Type:              Min at Fast Process Corner
  Data Path Delay:        3.226ns  (logic 1.644ns (50.962%)  route 1.582ns (49.038%))
  Logic Levels:           3  (IBUF=1 LUT3=1 OBUF=1)

    Location             Delay type                Incr(ns)  Path(ns)    Netlist Resource(s)
  -------------------------------------------------------------------    -------------------
    M20                                               0.000     0.000 r  LEDsw (IN)
                         net (fo=0)                   0.000     0.000    LEDsw
    M20                  IBUF (Prop_ibuf_I_O)         0.309     0.309 r  LEDsw_IBUF_inst/O
                         net (fo=4, routed)           1.149     1.459    LEDsw_IBUF
    SLICE_X107Y79        LUT3 (Prop_lut3_I1_O)        0.042     1.501 r  led_OBUF[0]_inst_i_1/O
                         net (fo=1, routed)           0.433     1.934    led_OBUF[0]
    R14                  OBUF (Prop_obuf_I_O)         1.293     3.226 r  led_OBUF[0]_inst/O
                         net (fo=0)                   0.000     3.226    led[0]
    R14                                                               r  led[0] (OUT)
  -------------------------------------------------------------------    -------------------

Slack:                    inf
  Source:                 LEDsw
                            (input port)
  Destination:            led[1]
                            (output port)
  Path Group:             (none)
  Path Type:              Min at Fast Process Corner
  Data Path Delay:        3.262ns  (logic 1.612ns (49.431%)  route 1.650ns (50.569%))
  Logic Levels:           3  (IBUF=1 LUT3=1 OBUF=1)

    Location             Delay type                Incr(ns)  Path(ns)    Netlist Resource(s)
  -------------------------------------------------------------------    -------------------
    M20                                               0.000     0.000 r  LEDsw (IN)
                         net (fo=0)                   0.000     0.000    LEDsw
    M20                  IBUF (Prop_ibuf_I_O)         0.309     0.309 r  LEDsw_IBUF_inst/O
                         net (fo=4, routed)           1.149     1.459    LEDsw_IBUF
    SLICE_X107Y79        LUT3 (Prop_lut3_I1_O)        0.045     1.504 r  led_OBUF[1]_inst_i_1/O
                         net (fo=1, routed)           0.500     2.004    led_OBUF[1]
    P14                  OBUF (Prop_obuf_I_O)         1.258     3.262 r  led_OBUF[1]_inst/O
                         net (fo=0)                   0.000     3.262    led[1]
    P14                                                               r  led[1] (OUT)
  -------------------------------------------------------------------    -------------------

Slack:                    inf
  Source:                 LEDsw
                            (input port)
  Destination:            led[2]
                            (output port)
  Path Group:             (none)
  Path Type:              Min at Fast Process Corner
  Data Path Delay:        3.537ns  (logic 1.627ns (46.016%)  route 1.909ns (53.984%))
  Logic Levels:           3  (IBUF=1 LUT3=1 OBUF=1)

    Location             Delay type                Incr(ns)  Path(ns)    Netlist Resource(s)
  -------------------------------------------------------------------    -------------------
    M20                                               0.000     0.000 r  LEDsw (IN)
                         net (fo=0)                   0.000     0.000    LEDsw
    M20                  IBUF (Prop_ibuf_I_O)         0.309     0.309 r  LEDsw_IBUF_inst/O
                         net (fo=4, routed)           1.151     1.461    LEDsw_IBUF
    SLICE_X107Y79        LUT3 (Prop_lut3_I1_O)        0.045     1.506 r  led_OBUF[2]_inst_i_1/O
                         net (fo=1, routed)           0.758     2.264    led_OBUF[2]
    N16                  OBUF (Prop_obuf_I_O)         1.273     3.537 r  led_OBUF[2]_inst/O
                         net (fo=0)                   0.000     3.537    led[2]
    N16                                                               r  led[2] (OUT)
  -------------------------------------------------------------------    -------------------

Slack:                    inf
  Source:                 LEDsw
                            (input port)
  Destination:            led[3]
                            (output port)
  Path Group:             (none)
  Path Type:              Min at Fast Process Corner
  Data Path Delay:        3.578ns  (logic 1.701ns (47.532%)  route 1.877ns (52.468%))
  Logic Levels:           3  (IBUF=1 LUT3=1 OBUF=1)

    Location             Delay type                Incr(ns)  Path(ns)    Netlist Resource(s)
  -------------------------------------------------------------------    -------------------
    M20                                               0.000     0.000 r  LEDsw (IN)
                         net (fo=0)                   0.000     0.000    LEDsw
    M20                  IBUF (Prop_ibuf_I_O)         0.309     0.309 r  LEDsw_IBUF_inst/O
                         net (fo=4, routed)           1.151     1.461    LEDsw_IBUF
    SLICE_X107Y79        LUT3 (Prop_lut3_I1_O)        0.043     1.504 r  led_OBUF[3]_inst_i_1/O
                         net (fo=1, routed)           0.726     2.230    led_OBUF[3]
    M14                  OBUF (Prop_obuf_I_O)         1.348     3.578 r  led_OBUF[3]_inst/O
                         net (fo=0)                   0.000     3.578    led[3]
    M14                                                               r  led[3] (OUT)
  -------------------------------------------------------------------    -------------------





--------------------------------------------------------------------------------------
Path Group:  (none)
From Clock:  sys_clk_pin
  To Clock:  

Max Delay            16 Endpoints
Min Delay            16 Endpoints
--------------------------------------------------------------------------------------


Max Delay Paths
--------------------------------------------------------------------------------------
Slack:                    inf
  Source:                 psdatabuff_reg[7]/C
                            (falling edge-triggered cell FDRE clocked by sys_clk_pin  {rise@0.000ns fall@4.000ns period=8.000ns})
  Destination:            led[3]
                            (output port)
  Path Group:             (none)
  Path Type:              Max at Slow Process Corner
  Data Path Delay:        8.044ns  (logic 4.596ns (57.135%)  route 3.448ns (42.865%))
  Logic Levels:           2  (LUT3=1 OBUF=1)
  Clock Uncertainty:      0.025ns  ((TSJ^2 + TIJ^2)^1/2 + DJ) / 2 + PE
    Total System Jitter     (TSJ):    0.050ns
    Total Input Jitter      (TIJ):    0.000ns
    Discrete Jitter          (DJ):    0.000ns
    Phase Error              (PE):    0.000ns

    Location             Delay type                Incr(ns)  Path(ns)    Netlist Resource(s)
  -------------------------------------------------------------------    -------------------
                         (clock sys_clk_pin fall edge)
                                                      4.000     4.000 f  
    H16                                               0.000     4.000 f  clk_in (IN)
                         net (fo=0)                   0.000     4.000    clk_in
    H16                  IBUF (Prop_ibuf_I_O)         1.451     5.451 f  clk_in_IBUF_inst/O
                         net (fo=1, routed)           2.522     7.973    clk_in_IBUF
    BUFGCTRL_X0Y16       BUFG (Prop_bufg_I_O)         0.101     8.074 f  clk_in_IBUF_BUFG_inst/O
                         net (fo=200, routed)         1.851     9.925    clk_in_IBUF_BUFG
    SLICE_X108Y80        FDRE                                         r  psdatabuff_reg[7]/C  (IS_INVERTED)
  -------------------------------------------------------------------    -------------------
    SLICE_X108Y80        FDRE (Prop_fdre_C_Q)         0.484    10.409 r  psdatabuff_reg[7]/Q
                         net (fo=1, routed)           0.818    11.227    psdatabuff[7]
    SLICE_X107Y79        LUT3 (Prop_lut3_I0_O)        0.323    11.550 r  led_OBUF[3]_inst_i_1/O
                         net (fo=1, routed)           2.630    14.180    led_OBUF[3]
    M14                  OBUF (Prop_obuf_I_O)         3.789    17.969 r  led_OBUF[3]_inst/O
                         net (fo=0)                   0.000    17.969    led[3]
    M14                                                               r  led[3] (OUT)
  -------------------------------------------------------------------    -------------------

Slack:                    inf
  Source:                 psdatabuff_reg[6]/C
                            (falling edge-triggered cell FDRE clocked by sys_clk_pin  {rise@0.000ns fall@4.000ns period=8.000ns})
  Destination:            led[2]
                            (output port)
  Path Group:             (none)
  Path Type:              Max at Slow Process Corner
  Data Path Delay:        7.670ns  (logic 4.220ns (55.027%)  route 3.449ns (44.973%))
  Logic Levels:           2  (LUT3=1 OBUF=1)
  Clock Uncertainty:      0.025ns  ((TSJ^2 + TIJ^2)^1/2 + DJ) / 2 + PE
    Total System Jitter     (TSJ):    0.050ns
    Total Input Jitter      (TIJ):    0.000ns
    Discrete Jitter          (DJ):    0.000ns
    Phase Error              (PE):    0.000ns

    Location             Delay type                Incr(ns)  Path(ns)    Netlist Resource(s)
  -------------------------------------------------------------------    -------------------
                         (clock sys_clk_pin fall edge)
                                                      4.000     4.000 f  
    H16                                               0.000     4.000 f  clk_in (IN)
                         net (fo=0)                   0.000     4.000    clk_in
    H16                  IBUF (Prop_ibuf_I_O)         1.451     5.451 f  clk_in_IBUF_inst/O
                         net (fo=1, routed)           2.522     7.973    clk_in_IBUF
    BUFGCTRL_X0Y16       BUFG (Prop_bufg_I_O)         0.101     8.074 f  clk_in_IBUF_BUFG_inst/O
                         net (fo=200, routed)         1.851     9.925    clk_in_IBUF_BUFG
    SLICE_X108Y80        FDRE                                         r  psdatabuff_reg[6]/C  (IS_INVERTED)
  -------------------------------------------------------------------    -------------------
    SLICE_X108Y80        FDRE (Prop_fdre_C_Q)         0.524    10.449 r  psdatabuff_reg[6]/Q
                         net (fo=1, routed)           0.797    11.246    psdatabuff[6]
    SLICE_X107Y79        LUT3 (Prop_lut3_I0_O)        0.124    11.370 r  led_OBUF[2]_inst_i_1/O
                         net (fo=1, routed)           2.652    14.022    led_OBUF[2]
    N16                  OBUF (Prop_obuf_I_O)         3.572    17.594 r  led_OBUF[2]_inst/O
                         net (fo=0)                   0.000    17.594    led[2]
    N16                                                               r  led[2] (OUT)
  -------------------------------------------------------------------    -------------------

Slack:                    inf
  Source:                 psdatabuff_reg[0]/C
                            (falling edge-triggered cell FDRE clocked by sys_clk_pin  {rise@0.000ns fall@4.000ns period=8.000ns})
  Destination:            led[0]
                            (output port)
  Path Group:             (none)
  Path Type:              Max at Slow Process Corner
  Data Path Delay:        7.046ns  (logic 4.481ns (63.590%)  route 2.566ns (36.410%))
  Logic Levels:           2  (LUT3=1 OBUF=1)
  Clock Uncertainty:      0.025ns  ((TSJ^2 + TIJ^2)^1/2 + DJ) / 2 + PE
    Total System Jitter     (TSJ):    0.050ns
    Total Input Jitter      (TIJ):    0.000ns
    Discrete Jitter          (DJ):    0.000ns
    Phase Error              (PE):    0.000ns

    Location             Delay type                Incr(ns)  Path(ns)    Netlist Resource(s)
  -------------------------------------------------------------------    -------------------
                         (clock sys_clk_pin fall edge)
                                                      4.000     4.000 f  
    H16                                               0.000     4.000 f  clk_in (IN)
                         net (fo=0)                   0.000     4.000    clk_in
    H16                  IBUF (Prop_ibuf_I_O)         1.451     5.451 f  clk_in_IBUF_inst/O
                         net (fo=1, routed)           2.522     7.973    clk_in_IBUF
    BUFGCTRL_X0Y16       BUFG (Prop_bufg_I_O)         0.101     8.074 f  clk_in_IBUF_BUFG_inst/O
                         net (fo=200, routed)         1.850     9.924    clk_in_IBUF_BUFG
    SLICE_X106Y79        FDRE                                         r  psdatabuff_reg[0]/C  (IS_INVERTED)
  -------------------------------------------------------------------    -------------------
    SLICE_X106Y79        FDRE (Prop_fdre_C_Q)         0.422    10.346 r  psdatabuff_reg[0]/Q
                         net (fo=1, routed)           0.662    11.007    psdatabuff[0]
    SLICE_X107Y79        LUT3 (Prop_lut3_I2_O)        0.327    11.334 r  led_OBUF[0]_inst_i_1/O
                         net (fo=1, routed)           1.904    13.238    led_OBUF[0]
    R14                  OBUF (Prop_obuf_I_O)         3.732    16.970 r  led_OBUF[0]_inst/O
                         net (fo=0)                   0.000    16.970    led[0]
    R14                                                               r  led[0] (OUT)
  -------------------------------------------------------------------    -------------------

Slack:                    inf
  Source:                 psdatabuff_reg[1]/C
                            (falling edge-triggered cell FDRE clocked by sys_clk_pin  {rise@0.000ns fall@4.000ns period=8.000ns})
  Destination:            led[1]
                            (output port)
  Path Group:             (none)
  Path Type:              Max at Slow Process Corner
  Data Path Delay:        6.973ns  (logic 4.205ns (60.312%)  route 2.767ns (39.688%))
  Logic Levels:           2  (LUT3=1 OBUF=1)
  Clock Uncertainty:      0.025ns  ((TSJ^2 + TIJ^2)^1/2 + DJ) / 2 + PE
    Total System Jitter     (TSJ):    0.050ns
    Total Input Jitter      (TIJ):    0.000ns
    Discrete Jitter          (DJ):    0.000ns
    Phase Error              (PE):    0.000ns

    Location             Delay type                Incr(ns)  Path(ns)    Netlist Resource(s)
  -------------------------------------------------------------------    -------------------
                         (clock sys_clk_pin fall edge)
                                                      4.000     4.000 f  
    H16                                               0.000     4.000 f  clk_in (IN)
                         net (fo=0)                   0.000     4.000    clk_in
    H16                  IBUF (Prop_ibuf_I_O)         1.451     5.451 f  clk_in_IBUF_inst/O
                         net (fo=1, routed)           2.522     7.973    clk_in_IBUF
    BUFGCTRL_X0Y16       BUFG (Prop_bufg_I_O)         0.101     8.074 f  clk_in_IBUF_BUFG_inst/O
                         net (fo=200, routed)         1.851     9.925    clk_in_IBUF_BUFG
    SLICE_X108Y80        FDRE                                         r  psdatabuff_reg[1]/C  (IS_INVERTED)
  -------------------------------------------------------------------    -------------------
    SLICE_X108Y80        FDRE (Prop_fdre_C_Q)         0.524    10.449 r  psdatabuff_reg[1]/Q
                         net (fo=1, routed)           0.708    11.157    psdatabuff[1]
    SLICE_X107Y79        LUT3 (Prop_lut3_I2_O)        0.124    11.281 r  led_OBUF[1]_inst_i_1/O
                         net (fo=1, routed)           2.059    13.340    led_OBUF[1]
    P14                  OBUF (Prop_obuf_I_O)         3.557    16.897 r  led_OBUF[1]_inst/O
                         net (fo=0)                   0.000    16.897    led[1]
    P14                                                               r  led[1] (OUT)
  -------------------------------------------------------------------    -------------------

Slack:                    inf
  Source:                 data_Db_reg[7]/C
                            (falling edge-triggered cell FDRE clocked by sys_clk_pin  {rise@0.000ns fall@4.000ns period=8.000ns})
  Destination:            Db[7]
                            (output port)
  Path Group:             (none)
  Path Type:              Max at Slow Process Corner
  Data Path Delay:        6.989ns  (logic 4.198ns (60.062%)  route 2.791ns (39.938%))
  Logic Levels:           1  (OBUF=1)
  Clock Uncertainty:      0.025ns  ((TSJ^2 + TIJ^2)^1/2 + DJ) / 2 + PE
    Total System Jitter     (TSJ):    0.050ns
    Total Input Jitter      (TIJ):    0.000ns
    Discrete Jitter          (DJ):    0.000ns
    Phase Error              (PE):    0.000ns

    Location             Delay type                Incr(ns)  Path(ns)    Netlist Resource(s)
  -------------------------------------------------------------------    -------------------
                         (clock sys_clk_pin fall edge)
                                                      4.000     4.000 f  
    H16                                               0.000     4.000 f  clk_in (IN)
                         net (fo=0)                   0.000     4.000    clk_in
    H16                  IBUF (Prop_ibuf_I_O)         1.451     5.451 f  clk_in_IBUF_inst/O
                         net (fo=1, routed)           2.522     7.973    clk_in_IBUF
    BUFGCTRL_X0Y16       BUFG (Prop_bufg_I_O)         0.101     8.074 f  clk_in_IBUF_BUFG_inst/O
                         net (fo=200, routed)         1.772     9.846    clk_in_IBUF_BUFG
    SLICE_X102Y79        FDRE                                         r  data_Db_reg[7]/C  (IS_INVERTED)
  -------------------------------------------------------------------    -------------------
    SLICE_X102Y79        FDRE (Prop_fdre_C_Q)         0.484    10.330 r  data_Db_reg[7]/Q
                         net (fo=1, routed)           2.791    13.121    Db_OBUF[7]
    W19                  OBUF (Prop_obuf_I_O)         3.714    16.834 r  Db_OBUF[7]_inst/O
                         net (fo=0)                   0.000    16.834    Db[7]
    W19                                                               r  Db[7] (OUT)
  -------------------------------------------------------------------    -------------------

Slack:                    inf
  Source:                 data_cntrl_reg[1]/C
                            (falling edge-triggered cell FDRE clocked by sys_clk_pin  {rise@0.000ns fall@4.000ns period=8.000ns})
  Destination:            Rw
                            (output port)
  Path Group:             (none)
  Path Type:              Max at Slow Process Corner
  Data Path Delay:        6.796ns  (logic 4.209ns (61.929%)  route 2.587ns (38.071%))
  Logic Levels:           1  (OBUF=1)
  Clock Uncertainty:      0.025ns  ((TSJ^2 + TIJ^2)^1/2 + DJ) / 2 + PE
    Total System Jitter     (TSJ):    0.050ns
    Total Input Jitter      (TIJ):    0.000ns
    Discrete Jitter          (DJ):    0.000ns
    Phase Error              (PE):    0.000ns

    Location             Delay type                Incr(ns)  Path(ns)    Netlist Resource(s)
  -------------------------------------------------------------------    -------------------
                         (clock sys_clk_pin fall edge)
                                                      4.000     4.000 f  
    H16                                               0.000     4.000 f  clk_in (IN)
                         net (fo=0)                   0.000     4.000    clk_in
    H16                  IBUF (Prop_ibuf_I_O)         1.451     5.451 f  clk_in_IBUF_inst/O
                         net (fo=1, routed)           2.522     7.973    clk_in_IBUF
    BUFGCTRL_X0Y16       BUFG (Prop_bufg_I_O)         0.101     8.074 f  clk_in_IBUF_BUFG_inst/O
                         net (fo=200, routed)         1.774     9.848    clk_in_IBUF_BUFG
    SLICE_X102Y81        FDRE                                         r  data_cntrl_reg[1]/C  (IS_INVERTED)
  -------------------------------------------------------------------    -------------------
    SLICE_X102Y81        FDRE (Prop_fdre_C_Q)         0.484    10.332 r  data_cntrl_reg[1]/Q
                         net (fo=1, routed)           2.587    12.919    Rw_OBUF
    W16                  OBUF (Prop_obuf_I_O)         3.725    16.643 r  Rw_OBUF_inst/O
                         net (fo=0)                   0.000    16.643    Rw
    W16                                                               r  Rw (OUT)
  -------------------------------------------------------------------    -------------------

Slack:                    inf
  Source:                 data_cntrl_reg[0]/C
                            (falling edge-triggered cell FDRE clocked by sys_clk_pin  {rise@0.000ns fall@4.000ns period=8.000ns})
  Destination:            Rs
                            (output port)
  Path Group:             (none)
  Path Type:              Max at Slow Process Corner
  Data Path Delay:        6.778ns  (logic 4.209ns (62.096%)  route 2.569ns (37.904%))
  Logic Levels:           1  (OBUF=1)
  Clock Uncertainty:      0.025ns  ((TSJ^2 + TIJ^2)^1/2 + DJ) / 2 + PE
    Total System Jitter     (TSJ):    0.050ns
    Total Input Jitter      (TIJ):    0.000ns
    Discrete Jitter          (DJ):    0.000ns
    Phase Error              (PE):    0.000ns

    Location             Delay type                Incr(ns)  Path(ns)    Netlist Resource(s)
  -------------------------------------------------------------------    -------------------
                         (clock sys_clk_pin fall edge)
                                                      4.000     4.000 f  
    H16                                               0.000     4.000 f  clk_in (IN)
                         net (fo=0)                   0.000     4.000    clk_in
    H16                  IBUF (Prop_ibuf_I_O)         1.451     5.451 f  clk_in_IBUF_inst/O
                         net (fo=1, routed)           2.522     7.973    clk_in_IBUF
    BUFGCTRL_X0Y16       BUFG (Prop_bufg_I_O)         0.101     8.074 f  clk_in_IBUF_BUFG_inst/O
                         net (fo=200, routed)         1.774     9.848    clk_in_IBUF_BUFG
    SLICE_X102Y81        FDRE                                         r  data_cntrl_reg[0]/C  (IS_INVERTED)
  -------------------------------------------------------------------    -------------------
    SLICE_X102Y81        FDRE (Prop_fdre_C_Q)         0.484    10.332 r  data_cntrl_reg[0]/Q
                         net (fo=1, routed)           2.569    12.901    Rs_OBUF
    V16                  OBUF (Prop_obuf_I_O)         3.725    16.626 r  Rs_OBUF_inst/O
                         net (fo=0)                   0.000    16.626    Rs
    V16                                                               r  Rs (OUT)
  -------------------------------------------------------------------    -------------------

Slack:                    inf
  Source:                 data_Db_reg[6]/C
                            (falling edge-triggered cell FDRE clocked by sys_clk_pin  {rise@0.000ns fall@4.000ns period=8.000ns})
  Destination:            Db[6]
                            (output port)
  Path Group:             (none)
  Path Type:              Max at Slow Process Corner
  Data Path Delay:        6.716ns  (logic 4.069ns (60.585%)  route 2.647ns (39.415%))
  Logic Levels:           1  (OBUF=1)
  Clock Uncertainty:      0.025ns  ((TSJ^2 + TIJ^2)^1/2 + DJ) / 2 + PE
    Total System Jitter     (TSJ):    0.050ns
    Total Input Jitter      (TIJ):    0.000ns
    Discrete Jitter          (DJ):    0.000ns
    Phase Error              (PE):    0.000ns

    Location             Delay type                Incr(ns)  Path(ns)    Netlist Resource(s)
  -------------------------------------------------------------------    -------------------
                         (clock sys_clk_pin fall edge)
                                                      4.000     4.000 f  
    H16                                               0.000     4.000 f  clk_in (IN)
                         net (fo=0)                   0.000     4.000    clk_in
    H16                  IBUF (Prop_ibuf_I_O)         1.451     5.451 f  clk_in_IBUF_inst/O
                         net (fo=1, routed)           2.522     7.973    clk_in_IBUF
    BUFGCTRL_X0Y16       BUFG (Prop_bufg_I_O)         0.101     8.074 f  clk_in_IBUF_BUFG_inst/O
                         net (fo=200, routed)         1.773     9.847    clk_in_IBUF_BUFG
    SLICE_X102Y80        FDRE                                         r  data_Db_reg[6]/C  (IS_INVERTED)
  -------------------------------------------------------------------    -------------------
    SLICE_X102Y80        FDRE (Prop_fdre_C_Q)         0.524    10.371 r  data_Db_reg[6]/Q
                         net (fo=1, routed)           2.647    13.018    Db_OBUF[6]
    W18                  OBUF (Prop_obuf_I_O)         3.545    16.563 r  Db_OBUF[6]_inst/O
                         net (fo=0)                   0.000    16.563    Db[6]
    W18                                                               r  Db[6] (OUT)
  -------------------------------------------------------------------    -------------------

Slack:                    inf
  Source:                 data_Db_reg[0]/C
                            (falling edge-triggered cell FDRE clocked by sys_clk_pin  {rise@0.000ns fall@4.000ns period=8.000ns})
  Destination:            Db[0]
                            (output port)
  Path Group:             (none)
  Path Type:              Max at Slow Process Corner
  Data Path Delay:        6.638ns  (logic 4.103ns (61.819%)  route 2.534ns (38.181%))
  Logic Levels:           1  (OBUF=1)
  Clock Uncertainty:      0.025ns  ((TSJ^2 + TIJ^2)^1/2 + DJ) / 2 + PE
    Total System Jitter     (TSJ):    0.050ns
    Total Input Jitter      (TIJ):    0.000ns
    Discrete Jitter          (DJ):    0.000ns
    Phase Error              (PE):    0.000ns

    Location             Delay type                Incr(ns)  Path(ns)    Netlist Resource(s)
  -------------------------------------------------------------------    -------------------
                         (clock sys_clk_pin fall edge)
                                                      4.000     4.000 f  
    H16                                               0.000     4.000 f  clk_in (IN)
                         net (fo=0)                   0.000     4.000    clk_in
    H16                  IBUF (Prop_ibuf_I_O)         1.451     5.451 f  clk_in_IBUF_inst/O
                         net (fo=1, routed)           2.522     7.973    clk_in_IBUF
    BUFGCTRL_X0Y16       BUFG (Prop_bufg_I_O)         0.101     8.074 f  clk_in_IBUF_BUFG_inst/O
                         net (fo=200, routed)         1.772     9.846    clk_in_IBUF_BUFG
    SLICE_X102Y79        FDRE                                         r  data_Db_reg[0]/C  (IS_INVERTED)
  -------------------------------------------------------------------    -------------------
    SLICE_X102Y79        FDRE (Prop_fdre_C_Q)         0.524    10.370 r  data_Db_reg[0]/Q
                         net (fo=1, routed)           2.534    12.904    Db_OBUF[0]
    Y18                  OBUF (Prop_obuf_I_O)         3.579    16.484 r  Db_OBUF[0]_inst/O
                         net (fo=0)                   0.000    16.484    Db[0]
    Y18                                                               r  Db[0] (OUT)
  -------------------------------------------------------------------    -------------------

Slack:                    inf
  Source:                 data_Db_reg[1]/C
                            (falling edge-triggered cell FDRE clocked by sys_clk_pin  {rise@0.000ns fall@4.000ns period=8.000ns})
  Destination:            Db[1]
                            (output port)
  Path Group:             (none)
  Path Type:              Max at Slow Process Corner
  Data Path Delay:        6.500ns  (logic 4.097ns (63.036%)  route 2.403ns (36.964%))
  Logic Levels:           1  (OBUF=1)
  Clock Uncertainty:      0.025ns  ((TSJ^2 + TIJ^2)^1/2 + DJ) / 2 + PE
    Total System Jitter     (TSJ):    0.050ns
    Total Input Jitter      (TIJ):    0.000ns
    Discrete Jitter          (DJ):    0.000ns
    Phase Error              (PE):    0.000ns

    Location             Delay type                Incr(ns)  Path(ns)    Netlist Resource(s)
  -------------------------------------------------------------------    -------------------
                         (clock sys_clk_pin fall edge)
                                                      4.000     4.000 f  
    H16                                               0.000     4.000 f  clk_in (IN)
                         net (fo=0)                   0.000     4.000    clk_in
    H16                  IBUF (Prop_ibuf_I_O)         1.451     5.451 f  clk_in_IBUF_inst/O
                         net (fo=1, routed)           2.522     7.973    clk_in_IBUF
    BUFGCTRL_X0Y16       BUFG (Prop_bufg_I_O)         0.101     8.074 f  clk_in_IBUF_BUFG_inst/O
                         net (fo=200, routed)         1.772     9.846    clk_in_IBUF_BUFG
    SLICE_X102Y79        FDRE                                         r  data_Db_reg[1]/C  (IS_INVERTED)
  -------------------------------------------------------------------    -------------------
    SLICE_X102Y79        FDRE (Prop_fdre_C_Q)         0.524    10.370 r  data_Db_reg[1]/Q
                         net (fo=1, routed)           2.403    12.772    Db_OBUF[1]
    Y19                  OBUF (Prop_obuf_I_O)         3.573    16.346 r  Db_OBUF[1]_inst/O
                         net (fo=0)                   0.000    16.346    Db[1]
    Y19                                                               r  Db[1] (OUT)
  -------------------------------------------------------------------    -------------------





Min Delay Paths
--------------------------------------------------------------------------------------
Slack:                    inf
  Source:                 tx_macro/serial_flop/C
                            (rising edge-triggered cell FDRE clocked by sys_clk_pin  {rise@0.000ns fall@4.000ns period=8.000ns})
  Destination:            UART_TX
                            (output port)
  Path Group:             (none)
  Path Type:              Min at Fast Process Corner
  Data Path Delay:        1.885ns  (logic 1.484ns (78.723%)  route 0.401ns (21.277%))
  Logic Levels:           1  (OBUF=1)
  Clock Uncertainty:      0.025ns  ((TSJ^2 + TIJ^2)^1/2 + DJ) / 2 + PE
    Total System Jitter     (TSJ):    0.050ns
    Total Input Jitter      (TIJ):    0.000ns
    Discrete Jitter          (DJ):    0.000ns
    Phase Error              (PE):    0.000ns

    Location             Delay type                Incr(ns)  Path(ns)    Netlist Resource(s)
  -------------------------------------------------------------------    -------------------
                         (clock sys_clk_pin rise edge)
                                                      0.000     0.000 r  
    H16                                               0.000     0.000 r  clk_in (IN)
                         net (fo=0)                   0.000     0.000    clk_in
    H16                  IBUF (Prop_ibuf_I_O)         0.219     0.219 r  clk_in_IBUF_inst/O
                         net (fo=1, routed)           0.842     1.060    clk_in_IBUF
    BUFGCTRL_X0Y16       BUFG (Prop_bufg_I_O)         0.026     1.086 r  clk_in_IBUF_BUFG_inst/O
                         net (fo=200, routed)         0.626     1.712    tx_macro/clk_in_IBUF_BUFG
    SLICE_X110Y78        FDRE                                         r  tx_macro/serial_flop/C
  -------------------------------------------------------------------    -------------------
    SLICE_X110Y78        FDRE (Prop_fdre_C_Q)         0.141     1.853 r  tx_macro/serial_flop/Q
                         net (fo=1, routed)           0.401     2.254    UART_TX_OBUF
    Y14                  OBUF (Prop_obuf_I_O)         1.343     3.598 r  UART_TX_OBUF_inst/O
                         net (fo=0)                   0.000     3.598    UART_TX
    Y14                                                               r  UART_TX (OUT)
  -------------------------------------------------------------------    -------------------

Slack:                    inf
  Source:                 data_Db_reg[4]/C
                            (falling edge-triggered cell FDRE clocked by sys_clk_pin  {rise@0.000ns fall@4.000ns period=8.000ns})
  Destination:            Db[4]
                            (output port)
  Path Group:             (none)
  Path Type:              Min at Fast Process Corner
  Data Path Delay:        2.020ns  (logic 1.459ns (72.231%)  route 0.561ns (27.769%))
  Logic Levels:           1  (OBUF=1)
  Clock Uncertainty:      0.025ns  ((TSJ^2 + TIJ^2)^1/2 + DJ) / 2 + PE
    Total System Jitter     (TSJ):    0.050ns
    Total Input Jitter      (TIJ):    0.000ns
    Discrete Jitter          (DJ):    0.000ns
    Phase Error              (PE):    0.000ns

    Location             Delay type                Incr(ns)  Path(ns)    Netlist Resource(s)
  -------------------------------------------------------------------    -------------------
                         (clock sys_clk_pin fall edge)
                                                      4.000     4.000 f  
    H16                                               0.000     4.000 f  clk_in (IN)
                         net (fo=0)                   0.000     4.000    clk_in
    H16                  IBUF (Prop_ibuf_I_O)         0.219     4.219 f  clk_in_IBUF_inst/O
                         net (fo=1, routed)           0.842     5.060    clk_in_IBUF
    BUFGCTRL_X0Y16       BUFG (Prop_bufg_I_O)         0.026     5.086 f  clk_in_IBUF_BUFG_inst/O
                         net (fo=200, routed)         0.600     5.686    clk_in_IBUF_BUFG
    SLICE_X102Y80        FDRE                                         r  data_Db_reg[4]/C  (IS_INVERTED)
  -------------------------------------------------------------------    -------------------
    SLICE_X102Y80        FDRE (Prop_fdre_C_Q)         0.151     5.837 r  data_Db_reg[4]/Q
                         net (fo=1, routed)           0.561     6.398    Db_OBUF[4]
    U18                  OBUF (Prop_obuf_I_O)         1.308     7.706 r  Db_OBUF[4]_inst/O
                         net (fo=0)                   0.000     7.706    Db[4]
    U18                                                               r  Db[4] (OUT)
  -------------------------------------------------------------------    -------------------

Slack:                    inf
  Source:                 data_Db_reg[5]/C
                            (falling edge-triggered cell FDRE clocked by sys_clk_pin  {rise@0.000ns fall@4.000ns period=8.000ns})
  Destination:            Db[5]
                            (output port)
  Path Group:             (none)
  Path Type:              Min at Fast Process Corner
  Data Path Delay:        2.024ns  (logic 1.464ns (72.297%)  route 0.561ns (27.703%))
  Logic Levels:           1  (OBUF=1)
  Clock Uncertainty:      0.025ns  ((TSJ^2 + TIJ^2)^1/2 + DJ) / 2 + PE
    Total System Jitter     (TSJ):    0.050ns
    Total Input Jitter      (TIJ):    0.000ns
    Discrete Jitter          (DJ):    0.000ns
    Phase Error              (PE):    0.000ns

    Location             Delay type                Incr(ns)  Path(ns)    Netlist Resource(s)
  -------------------------------------------------------------------    -------------------
                         (clock sys_clk_pin fall edge)
                                                      4.000     4.000 f  
    H16                                               0.000     4.000 f  clk_in (IN)
                         net (fo=0)                   0.000     4.000    clk_in
    H16                  IBUF (Prop_ibuf_I_O)         0.219     4.219 f  clk_in_IBUF_inst/O
                         net (fo=1, routed)           0.842     5.060    clk_in_IBUF
    BUFGCTRL_X0Y16       BUFG (Prop_bufg_I_O)         0.026     5.086 f  clk_in_IBUF_BUFG_inst/O
                         net (fo=200, routed)         0.599     5.685    clk_in_IBUF_BUFG
    SLICE_X102Y79        FDRE                                         r  data_Db_reg[5]/C  (IS_INVERTED)
  -------------------------------------------------------------------    -------------------
    SLICE_X102Y79        FDRE (Prop_fdre_C_Q)         0.151     5.836 r  data_Db_reg[5]/Q
                         net (fo=1, routed)           0.561     6.397    Db_OBUF[5]
    U19                  OBUF (Prop_obuf_I_O)         1.313     7.710 r  Db_OBUF[5]_inst/O
                         net (fo=0)                   0.000     7.710    Db[5]
    U19                                                               r  Db[5] (OUT)
  -------------------------------------------------------------------    -------------------

Slack:                    inf
  Source:                 data_Db_reg[2]/C
                            (falling edge-triggered cell FDRE clocked by sys_clk_pin  {rise@0.000ns fall@4.000ns period=8.000ns})
  Destination:            Db[2]
                            (output port)
  Path Group:             (none)
  Path Type:              Min at Fast Process Corner
  Data Path Delay:        2.058ns  (logic 1.491ns (72.433%)  route 0.567ns (27.567%))
  Logic Levels:           1  (OBUF=1)
  Clock Uncertainty:      0.025ns  ((TSJ^2 + TIJ^2)^1/2 + DJ) / 2 + PE
    Total System Jitter     (TSJ):    0.050ns
    Total Input Jitter      (TIJ):    0.000ns
    Discrete Jitter          (DJ):    0.000ns
    Phase Error              (PE):    0.000ns

    Location             Delay type                Incr(ns)  Path(ns)    Netlist Resource(s)
  -------------------------------------------------------------------    -------------------
                         (clock sys_clk_pin fall edge)
                                                      4.000     4.000 f  
    H16                                               0.000     4.000 f  clk_in (IN)
                         net (fo=0)                   0.000     4.000    clk_in
    H16                  IBUF (Prop_ibuf_I_O)         0.219     4.219 f  clk_in_IBUF_inst/O
                         net (fo=1, routed)           0.842     5.060    clk_in_IBUF
    BUFGCTRL_X0Y16       BUFG (Prop_bufg_I_O)         0.026     5.086 f  clk_in_IBUF_BUFG_inst/O
                         net (fo=200, routed)         0.599     5.685    clk_in_IBUF_BUFG
    SLICE_X102Y79        FDRE                                         r  data_Db_reg[2]/C  (IS_INVERTED)
  -------------------------------------------------------------------    -------------------
    SLICE_X102Y79        FDRE (Prop_fdre_C_Q)         0.167     5.852 r  data_Db_reg[2]/Q
                         net (fo=1, routed)           0.567     6.420    Db_OBUF[2]
    Y16                  OBUF (Prop_obuf_I_O)         1.324     7.744 r  Db_OBUF[2]_inst/O
                         net (fo=0)                   0.000     7.744    Db[2]
    Y16                                                               r  Db[2] (OUT)
  -------------------------------------------------------------------    -------------------

Slack:                    inf
  Source:                 psdatabuff_reg[4]/C
                            (falling edge-triggered cell FDRE clocked by sys_clk_pin  {rise@0.000ns fall@4.000ns period=8.000ns})
  Destination:            led[0]
                            (output port)
  Path Group:             (none)
  Path Type:              Min at Fast Process Corner
  Data Path Delay:        2.065ns  (logic 1.487ns (72.003%)  route 0.578ns (27.997%))
  Logic Levels:           2  (LUT3=1 OBUF=1)
  Clock Uncertainty:      0.025ns  ((TSJ^2 + TIJ^2)^1/2 + DJ) / 2 + PE
    Total System Jitter     (TSJ):    0.050ns
    Total Input Jitter      (TIJ):    0.000ns
    Discrete Jitter          (DJ):    0.000ns
    Phase Error              (PE):    0.000ns

    Location             Delay type                Incr(ns)  Path(ns)    Netlist Resource(s)
  -------------------------------------------------------------------    -------------------
                         (clock sys_clk_pin fall edge)
                                                      4.000     4.000 f  
    H16                                               0.000     4.000 f  clk_in (IN)
                         net (fo=0)                   0.000     4.000    clk_in
    H16                  IBUF (Prop_ibuf_I_O)         0.219     4.219 f  clk_in_IBUF_inst/O
                         net (fo=1, routed)           0.842     5.060    clk_in_IBUF
    BUFGCTRL_X0Y16       BUFG (Prop_bufg_I_O)         0.026     5.086 f  clk_in_IBUF_BUFG_inst/O
                         net (fo=200, routed)         0.626     5.712    clk_in_IBUF_BUFG
    SLICE_X106Y79        FDRE                                         r  psdatabuff_reg[4]/C  (IS_INVERTED)
  -------------------------------------------------------------------    -------------------
    SLICE_X106Y79        FDRE (Prop_fdre_C_Q)         0.146     5.858 r  psdatabuff_reg[4]/Q
                         net (fo=1, routed)           0.145     6.003    psdatabuff[4]
    SLICE_X107Y79        LUT3 (Prop_lut3_I0_O)        0.048     6.051 r  led_OBUF[0]_inst_i_1/O
                         net (fo=1, routed)           0.433     6.484    led_OBUF[0]
    R14                  OBUF (Prop_obuf_I_O)         1.293     7.777 r  led_OBUF[0]_inst/O
                         net (fo=0)                   0.000     7.777    led[0]
    R14                                                               r  led[0] (OUT)
  -------------------------------------------------------------------    -------------------

Slack:                    inf
  Source:                 data_Db_reg[3]/C
                            (falling edge-triggered cell FDRE clocked by sys_clk_pin  {rise@0.000ns fall@4.000ns period=8.000ns})
  Destination:            Db[3]
                            (output port)
  Path Group:             (none)
  Path Type:              Min at Fast Process Corner
  Data Path Delay:        2.097ns  (logic 1.526ns (72.746%)  route 0.572ns (27.254%))
  Logic Levels:           1  (OBUF=1)
  Clock Uncertainty:      0.025ns  ((TSJ^2 + TIJ^2)^1/2 + DJ) / 2 + PE
    Total System Jitter     (TSJ):    0.050ns
    Total Input Jitter      (TIJ):    0.000ns
    Discrete Jitter          (DJ):    0.000ns
    Phase Error              (PE):    0.000ns

    Location             Delay type                Incr(ns)  Path(ns)    Netlist Resource(s)
  -------------------------------------------------------------------    -------------------
                         (clock sys_clk_pin fall edge)
                                                      4.000     4.000 f  
    H16                                               0.000     4.000 f  clk_in (IN)
                         net (fo=0)                   0.000     4.000    clk_in
    H16                  IBUF (Prop_ibuf_I_O)         0.219     4.219 f  clk_in_IBUF_inst/O
                         net (fo=1, routed)           0.842     5.060    clk_in_IBUF
    BUFGCTRL_X0Y16       BUFG (Prop_bufg_I_O)         0.026     5.086 f  clk_in_IBUF_BUFG_inst/O
                         net (fo=200, routed)         0.599     5.685    clk_in_IBUF_BUFG
    SLICE_X102Y79        FDRE                                         r  data_Db_reg[3]/C  (IS_INVERTED)
  -------------------------------------------------------------------    -------------------
    SLICE_X102Y79        FDRE (Prop_fdre_C_Q)         0.151     5.836 r  data_Db_reg[3]/Q
                         net (fo=1, routed)           0.572     6.408    Db_OBUF[3]
    Y17                  OBUF (Prop_obuf_I_O)         1.375     7.782 r  Db_OBUF[3]_inst/O
                         net (fo=0)                   0.000     7.782    Db[3]
    Y17                                                               r  Db[3] (OUT)
  -------------------------------------------------------------------    -------------------

Slack:                    inf
  Source:                 data_cntrl_reg[2]/C
                            (falling edge-triggered cell FDRE clocked by sys_clk_pin  {rise@0.000ns fall@4.000ns period=8.000ns})
  Destination:            E
                            (output port)
  Path Group:             (none)
  Path Type:              Min at Fast Process Corner
  Data Path Delay:        2.126ns  (logic 1.468ns (69.061%)  route 0.658ns (30.939%))
  Logic Levels:           1  (OBUF=1)
  Clock Uncertainty:      0.025ns  ((TSJ^2 + TIJ^2)^1/2 + DJ) / 2 + PE
    Total System Jitter     (TSJ):    0.050ns
    Total Input Jitter      (TIJ):    0.000ns
    Discrete Jitter          (DJ):    0.000ns
    Phase Error              (PE):    0.000ns

    Location             Delay type                Incr(ns)  Path(ns)    Netlist Resource(s)
  -------------------------------------------------------------------    -------------------
                         (clock sys_clk_pin fall edge)
                                                      4.000     4.000 f  
    H16                                               0.000     4.000 f  clk_in (IN)
                         net (fo=0)                   0.000     4.000    clk_in
    H16                  IBUF (Prop_ibuf_I_O)         0.219     4.219 f  clk_in_IBUF_inst/O
                         net (fo=1, routed)           0.842     5.060    clk_in_IBUF
    BUFGCTRL_X0Y16       BUFG (Prop_bufg_I_O)         0.026     5.086 f  clk_in_IBUF_BUFG_inst/O
                         net (fo=200, routed)         0.601     5.687    clk_in_IBUF_BUFG
    SLICE_X102Y81        FDRE                                         r  data_cntrl_reg[2]/C  (IS_INVERTED)
  -------------------------------------------------------------------    -------------------
    SLICE_X102Y81        FDRE (Prop_fdre_C_Q)         0.167     5.854 r  data_cntrl_reg[2]/Q
                         net (fo=1, routed)           0.658     6.512    E_OBUF
    V12                  OBUF (Prop_obuf_I_O)         1.301     7.813 r  E_OBUF_inst/O
                         net (fo=0)                   0.000     7.813    E
    V12                                                               r  E (OUT)
  -------------------------------------------------------------------    -------------------

Slack:                    inf
  Source:                 data_Db_reg[1]/C
                            (falling edge-triggered cell FDRE clocked by sys_clk_pin  {rise@0.000ns fall@4.000ns period=8.000ns})
  Destination:            Db[1]
                            (output port)
  Path Group:             (none)
  Path Type:              Min at Fast Process Corner
  Data Path Delay:        2.144ns  (logic 1.441ns (67.186%)  route 0.704ns (32.814%))
  Logic Levels:           1  (OBUF=1)
  Clock Uncertainty:      0.025ns  ((TSJ^2 + TIJ^2)^1/2 + DJ) / 2 + PE
    Total System Jitter     (TSJ):    0.050ns
    Total Input Jitter      (TIJ):    0.000ns
    Discrete Jitter          (DJ):    0.000ns
    Phase Error              (PE):    0.000ns

    Location             Delay type                Incr(ns)  Path(ns)    Netlist Resource(s)
  -------------------------------------------------------------------    -------------------
                         (clock sys_clk_pin fall edge)
                                                      4.000     4.000 f  
    H16                                               0.000     4.000 f  clk_in (IN)
                         net (fo=0)                   0.000     4.000    clk_in
    H16                  IBUF (Prop_ibuf_I_O)         0.219     4.219 f  clk_in_IBUF_inst/O
                         net (fo=1, routed)           0.842     5.060    clk_in_IBUF
    BUFGCTRL_X0Y16       BUFG (Prop_bufg_I_O)         0.026     5.086 f  clk_in_IBUF_BUFG_inst/O
                         net (fo=200, routed)         0.599     5.685    clk_in_IBUF_BUFG
    SLICE_X102Y79        FDRE                                         r  data_Db_reg[1]/C  (IS_INVERTED)
  -------------------------------------------------------------------    -------------------
    SLICE_X102Y79        FDRE (Prop_fdre_C_Q)         0.167     5.852 r  data_Db_reg[1]/Q
                         net (fo=1, routed)           0.704     6.556    Db_OBUF[1]
    Y19                  OBUF (Prop_obuf_I_O)         1.274     7.830 r  Db_OBUF[1]_inst/O
                         net (fo=0)                   0.000     7.830    Db[1]
    Y19                                                               r  Db[1] (OUT)
  -------------------------------------------------------------------    -------------------

Slack:                    inf
  Source:                 data_Db_reg[0]/C
                            (falling edge-triggered cell FDRE clocked by sys_clk_pin  {rise@0.000ns fall@4.000ns period=8.000ns})
  Destination:            Db[0]
                            (output port)
  Path Group:             (none)
  Path Type:              Min at Fast Process Corner
  Data Path Delay:        2.199ns  (logic 1.447ns (65.787%)  route 0.752ns (34.213%))
  Logic Levels:           1  (OBUF=1)
  Clock Uncertainty:      0.025ns  ((TSJ^2 + TIJ^2)^1/2 + DJ) / 2 + PE
    Total System Jitter     (TSJ):    0.050ns
    Total Input Jitter      (TIJ):    0.000ns
    Discrete Jitter          (DJ):    0.000ns
    Phase Error              (PE):    0.000ns

    Location             Delay type                Incr(ns)  Path(ns)    Netlist Resource(s)
  -------------------------------------------------------------------    -------------------
                         (clock sys_clk_pin fall edge)
                                                      4.000     4.000 f  
    H16                                               0.000     4.000 f  clk_in (IN)
                         net (fo=0)                   0.000     4.000    clk_in
    H16                  IBUF (Prop_ibuf_I_O)         0.219     4.219 f  clk_in_IBUF_inst/O
                         net (fo=1, routed)           0.842     5.060    clk_in_IBUF
    BUFGCTRL_X0Y16       BUFG (Prop_bufg_I_O)         0.026     5.086 f  clk_in_IBUF_BUFG_inst/O
                         net (fo=200, routed)         0.599     5.685    clk_in_IBUF_BUFG
    SLICE_X102Y79        FDRE                                         r  data_Db_reg[0]/C  (IS_INVERTED)
  -------------------------------------------------------------------    -------------------
    SLICE_X102Y79        FDRE (Prop_fdre_C_Q)         0.167     5.852 r  data_Db_reg[0]/Q
                         net (fo=1, routed)           0.752     6.605    Db_OBUF[0]
    Y18                  OBUF (Prop_obuf_I_O)         1.280     7.885 r  Db_OBUF[0]_inst/O
                         net (fo=0)                   0.000     7.885    Db[0]
    Y18                                                               r  Db[0] (OUT)
  -------------------------------------------------------------------    -------------------

Slack:                    inf
  Source:                 psdatabuff_reg[5]/C
                            (falling edge-triggered cell FDRE clocked by sys_clk_pin  {rise@0.000ns fall@4.000ns period=8.000ns})
  Destination:            led[1]
                            (output port)
  Path Group:             (none)
  Path Type:              Min at Fast Process Corner
  Data Path Delay:        2.173ns  (logic 1.449ns (66.675%)  route 0.724ns (33.325%))
  Logic Levels:           2  (LUT3=1 OBUF=1)
  Clock Uncertainty:      0.025ns  ((TSJ^2 + TIJ^2)^1/2 + DJ) / 2 + PE
    Total System Jitter     (TSJ):    0.050ns
    Total Input Jitter      (TIJ):    0.000ns
    Discrete Jitter          (DJ):    0.000ns
    Phase Error              (PE):    0.000ns

    Location             Delay type                Incr(ns)  Path(ns)    Netlist Resource(s)
  -------------------------------------------------------------------    -------------------
                         (clock sys_clk_pin fall edge)
                                                      4.000     4.000 f  
    H16                                               0.000     4.000 f  clk_in (IN)
                         net (fo=0)                   0.000     4.000    clk_in
    H16                  IBUF (Prop_ibuf_I_O)         0.219     4.219 f  clk_in_IBUF_inst/O
                         net (fo=1, routed)           0.842     5.060    clk_in_IBUF
    BUFGCTRL_X0Y16       BUFG (Prop_bufg_I_O)         0.026     5.086 f  clk_in_IBUF_BUFG_inst/O
                         net (fo=200, routed)         0.626     5.712    clk_in_IBUF_BUFG
    SLICE_X106Y79        FDRE                                         r  psdatabuff_reg[5]/C  (IS_INVERTED)
  -------------------------------------------------------------------    -------------------
    SLICE_X106Y79        FDRE (Prop_fdre_C_Q)         0.146     5.858 r  psdatabuff_reg[5]/Q
                         net (fo=1, routed)           0.224     6.082    psdatabuff[5]
    SLICE_X107Y79        LUT3 (Prop_lut3_I0_O)        0.045     6.127 r  led_OBUF[1]_inst_i_1/O
                         net (fo=1, routed)           0.500     6.627    led_OBUF[1]
    P14                  OBUF (Prop_obuf_I_O)         1.258     7.885 r  led_OBUF[1]_inst/O
                         net (fo=0)                   0.000     7.885    led[1]
    P14                                                               r  led[1] (OUT)
  -------------------------------------------------------------------    -------------------





--------------------------------------------------------------------------------------
Path Group:  (none)
From Clock:  
  To Clock:  sys_clk_pin

Max Delay            23 Endpoints
Min Delay            23 Endpoints
--------------------------------------------------------------------------------------


Max Delay Paths
--------------------------------------------------------------------------------------
Slack:                    inf
  Source:                 reset
                            (input port)
  Destination:            processzor/internal_reset_flop/D
                            (rising edge-triggered cell FDRE clocked by sys_clk_pin  {rise@0.000ns fall@4.000ns period=8.000ns})
  Path Group:             (none)
  Path Type:              Setup (Max at Slow Process Corner)
  Data Path Delay:        4.811ns  (logic 1.587ns (32.998%)  route 3.223ns (67.002%))
  Logic Levels:           2  (IBUF=1 LUT6=1)
  Clock Path Skew:        5.430ns (DCD - SCD + CPR)
    Destination Clock Delay (DCD):    5.430ns
    Source Clock Delay      (SCD):    0.000ns
    Clock Pessimism Removal (CPR):    0.000ns
  Clock Uncertainty:      0.025ns  ((TSJ^2 + TIJ^2)^1/2 + DJ) / 2 + PE
    Total System Jitter     (TSJ):    0.050ns
    Total Input Jitter      (TIJ):    0.000ns
    Discrete Jitter          (DJ):    0.000ns
    Phase Error              (PE):    0.000ns

    Location             Delay type                Incr(ns)  Path(ns)    Netlist Resource(s)
  -------------------------------------------------------------------    -------------------
    D19                                               0.000     0.000 r  reset (IN)
                         net (fo=0)                   0.000     0.000    reset
    D19                  IBUF (Prop_ibuf_I_O)         1.463     1.463 r  reset_IBUF_inst/O
                         net (fo=7, routed)           3.223     4.687    processzor/reset_lut/I4
    SLICE_X106Y75        LUT6 (Prop_lut6_I4_O)        0.124     4.811 r  processzor/reset_lut/LUT6/O
                         net (fo=1, routed)           0.000     4.811    processzor/internal_reset_value
    SLICE_X106Y75        FDRE                                         r  processzor/internal_reset_flop/D
  -------------------------------------------------------------------    -------------------

                         (clock sys_clk_pin rise edge)
                                                      0.000     0.000 r  
    H16                                               0.000     0.000 r  clk_in (IN)
                         net (fo=0)                   0.000     0.000    clk_in
    H16                  IBUF (Prop_ibuf_I_O)         1.380     1.380 r  clk_in_IBUF_inst/O
                         net (fo=1, routed)           2.293     3.673    clk_in_IBUF
    BUFGCTRL_X0Y16       BUFG (Prop_bufg_I_O)         0.091     3.764 r  clk_in_IBUF_BUFG_inst/O
                         net (fo=200, routed)         1.666     5.430    processzor/clk_in_IBUF_BUFG
    SLICE_X106Y75        FDRE                                         r  processzor/internal_reset_flop/C

Slack:                    inf
  Source:                 reset
                            (input port)
  Destination:            processzor/run_flop/D
                            (rising edge-triggered cell FDRE clocked by sys_clk_pin  {rise@0.000ns fall@4.000ns period=8.000ns})
  Path Group:             (none)
  Path Type:              Setup (Max at Slow Process Corner)
  Data Path Delay:        4.804ns  (logic 1.580ns (32.900%)  route 3.223ns (67.100%))
  Logic Levels:           2  (IBUF=1 LUT5=1)
  Clock Path Skew:        5.430ns (DCD - SCD + CPR)
    Destination Clock Delay (DCD):    5.430ns
    Source Clock Delay      (SCD):    0.000ns
    Clock Pessimism Removal (CPR):    0.000ns
  Clock Uncertainty:      0.025ns  ((TSJ^2 + TIJ^2)^1/2 + DJ) / 2 + PE
    Total System Jitter     (TSJ):    0.050ns
    Total Input Jitter      (TIJ):    0.000ns
    Discrete Jitter          (DJ):    0.000ns
    Phase Error              (PE):    0.000ns

    Location             Delay type                Incr(ns)  Path(ns)    Netlist Resource(s)
  -------------------------------------------------------------------    -------------------
    D19                                               0.000     0.000 f  reset (IN)
                         net (fo=0)                   0.000     0.000    reset
    D19                  IBUF (Prop_ibuf_I_O)         1.463     1.463 f  reset_IBUF_inst/O
                         net (fo=7, routed)           3.223     4.687    processzor/reset_lut/I4
    SLICE_X106Y75        LUT5 (Prop_lut5_I4_O)        0.117     4.804 r  processzor/reset_lut/LUT5/O
                         net (fo=1, routed)           0.000     4.804    processzor/run_value
    SLICE_X106Y75        FDRE                                         r  processzor/run_flop/D
  -------------------------------------------------------------------    -------------------

                         (clock sys_clk_pin rise edge)
                                                      0.000     0.000 r  
    H16                                               0.000     0.000 r  clk_in (IN)
                         net (fo=0)                   0.000     0.000    clk_in
    H16                  IBUF (Prop_ibuf_I_O)         1.380     1.380 r  clk_in_IBUF_inst/O
                         net (fo=1, routed)           2.293     3.673    clk_in_IBUF
    BUFGCTRL_X0Y16       BUFG (Prop_bufg_I_O)         0.091     3.764 r  clk_in_IBUF_BUFG_inst/O
                         net (fo=200, routed)         1.666     5.430    processzor/clk_in_IBUF_BUFG
    SLICE_X106Y75        FDRE                                         r  processzor/run_flop/C

Slack:                    inf
  Source:                 reset
                            (input port)
  Destination:            tx_macro/pointer0_flop/R
                            (rising edge-triggered cell FDRE clocked by sys_clk_pin  {rise@0.000ns fall@4.000ns period=8.000ns})
  Path Group:             (none)
  Path Type:              Setup (Max at Slow Process Corner)
  Data Path Delay:        4.467ns  (logic 1.463ns (32.759%)  route 3.004ns (67.241%))
  Logic Levels:           1  (IBUF=1)
  Clock Path Skew:        5.436ns (DCD - SCD + CPR)
    Destination Clock Delay (DCD):    5.436ns
    Source Clock Delay      (SCD):    0.000ns
    Clock Pessimism Removal (CPR):    0.000ns
  Clock Uncertainty:      0.025ns  ((TSJ^2 + TIJ^2)^1/2 + DJ) / 2 + PE
    Total System Jitter     (TSJ):    0.050ns
    Total Input Jitter      (TIJ):    0.000ns
    Discrete Jitter          (DJ):    0.000ns
    Phase Error              (PE):    0.000ns

    Location             Delay type                Incr(ns)  Path(ns)    Netlist Resource(s)
  -------------------------------------------------------------------    -------------------
    D19                                               0.000     0.000 r  reset (IN)
                         net (fo=0)                   0.000     0.000    reset
    D19                  IBUF (Prop_ibuf_I_O)         1.463     1.463 r  reset_IBUF_inst/O
                         net (fo=7, routed)           3.004     4.467    tx_macro/buffer_reset
    SLICE_X109Y79        FDRE                                         r  tx_macro/pointer0_flop/R
  -------------------------------------------------------------------    -------------------

                         (clock sys_clk_pin rise edge)
                                                      0.000     0.000 r  
    H16                                               0.000     0.000 r  clk_in (IN)
                         net (fo=0)                   0.000     0.000    clk_in
    H16                  IBUF (Prop_ibuf_I_O)         1.380     1.380 r  clk_in_IBUF_inst/O
                         net (fo=1, routed)           2.293     3.673    clk_in_IBUF
    BUFGCTRL_X0Y16       BUFG (Prop_bufg_I_O)         0.091     3.764 r  clk_in_IBUF_BUFG_inst/O
                         net (fo=200, routed)         1.672     5.436    tx_macro/clk_in_IBUF_BUFG
    SLICE_X109Y79        FDRE                                         r  tx_macro/pointer0_flop/C

Slack:                    inf
  Source:                 reset
                            (input port)
  Destination:            tx_macro/pointer1_flop/R
                            (rising edge-triggered cell FDRE clocked by sys_clk_pin  {rise@0.000ns fall@4.000ns period=8.000ns})
  Path Group:             (none)
  Path Type:              Setup (Max at Slow Process Corner)
  Data Path Delay:        4.467ns  (logic 1.463ns (32.759%)  route 3.004ns (67.241%))
  Logic Levels:           1  (IBUF=1)
  Clock Path Skew:        5.436ns (DCD - SCD + CPR)
    Destination Clock Delay (DCD):    5.436ns
    Source Clock Delay      (SCD):    0.000ns
    Clock Pessimism Removal (CPR):    0.000ns
  Clock Uncertainty:      0.025ns  ((TSJ^2 + TIJ^2)^1/2 + DJ) / 2 + PE
    Total System Jitter     (TSJ):    0.050ns
    Total Input Jitter      (TIJ):    0.000ns
    Discrete Jitter          (DJ):    0.000ns
    Phase Error              (PE):    0.000ns

    Location             Delay type                Incr(ns)  Path(ns)    Netlist Resource(s)
  -------------------------------------------------------------------    -------------------
    D19                                               0.000     0.000 r  reset (IN)
                         net (fo=0)                   0.000     0.000    reset
    D19                  IBUF (Prop_ibuf_I_O)         1.463     1.463 r  reset_IBUF_inst/O
                         net (fo=7, routed)           3.004     4.467    tx_macro/buffer_reset
    SLICE_X109Y79        FDRE                                         r  tx_macro/pointer1_flop/R
  -------------------------------------------------------------------    -------------------

                         (clock sys_clk_pin rise edge)
                                                      0.000     0.000 r  
    H16                                               0.000     0.000 r  clk_in (IN)
                         net (fo=0)                   0.000     0.000    clk_in
    H16                  IBUF (Prop_ibuf_I_O)         1.380     1.380 r  clk_in_IBUF_inst/O
                         net (fo=1, routed)           2.293     3.673    clk_in_IBUF
    BUFGCTRL_X0Y16       BUFG (Prop_bufg_I_O)         0.091     3.764 r  clk_in_IBUF_BUFG_inst/O
                         net (fo=200, routed)         1.672     5.436    tx_macro/clk_in_IBUF_BUFG
    SLICE_X109Y79        FDRE                                         r  tx_macro/pointer1_flop/C

Slack:                    inf
  Source:                 reset
                            (input port)
  Destination:            tx_macro/pointer2_flop/R
                            (rising edge-triggered cell FDRE clocked by sys_clk_pin  {rise@0.000ns fall@4.000ns period=8.000ns})
  Path Group:             (none)
  Path Type:              Setup (Max at Slow Process Corner)
  Data Path Delay:        4.467ns  (logic 1.463ns (32.759%)  route 3.004ns (67.241%))
  Logic Levels:           1  (IBUF=1)
  Clock Path Skew:        5.436ns (DCD - SCD + CPR)
    Destination Clock Delay (DCD):    5.436ns
    Source Clock Delay      (SCD):    0.000ns
    Clock Pessimism Removal (CPR):    0.000ns
  Clock Uncertainty:      0.025ns  ((TSJ^2 + TIJ^2)^1/2 + DJ) / 2 + PE
    Total System Jitter     (TSJ):    0.050ns
    Total Input Jitter      (TIJ):    0.000ns
    Discrete Jitter          (DJ):    0.000ns
    Phase Error              (PE):    0.000ns

    Location             Delay type                Incr(ns)  Path(ns)    Netlist Resource(s)
  -------------------------------------------------------------------    -------------------
    D19                                               0.000     0.000 r  reset (IN)
                         net (fo=0)                   0.000     0.000    reset
    D19                  IBUF (Prop_ibuf_I_O)         1.463     1.463 r  reset_IBUF_inst/O
                         net (fo=7, routed)           3.004     4.467    tx_macro/buffer_reset
    SLICE_X109Y79        FDRE                                         r  tx_macro/pointer2_flop/R
  -------------------------------------------------------------------    -------------------

                         (clock sys_clk_pin rise edge)
                                                      0.000     0.000 r  
    H16                                               0.000     0.000 r  clk_in (IN)
                         net (fo=0)                   0.000     0.000    clk_in
    H16                  IBUF (Prop_ibuf_I_O)         1.380     1.380 r  clk_in_IBUF_inst/O
                         net (fo=1, routed)           2.293     3.673    clk_in_IBUF
    BUFGCTRL_X0Y16       BUFG (Prop_bufg_I_O)         0.091     3.764 r  clk_in_IBUF_BUFG_inst/O
                         net (fo=200, routed)         1.672     5.436    tx_macro/clk_in_IBUF_BUFG
    SLICE_X109Y79        FDRE                                         r  tx_macro/pointer2_flop/C

Slack:                    inf
  Source:                 reset
                            (input port)
  Destination:            tx_macro/pointer3_flop/R
                            (rising edge-triggered cell FDRE clocked by sys_clk_pin  {rise@0.000ns fall@4.000ns period=8.000ns})
  Path Group:             (none)
  Path Type:              Setup (Max at Slow Process Corner)
  Data Path Delay:        4.467ns  (logic 1.463ns (32.759%)  route 3.004ns (67.241%))
  Logic Levels:           1  (IBUF=1)
  Clock Path Skew:        5.436ns (DCD - SCD + CPR)
    Destination Clock Delay (DCD):    5.436ns
    Source Clock Delay      (SCD):    0.000ns
    Clock Pessimism Removal (CPR):    0.000ns
  Clock Uncertainty:      0.025ns  ((TSJ^2 + TIJ^2)^1/2 + DJ) / 2 + PE
    Total System Jitter     (TSJ):    0.050ns
    Total Input Jitter      (TIJ):    0.000ns
    Discrete Jitter          (DJ):    0.000ns
    Phase Error              (PE):    0.000ns

    Location             Delay type                Incr(ns)  Path(ns)    Netlist Resource(s)
  -------------------------------------------------------------------    -------------------
    D19                                               0.000     0.000 r  reset (IN)
                         net (fo=0)                   0.000     0.000    reset
    D19                  IBUF (Prop_ibuf_I_O)         1.463     1.463 r  reset_IBUF_inst/O
                         net (fo=7, routed)           3.004     4.467    tx_macro/buffer_reset
    SLICE_X109Y79        FDRE                                         r  tx_macro/pointer3_flop/R
  -------------------------------------------------------------------    -------------------

                         (clock sys_clk_pin rise edge)
                                                      0.000     0.000 r  
    H16                                               0.000     0.000 r  clk_in (IN)
                         net (fo=0)                   0.000     0.000    clk_in
    H16                  IBUF (Prop_ibuf_I_O)         1.380     1.380 r  clk_in_IBUF_inst/O
                         net (fo=1, routed)           2.293     3.673    clk_in_IBUF
    BUFGCTRL_X0Y16       BUFG (Prop_bufg_I_O)         0.091     3.764 r  clk_in_IBUF_BUFG_inst/O
                         net (fo=200, routed)         1.672     5.436    tx_macro/clk_in_IBUF_BUFG
    SLICE_X109Y79        FDRE                                         r  tx_macro/pointer3_flop/C

Slack:                    inf
  Source:                 reset
                            (input port)
  Destination:            tx_macro/data_present_flop/R
                            (rising edge-triggered cell FDRE clocked by sys_clk_pin  {rise@0.000ns fall@4.000ns period=8.000ns})
  Path Group:             (none)
  Path Type:              Setup (Max at Slow Process Corner)
  Data Path Delay:        4.181ns  (logic 1.463ns (35.004%)  route 2.717ns (64.996%))
  Logic Levels:           1  (IBUF=1)
  Clock Path Skew:        5.436ns (DCD - SCD + CPR)
    Destination Clock Delay (DCD):    5.436ns
    Source Clock Delay      (SCD):    0.000ns
    Clock Pessimism Removal (CPR):    0.000ns
  Clock Uncertainty:      0.025ns  ((TSJ^2 + TIJ^2)^1/2 + DJ) / 2 + PE
    Total System Jitter     (TSJ):    0.050ns
    Total Input Jitter      (TIJ):    0.000ns
    Discrete Jitter          (DJ):    0.000ns
    Phase Error              (PE):    0.000ns

    Location             Delay type                Incr(ns)  Path(ns)    Netlist Resource(s)
  -------------------------------------------------------------------    -------------------
    D19                                               0.000     0.000 r  reset (IN)
                         net (fo=0)                   0.000     0.000    reset
    D19                  IBUF (Prop_ibuf_I_O)         1.463     1.463 r  reset_IBUF_inst/O
                         net (fo=7, routed)           2.717     4.181    tx_macro/buffer_reset
    SLICE_X107Y79        FDRE                                         r  tx_macro/data_present_flop/R
  -------------------------------------------------------------------    -------------------

                         (clock sys_clk_pin rise edge)
                                                      0.000     0.000 r  
    H16                                               0.000     0.000 r  clk_in (IN)
                         net (fo=0)                   0.000     0.000    clk_in
    H16                  IBUF (Prop_ibuf_I_O)         1.380     1.380 r  clk_in_IBUF_inst/O
                         net (fo=1, routed)           2.293     3.673    clk_in_IBUF
    BUFGCTRL_X0Y16       BUFG (Prop_bufg_I_O)         0.091     3.764 r  clk_in_IBUF_BUFG_inst/O
                         net (fo=200, routed)         1.672     5.436    tx_macro/clk_in_IBUF_BUFG
    SLICE_X107Y79        FDRE                                         r  tx_macro/data_present_flop/C

Slack:                    inf
  Source:                 psclock
                            (input port)
  Destination:            clk_count_reg[0]/D
                            (rising edge-triggered cell FDRE clocked by sys_clk_pin  {rise@0.000ns fall@4.000ns period=8.000ns})
  Path Group:             (none)
  Path Type:              Setup (Max at Slow Process Corner)
  Data Path Delay:        3.779ns  (logic 1.798ns (47.568%)  route 1.982ns (52.432%))
  Logic Levels:           3  (IBUF=1 LUT2=1 LUT6=1)
  Clock Path Skew:        5.442ns (DCD - SCD + CPR)
    Destination Clock Delay (DCD):    5.442ns
    Source Clock Delay      (SCD):    0.000ns
    Clock Pessimism Removal (CPR):    0.000ns
  Clock Uncertainty:      0.025ns  ((TSJ^2 + TIJ^2)^1/2 + DJ) / 2 + PE
    Total System Jitter     (TSJ):    0.050ns
    Total Input Jitter      (TIJ):    0.000ns
    Discrete Jitter          (DJ):    0.000ns
    Phase Error              (PE):    0.000ns

    Location             Delay type                Incr(ns)  Path(ns)    Netlist Resource(s)
  -------------------------------------------------------------------    -------------------
    T11                                               0.000     0.000 r  psclock (IN)
                         net (fo=0)                   0.000     0.000    psclock
    T11                  IBUF (Prop_ibuf_I_O)         1.550     1.550 r  psclock_IBUF_inst/O
                         net (fo=3, routed)           1.456     3.005    psclock_IBUF
    SLICE_X112Y81        LUT2 (Prop_lut2_I1_O)        0.124     3.129 f  clk_inter_i_1/O
                         net (fo=6, routed)           0.526     3.655    clk_inter0
    SLICE_X113Y82        LUT6 (Prop_lut6_I5_O)        0.124     3.779 r  clk_count[0]_i_1/O
                         net (fo=1, routed)           0.000     3.779    clk_count[0]_i_1_n_0
    SLICE_X113Y82        FDRE                                         r  clk_count_reg[0]/D
  -------------------------------------------------------------------    -------------------

                         (clock sys_clk_pin rise edge)
                                                      0.000     0.000 r  
    H16                                               0.000     0.000 r  clk_in (IN)
                         net (fo=0)                   0.000     0.000    clk_in
    H16                  IBUF (Prop_ibuf_I_O)         1.380     1.380 r  clk_in_IBUF_inst/O
                         net (fo=1, routed)           2.293     3.673    clk_in_IBUF
    BUFGCTRL_X0Y16       BUFG (Prop_bufg_I_O)         0.091     3.764 r  clk_in_IBUF_BUFG_inst/O
                         net (fo=200, routed)         1.678     5.442    clk_in_IBUF_BUFG
    SLICE_X113Y82        FDRE                                         r  clk_count_reg[0]/C

Slack:                    inf
  Source:                 psclock
                            (input port)
  Destination:            clk_count_reg[1]/R
                            (rising edge-triggered cell FDRE clocked by sys_clk_pin  {rise@0.000ns fall@4.000ns period=8.000ns})
  Path Group:             (none)
  Path Type:              Setup (Max at Slow Process Corner)
  Data Path Delay:        3.701ns  (logic 1.674ns (45.220%)  route 2.028ns (54.780%))
  Logic Levels:           2  (IBUF=1 LUT2=1)
  Clock Path Skew:        5.442ns (DCD - SCD + CPR)
    Destination Clock Delay (DCD):    5.442ns
    Source Clock Delay      (SCD):    0.000ns
    Clock Pessimism Removal (CPR):    0.000ns
  Clock Uncertainty:      0.025ns  ((TSJ^2 + TIJ^2)^1/2 + DJ) / 2 + PE
    Total System Jitter     (TSJ):    0.050ns
    Total Input Jitter      (TIJ):    0.000ns
    Discrete Jitter          (DJ):    0.000ns
    Phase Error              (PE):    0.000ns

    Location             Delay type                Incr(ns)  Path(ns)    Netlist Resource(s)
  -------------------------------------------------------------------    -------------------
    T11                                               0.000     0.000 r  psclock (IN)
                         net (fo=0)                   0.000     0.000    psclock
    T11                  IBUF (Prop_ibuf_I_O)         1.550     1.550 r  psclock_IBUF_inst/O
                         net (fo=3, routed)           1.456     3.005    psclock_IBUF
    SLICE_X112Y81        LUT2 (Prop_lut2_I1_O)        0.124     3.129 r  clk_inter_i_1/O
                         net (fo=6, routed)           0.572     3.701    clk_inter0
    SLICE_X112Y82        FDRE                                         r  clk_count_reg[1]/R
  -------------------------------------------------------------------    -------------------

                         (clock sys_clk_pin rise edge)
                                                      0.000     0.000 r  
    H16                                               0.000     0.000 r  clk_in (IN)
                         net (fo=0)                   0.000     0.000    clk_in
    H16                  IBUF (Prop_ibuf_I_O)         1.380     1.380 r  clk_in_IBUF_inst/O
                         net (fo=1, routed)           2.293     3.673    clk_in_IBUF
    BUFGCTRL_X0Y16       BUFG (Prop_bufg_I_O)         0.091     3.764 r  clk_in_IBUF_BUFG_inst/O
                         net (fo=200, routed)         1.678     5.442    clk_in_IBUF_BUFG
    SLICE_X112Y82        FDRE                                         r  clk_count_reg[1]/C

Slack:                    inf
  Source:                 psclock
                            (input port)
  Destination:            clk_count_reg[2]/R
                            (rising edge-triggered cell FDRE clocked by sys_clk_pin  {rise@0.000ns fall@4.000ns period=8.000ns})
  Path Group:             (none)
  Path Type:              Setup (Max at Slow Process Corner)
  Data Path Delay:        3.701ns  (logic 1.674ns (45.220%)  route 2.028ns (54.780%))
  Logic Levels:           2  (IBUF=1 LUT2=1)
  Clock Path Skew:        5.442ns (DCD - SCD + CPR)
    Destination Clock Delay (DCD):    5.442ns
    Source Clock Delay      (SCD):    0.000ns
    Clock Pessimism Removal (CPR):    0.000ns
  Clock Uncertainty:      0.025ns  ((TSJ^2 + TIJ^2)^1/2 + DJ) / 2 + PE
    Total System Jitter     (TSJ):    0.050ns
    Total Input Jitter      (TIJ):    0.000ns
    Discrete Jitter          (DJ):    0.000ns
    Phase Error              (PE):    0.000ns

    Location             Delay type                Incr(ns)  Path(ns)    Netlist Resource(s)
  -------------------------------------------------------------------    -------------------
    T11                                               0.000     0.000 r  psclock (IN)
                         net (fo=0)                   0.000     0.000    psclock
    T11                  IBUF (Prop_ibuf_I_O)         1.550     1.550 r  psclock_IBUF_inst/O
                         net (fo=3, routed)           1.456     3.005    psclock_IBUF
    SLICE_X112Y81        LUT2 (Prop_lut2_I1_O)        0.124     3.129 r  clk_inter_i_1/O
                         net (fo=6, routed)           0.572     3.701    clk_inter0
    SLICE_X112Y82        FDRE                                         r  clk_count_reg[2]/R
  -------------------------------------------------------------------    -------------------

                         (clock sys_clk_pin rise edge)
                                                      0.000     0.000 r  
    H16                                               0.000     0.000 r  clk_in (IN)
                         net (fo=0)                   0.000     0.000    clk_in
    H16                  IBUF (Prop_ibuf_I_O)         1.380     1.380 r  clk_in_IBUF_inst/O
                         net (fo=1, routed)           2.293     3.673    clk_in_IBUF
    BUFGCTRL_X0Y16       BUFG (Prop_bufg_I_O)         0.091     3.764 r  clk_in_IBUF_BUFG_inst/O
                         net (fo=200, routed)         1.678     5.442    clk_in_IBUF_BUFG
    SLICE_X112Y82        FDRE                                         r  clk_count_reg[2]/C





Min Delay Paths
--------------------------------------------------------------------------------------
Slack:                    inf
  Source:                 psdata
                            (input port)
  Destination:            ps2_data_clean_reg/D
                            (rising edge-triggered cell FDRE clocked by sys_clk_pin  {rise@0.000ns fall@4.000ns period=8.000ns})
  Path Group:             (none)
  Path Type:              Hold (Min at Fast Process Corner)
  Data Path Delay:        0.834ns  (logic 0.412ns (49.398%)  route 0.422ns (50.602%))
  Logic Levels:           2  (IBUF=1 LUT4=1)
  Clock Path Skew:        2.240ns (DCD - SCD - CPR)
    Destination Clock Delay (DCD):    2.240ns
    Source Clock Delay      (SCD):    0.000ns
    Clock Pessimism Removal (CPR):    -0.000ns

    Location             Delay type                Incr(ns)  Path(ns)    Netlist Resource(s)
  -------------------------------------------------------------------    -------------------
    W14                                               0.000     0.000 r  psdata (IN)
                         net (fo=0)                   0.000     0.000    psdata
    W14                  IBUF (Prop_ibuf_I_O)         0.367     0.367 r  psdata_IBUF_inst/O
                         net (fo=3, routed)           0.422     0.789    psdata_IBUF
    SLICE_X112Y80        LUT4 (Prop_lut4_I1_O)        0.045     0.834 r  ps2_data_clean_i_1/O
                         net (fo=1, routed)           0.000     0.834    ps2_data_clean_i_1_n_0
    SLICE_X112Y80        FDRE                                         r  ps2_data_clean_reg/D
  -------------------------------------------------------------------    -------------------

                         (clock sys_clk_pin rise edge)
                                                      0.000     0.000 r  
    H16                                               0.000     0.000 r  clk_in (IN)
                         net (fo=0)                   0.000     0.000    clk_in
    H16                  IBUF (Prop_ibuf_I_O)         0.406     0.406 r  clk_in_IBUF_inst/O
                         net (fo=1, routed)           0.907     1.313    clk_in_IBUF
    BUFGCTRL_X0Y16       BUFG (Prop_bufg_I_O)         0.029     1.342 r  clk_in_IBUF_BUFG_inst/O
                         net (fo=200, routed)         0.898     2.240    clk_in_IBUF_BUFG
    SLICE_X112Y80        FDRE                                         r  ps2_data_clean_reg/C

Slack:                    inf
  Source:                 psdata
                            (input port)
  Destination:            data_inter_reg/D
                            (rising edge-triggered cell FDRE clocked by sys_clk_pin  {rise@0.000ns fall@4.000ns period=8.000ns})
  Path Group:             (none)
  Path Type:              Hold (Min at Fast Process Corner)
  Data Path Delay:        0.876ns  (logic 0.367ns (41.864%)  route 0.509ns (58.136%))
  Logic Levels:           1  (IBUF=1)
  Clock Path Skew:        2.240ns (DCD - SCD - CPR)
    Destination Clock Delay (DCD):    2.240ns
    Source Clock Delay      (SCD):    0.000ns
    Clock Pessimism Removal (CPR):    -0.000ns

    Location             Delay type                Incr(ns)  Path(ns)    Netlist Resource(s)
  -------------------------------------------------------------------    -------------------
    W14                                               0.000     0.000 r  psdata (IN)
                         net (fo=0)                   0.000     0.000    psdata
    W14                  IBUF (Prop_ibuf_I_O)         0.367     0.367 r  psdata_IBUF_inst/O
                         net (fo=3, routed)           0.509     0.876    psdata_IBUF
    SLICE_X113Y80        FDRE                                         r  data_inter_reg/D
  -------------------------------------------------------------------    -------------------

                         (clock sys_clk_pin rise edge)
                                                      0.000     0.000 r  
    H16                                               0.000     0.000 r  clk_in (IN)
                         net (fo=0)                   0.000     0.000    clk_in
    H16                  IBUF (Prop_ibuf_I_O)         0.406     0.406 r  clk_in_IBUF_inst/O
                         net (fo=1, routed)           0.907     1.313    clk_in_IBUF
    BUFGCTRL_X0Y16       BUFG (Prop_bufg_I_O)         0.029     1.342 r  clk_in_IBUF_BUFG_inst/O
                         net (fo=200, routed)         0.898     2.240    clk_in_IBUF_BUFG
    SLICE_X113Y80        FDRE                                         r  data_inter_reg/C

Slack:                    inf
  Source:                 psclock
                            (input port)
  Destination:            clk_inter_reg/D
                            (rising edge-triggered cell FDRE clocked by sys_clk_pin  {rise@0.000ns fall@4.000ns period=8.000ns})
  Path Group:             (none)
  Path Type:              Hold (Min at Fast Process Corner)
  Data Path Delay:        0.878ns  (logic 0.317ns (36.076%)  route 0.562ns (63.924%))
  Logic Levels:           1  (IBUF=1)
  Clock Path Skew:        2.241ns (DCD - SCD - CPR)
    Destination Clock Delay (DCD):    2.241ns
    Source Clock Delay      (SCD):    0.000ns
    Clock Pessimism Removal (CPR):    -0.000ns

    Location             Delay type                Incr(ns)  Path(ns)    Netlist Resource(s)
  -------------------------------------------------------------------    -------------------
    T11                                               0.000     0.000 r  psclock (IN)
                         net (fo=0)                   0.000     0.000    psclock
    T11                  IBUF (Prop_ibuf_I_O)         0.317     0.317 r  psclock_IBUF_inst/O
                         net (fo=3, routed)           0.562     0.878    psclock_IBUF
    SLICE_X112Y81        FDRE                                         r  clk_inter_reg/D
  -------------------------------------------------------------------    -------------------

                         (clock sys_clk_pin rise edge)
                                                      0.000     0.000 r  
    H16                                               0.000     0.000 r  clk_in (IN)
                         net (fo=0)                   0.000     0.000    clk_in
    H16                  IBUF (Prop_ibuf_I_O)         0.406     0.406 r  clk_in_IBUF_inst/O
                         net (fo=1, routed)           0.907     1.313    clk_in_IBUF
    BUFGCTRL_X0Y16       BUFG (Prop_bufg_I_O)         0.029     1.342 r  clk_in_IBUF_BUFG_inst/O
                         net (fo=200, routed)         0.899     2.241    clk_in_IBUF_BUFG
    SLICE_X112Y81        FDRE                                         r  clk_inter_reg/C

Slack:                    inf
  Source:                 psdata
                            (input port)
  Destination:            data_inter_reg/CE
                            (rising edge-triggered cell FDRE clocked by sys_clk_pin  {rise@0.000ns fall@4.000ns period=8.000ns})
  Path Group:             (none)
  Path Type:              Hold (Min at Fast Process Corner)
  Data Path Delay:        0.991ns  (logic 0.412ns (41.550%)  route 0.579ns (58.450%))
  Logic Levels:           2  (IBUF=1 LUT2=1)
  Clock Path Skew:        2.240ns (DCD - SCD - CPR)
    Destination Clock Delay (DCD):    2.240ns
    Source Clock Delay      (SCD):    0.000ns
    Clock Pessimism Removal (CPR):    -0.000ns

    Location             Delay type                Incr(ns)  Path(ns)    Netlist Resource(s)
  -------------------------------------------------------------------    -------------------
    W14                                               0.000     0.000 r  psdata (IN)
                         net (fo=0)                   0.000     0.000    psdata
    W14                  IBUF (Prop_ibuf_I_O)         0.367     0.367 r  psdata_IBUF_inst/O
                         net (fo=3, routed)           0.413     0.780    psdata_IBUF
    SLICE_X112Y80        LUT2 (Prop_lut2_I1_O)        0.045     0.825 r  data_inter_i_1/O
                         net (fo=6, routed)           0.166     0.991    data_inter0
    SLICE_X113Y80        FDRE                                         r  data_inter_reg/CE
  -------------------------------------------------------------------    -------------------

                         (clock sys_clk_pin rise edge)
                                                      0.000     0.000 r  
    H16                                               0.000     0.000 r  clk_in (IN)
                         net (fo=0)                   0.000     0.000    clk_in
    H16                  IBUF (Prop_ibuf_I_O)         0.406     0.406 r  clk_in_IBUF_inst/O
                         net (fo=1, routed)           0.907     1.313    clk_in_IBUF
    BUFGCTRL_X0Y16       BUFG (Prop_bufg_I_O)         0.029     1.342 r  clk_in_IBUF_BUFG_inst/O
                         net (fo=200, routed)         0.898     2.240    clk_in_IBUF_BUFG
    SLICE_X113Y80        FDRE                                         r  data_inter_reg/C

Slack:                    inf
  Source:                 psdata
                            (input port)
  Destination:            data_count_reg[1]/R
                            (rising edge-triggered cell FDRE clocked by sys_clk_pin  {rise@0.000ns fall@4.000ns period=8.000ns})
  Path Group:             (none)
  Path Type:              Hold (Min at Fast Process Corner)
  Data Path Delay:        1.058ns  (logic 0.412ns (38.925%)  route 0.646ns (61.075%))
  Logic Levels:           2  (IBUF=1 LUT2=1)
  Clock Path Skew:        2.239ns (DCD - SCD - CPR)
    Destination Clock Delay (DCD):    2.239ns
    Source Clock Delay      (SCD):    0.000ns
    Clock Pessimism Removal (CPR):    -0.000ns

    Location             Delay type                Incr(ns)  Path(ns)    Netlist Resource(s)
  -------------------------------------------------------------------    -------------------
    W14                                               0.000     0.000 r  psdata (IN)
                         net (fo=0)                   0.000     0.000    psdata
    W14                  IBUF (Prop_ibuf_I_O)         0.367     0.367 r  psdata_IBUF_inst/O
                         net (fo=3, routed)           0.413     0.780    psdata_IBUF
    SLICE_X112Y80        LUT2 (Prop_lut2_I1_O)        0.045     0.825 r  data_inter_i_1/O
                         net (fo=6, routed)           0.233     1.058    data_inter0
    SLICE_X112Y79        FDRE                                         r  data_count_reg[1]/R
  -------------------------------------------------------------------    -------------------

                         (clock sys_clk_pin rise edge)
                                                      0.000     0.000 r  
    H16                                               0.000     0.000 r  clk_in (IN)
                         net (fo=0)                   0.000     0.000    clk_in
    H16                  IBUF (Prop_ibuf_I_O)         0.406     0.406 r  clk_in_IBUF_inst/O
                         net (fo=1, routed)           0.907     1.313    clk_in_IBUF
    BUFGCTRL_X0Y16       BUFG (Prop_bufg_I_O)         0.029     1.342 r  clk_in_IBUF_BUFG_inst/O
                         net (fo=200, routed)         0.897     2.239    clk_in_IBUF_BUFG
    SLICE_X112Y79        FDRE                                         r  data_count_reg[1]/C

Slack:                    inf
  Source:                 psdata
                            (input port)
  Destination:            data_count_reg[2]/R
                            (rising edge-triggered cell FDRE clocked by sys_clk_pin  {rise@0.000ns fall@4.000ns period=8.000ns})
  Path Group:             (none)
  Path Type:              Hold (Min at Fast Process Corner)
  Data Path Delay:        1.058ns  (logic 0.412ns (38.925%)  route 0.646ns (61.075%))
  Logic Levels:           2  (IBUF=1 LUT2=1)
  Clock Path Skew:        2.239ns (DCD - SCD - CPR)
    Destination Clock Delay (DCD):    2.239ns
    Source Clock Delay      (SCD):    0.000ns
    Clock Pessimism Removal (CPR):    -0.000ns

    Location             Delay type                Incr(ns)  Path(ns)    Netlist Resource(s)
  -------------------------------------------------------------------    -------------------
    W14                                               0.000     0.000 r  psdata (IN)
                         net (fo=0)                   0.000     0.000    psdata
    W14                  IBUF (Prop_ibuf_I_O)         0.367     0.367 r  psdata_IBUF_inst/O
                         net (fo=3, routed)           0.413     0.780    psdata_IBUF
    SLICE_X112Y80        LUT2 (Prop_lut2_I1_O)        0.045     0.825 r  data_inter_i_1/O
                         net (fo=6, routed)           0.233     1.058    data_inter0
    SLICE_X112Y79        FDRE                                         r  data_count_reg[2]/R
  -------------------------------------------------------------------    -------------------

                         (clock sys_clk_pin rise edge)
                                                      0.000     0.000 r  
    H16                                               0.000     0.000 r  clk_in (IN)
                         net (fo=0)                   0.000     0.000    clk_in
    H16                  IBUF (Prop_ibuf_I_O)         0.406     0.406 r  clk_in_IBUF_inst/O
                         net (fo=1, routed)           0.907     1.313    clk_in_IBUF
    BUFGCTRL_X0Y16       BUFG (Prop_bufg_I_O)         0.029     1.342 r  clk_in_IBUF_BUFG_inst/O
                         net (fo=200, routed)         0.897     2.239    clk_in_IBUF_BUFG
    SLICE_X112Y79        FDRE                                         r  data_count_reg[2]/C

Slack:                    inf
  Source:                 psdata
                            (input port)
  Destination:            data_count_reg[3]/R
                            (rising edge-triggered cell FDRE clocked by sys_clk_pin  {rise@0.000ns fall@4.000ns period=8.000ns})
  Path Group:             (none)
  Path Type:              Hold (Min at Fast Process Corner)
  Data Path Delay:        1.058ns  (logic 0.412ns (38.925%)  route 0.646ns (61.075%))
  Logic Levels:           2  (IBUF=1 LUT2=1)
  Clock Path Skew:        2.239ns (DCD - SCD - CPR)
    Destination Clock Delay (DCD):    2.239ns
    Source Clock Delay      (SCD):    0.000ns
    Clock Pessimism Removal (CPR):    -0.000ns

    Location             Delay type                Incr(ns)  Path(ns)    Netlist Resource(s)
  -------------------------------------------------------------------    -------------------
    W14                                               0.000     0.000 r  psdata (IN)
                         net (fo=0)                   0.000     0.000    psdata
    W14                  IBUF (Prop_ibuf_I_O)         0.367     0.367 r  psdata_IBUF_inst/O
                         net (fo=3, routed)           0.413     0.780    psdata_IBUF
    SLICE_X112Y80        LUT2 (Prop_lut2_I1_O)        0.045     0.825 r  data_inter_i_1/O
                         net (fo=6, routed)           0.233     1.058    data_inter0
    SLICE_X112Y79        FDRE                                         r  data_count_reg[3]/R
  -------------------------------------------------------------------    -------------------

                         (clock sys_clk_pin rise edge)
                                                      0.000     0.000 r  
    H16                                               0.000     0.000 r  clk_in (IN)
                         net (fo=0)                   0.000     0.000    clk_in
    H16                  IBUF (Prop_ibuf_I_O)         0.406     0.406 r  clk_in_IBUF_inst/O
                         net (fo=1, routed)           0.907     1.313    clk_in_IBUF
    BUFGCTRL_X0Y16       BUFG (Prop_bufg_I_O)         0.029     1.342 r  clk_in_IBUF_BUFG_inst/O
                         net (fo=200, routed)         0.897     2.239    clk_in_IBUF_BUFG
    SLICE_X112Y79        FDRE                                         r  data_count_reg[3]/C

Slack:                    inf
  Source:                 psdata
                            (input port)
  Destination:            data_count_reg[4]/R
                            (rising edge-triggered cell FDRE clocked by sys_clk_pin  {rise@0.000ns fall@4.000ns period=8.000ns})
  Path Group:             (none)
  Path Type:              Hold (Min at Fast Process Corner)
  Data Path Delay:        1.058ns  (logic 0.412ns (38.925%)  route 0.646ns (61.075%))
  Logic Levels:           2  (IBUF=1 LUT2=1)
  Clock Path Skew:        2.239ns (DCD - SCD - CPR)
    Destination Clock Delay (DCD):    2.239ns
    Source Clock Delay      (SCD):    0.000ns
    Clock Pessimism Removal (CPR):    -0.000ns

    Location             Delay type                Incr(ns)  Path(ns)    Netlist Resource(s)
  -------------------------------------------------------------------    -------------------
    W14                                               0.000     0.000 r  psdata (IN)
                         net (fo=0)                   0.000     0.000    psdata
    W14                  IBUF (Prop_ibuf_I_O)         0.367     0.367 r  psdata_IBUF_inst/O
                         net (fo=3, routed)           0.413     0.780    psdata_IBUF
    SLICE_X112Y80        LUT2 (Prop_lut2_I1_O)        0.045     0.825 r  data_inter_i_1/O
                         net (fo=6, routed)           0.233     1.058    data_inter0
    SLICE_X113Y79        FDRE                                         r  data_count_reg[4]/R
  -------------------------------------------------------------------    -------------------

                         (clock sys_clk_pin rise edge)
                                                      0.000     0.000 r  
    H16                                               0.000     0.000 r  clk_in (IN)
                         net (fo=0)                   0.000     0.000    clk_in
    H16                  IBUF (Prop_ibuf_I_O)         0.406     0.406 r  clk_in_IBUF_inst/O
                         net (fo=1, routed)           0.907     1.313    clk_in_IBUF
    BUFGCTRL_X0Y16       BUFG (Prop_bufg_I_O)         0.029     1.342 r  clk_in_IBUF_BUFG_inst/O
                         net (fo=200, routed)         0.897     2.239    clk_in_IBUF_BUFG
    SLICE_X113Y79        FDRE                                         r  data_count_reg[4]/C

Slack:                    inf
  Source:                 psclock
                            (input port)
  Destination:            ps2_clk_clean_reg/D
                            (rising edge-triggered cell FDRE clocked by sys_clk_pin  {rise@0.000ns fall@4.000ns period=8.000ns})
  Path Group:             (none)
  Path Type:              Hold (Min at Fast Process Corner)
  Data Path Delay:        1.084ns  (logic 0.362ns (33.402%)  route 0.722ns (66.598%))
  Logic Levels:           2  (IBUF=1 LUT4=1)
  Clock Path Skew:        2.240ns (DCD - SCD - CPR)
    Destination Clock Delay (DCD):    2.240ns
    Source Clock Delay      (SCD):    0.000ns
    Clock Pessimism Removal (CPR):    -0.000ns

    Location             Delay type                Incr(ns)  Path(ns)    Netlist Resource(s)
  -------------------------------------------------------------------    -------------------
    T11                                               0.000     0.000 r  psclock (IN)
                         net (fo=0)                   0.000     0.000    psclock
    T11                  IBUF (Prop_ibuf_I_O)         0.317     0.317 r  psclock_IBUF_inst/O
                         net (fo=3, routed)           0.722     1.039    psclock_IBUF
    SLICE_X112Y80        LUT4 (Prop_lut4_I1_O)        0.045     1.084 r  ps2_clk_clean_i_1/O
                         net (fo=1, routed)           0.000     1.084    ps2_clk_clean_i_1_n_0
    SLICE_X112Y80        FDRE                                         r  ps2_clk_clean_reg/D
  -------------------------------------------------------------------    -------------------

                         (clock sys_clk_pin rise edge)
                                                      0.000     0.000 r  
    H16                                               0.000     0.000 r  clk_in (IN)
                         net (fo=0)                   0.000     0.000    clk_in
    H16                  IBUF (Prop_ibuf_I_O)         0.406     0.406 r  clk_in_IBUF_inst/O
                         net (fo=1, routed)           0.907     1.313    clk_in_IBUF
    BUFGCTRL_X0Y16       BUFG (Prop_bufg_I_O)         0.029     1.342 r  clk_in_IBUF_BUFG_inst/O
                         net (fo=200, routed)         0.898     2.240    clk_in_IBUF_BUFG
    SLICE_X112Y80        FDRE                                         r  ps2_clk_clean_reg/C

Slack:                    inf
  Source:                 psclock
                            (input port)
  Destination:            clk_inter_reg/CE
                            (rising edge-triggered cell FDRE clocked by sys_clk_pin  {rise@0.000ns fall@4.000ns period=8.000ns})
  Path Group:             (none)
  Path Type:              Hold (Min at Fast Process Corner)
  Data Path Delay:        1.100ns  (logic 0.362ns (32.900%)  route 0.738ns (67.100%))
  Logic Levels:           2  (IBUF=1 LUT2=1)
  Clock Path Skew:        2.241ns (DCD - SCD - CPR)
    Destination Clock Delay (DCD):    2.241ns
    Source Clock Delay      (SCD):    0.000ns
    Clock Pessimism Removal (CPR):    -0.000ns

    Location             Delay type                Incr(ns)  Path(ns)    Netlist Resource(s)
  -------------------------------------------------------------------    -------------------
    T11                                               0.000     0.000 r  psclock (IN)
                         net (fo=0)                   0.000     0.000    psclock
    T11                  IBUF (Prop_ibuf_I_O)         0.317     0.317 r  psclock_IBUF_inst/O
                         net (fo=3, routed)           0.593     0.909    psclock_IBUF
    SLICE_X112Y81        LUT2 (Prop_lut2_I1_O)        0.045     0.954 r  clk_inter_i_1/O
                         net (fo=6, routed)           0.146     1.100    clk_inter0
    SLICE_X112Y81        FDRE                                         r  clk_inter_reg/CE
  -------------------------------------------------------------------    -------------------

                         (clock sys_clk_pin rise edge)
                                                      0.000     0.000 r  
    H16                                               0.000     0.000 r  clk_in (IN)
                         net (fo=0)                   0.000     0.000    clk_in
    H16                  IBUF (Prop_ibuf_I_O)         0.406     0.406 r  clk_in_IBUF_inst/O
                         net (fo=1, routed)           0.907     1.313    clk_in_IBUF
    BUFGCTRL_X0Y16       BUFG (Prop_bufg_I_O)         0.029     1.342 r  clk_in_IBUF_BUFG_inst/O
                         net (fo=200, routed)         0.899     2.241    clk_in_IBUF_BUFG
    SLICE_X112Y81        FDRE                                         r  clk_inter_reg/C





