Copyright 1986-2022 Xilinx, Inc. All Rights Reserved. Copyright 2022-2025 Advanced Micro Devices, Inc. All Rights Reserved.
------------------------------------------------------------------------------------------------------------------------------------------------------------------------------------------------------------------------------------
| Tool Version : Vivado v.2025.2 (win64) Build 6299465 Fri Nov 14 19:35:11 GMT 2025
| Date         : Tue Mar 31 10:54:29 2026
| Host         : DESKTOP-VFFUGOP running 64-bit major release  (build 9200)
| Command      : report_timing_summary -max_paths 10 -routable_nets -report_unconstrained -file toplevel_timing_summary_routed.rpt -pb toplevel_timing_summary_routed.pb -rpx toplevel_timing_summary_routed.rpx -warn_on_violation
| Design       : toplevel
| Device       : 7z020-clg400
| Speed File   : -1  PRODUCTION 1.12 2019-11-22
| Design State : Routed
------------------------------------------------------------------------------------------------------------------------------------------------------------------------------------------------------------------------------------

Timing Summary Report

------------------------------------------------------------------------------------------------
| Timer Settings
| --------------
------------------------------------------------------------------------------------------------

  Enable Multi Corner Analysis               :  Yes
  Enable Pessimism Removal                   :  Yes
  Pessimism Removal Resolution               :  Nearest Common Node
  Enable Input Delay Default Clock           :  No
  Enable Preset / Clear Arcs                 :  No
  Disable Flight Delays                      :  No
  Ignore I/O Paths                           :  No
  Timing Early Launch at Borrowing Latches   :  No
  Borrow Time for Max Delay Exceptions       :  Yes
  Merge Timing Exceptions                    :  Yes
  Inter-SLR Compensation                     :  Conservative

  Corner  Analyze    Analyze    
  Name    Max Paths  Min Paths  
  ------  ---------  ---------  
  Slow    Yes        Yes        
  Fast    Yes        Yes        


------------------------------------------------------------------------------------------------
| Report Methodology
| ------------------
------------------------------------------------------------------------------------------------

Rule       Severity  Description                    Violations  
---------  --------  -----------------------------  ----------  
TIMING-16  Warning   Large setup violation          39          
TIMING-18  Warning   Missing input or output delay  18          

Note: This report is based on the most recent report_methodology run and may not be up-to-date. Run report_methodology on the current design for the latest report.



check_timing report

Table of Contents
-----------------
1. checking no_clock (0)
2. checking constant_clock (0)
3. checking pulse_width_clock (0)
4. checking unconstrained_internal_endpoints (18)
5. checking no_input_delay (3)
6. checking no_output_delay (15)
7. checking multiple_clock (0)
8. checking generated_clocks (0)
9. checking loops (0)
10. checking partial_input_delay (0)
11. checking partial_output_delay (0)
12. checking latch_loops (0)

1. checking no_clock (0)
------------------------
 There are 0 register/latch pins with no clock.


2. checking constant_clock (0)
------------------------------
 There are 0 register/latch pins with constant_clock.


3. checking pulse_width_clock (0)
---------------------------------
 There are 0 register/latch pins which need pulse_width check


4. checking unconstrained_internal_endpoints (18)
-------------------------------------------------
 There are 0 pins that are not constrained for maximum delay.

 There are 18 pins that are not constrained for maximum delay due to constant clock. (MEDIUM)


5. checking no_input_delay (3)
------------------------------
 There are 3 input ports with no input delay specified. (HIGH)

 There are 0 input ports with no input delay but user has a false path constraint.


6. checking no_output_delay (15)
--------------------------------
 There are 15 ports with no output delay specified. (HIGH)

 There are 0 ports with no output delay but user has a false path constraint

 There are 0 ports with no output delay but with a timing clock defined on it or propagating through it


7. checking multiple_clock (0)
------------------------------
 There are 0 register/latch pins with multiple clocks.


8. checking generated_clocks (0)
--------------------------------
 There are 0 generated clocks that are not connected to a clock source.


9. checking loops (0)
---------------------
 There are 0 combinational loops in the design.


10. checking partial_input_delay (0)
------------------------------------
 There are 0 input ports with partial input delay specified.


11. checking partial_output_delay (0)
-------------------------------------
 There are 0 ports with partial output delay specified.


12. checking latch_loops (0)
----------------------------
 There are 0 combinational latch loops in the design through latch input



------------------------------------------------------------------------------------------------
| Design Timing Summary
| ---------------------
------------------------------------------------------------------------------------------------

    WNS(ns)      TNS(ns)  TNS Failing Endpoints  TNS Total Endpoints      WHS(ns)      THS(ns)  THS Failing Endpoints  THS Total Endpoints     WPWS(ns)     TPWS(ns)  TPWS Failing Endpoints  TPWS Total Endpoints  
    -------      -------  ---------------------  -------------------      -------      -------  ---------------------  -------------------     --------     --------  ----------------------  --------------------  
     -2.904      -90.083                     46                  501        0.033        0.000                      0                  501        2.750        0.000                       0                   161  


Timing constraints are not met.


------------------------------------------------------------------------------------------------
| Clock Summary
| -------------
------------------------------------------------------------------------------------------------

Clock        Waveform(ns)         Period(ns)      Frequency(MHz)
-----        ------------         ----------      --------------
sys_clk_pin  {0.000 4.000}        8.000           125.000         


------------------------------------------------------------------------------------------------
| Intra Clock Table
| -----------------
------------------------------------------------------------------------------------------------

Clock             WNS(ns)      TNS(ns)  TNS Failing Endpoints  TNS Total Endpoints      WHS(ns)      THS(ns)  THS Failing Endpoints  THS Total Endpoints     WPWS(ns)     TPWS(ns)  TPWS Failing Endpoints  TPWS Total Endpoints  
-----             -------      -------  ---------------------  -------------------      -------      -------  ---------------------  -------------------     --------     --------  ----------------------  --------------------  
sys_clk_pin        -2.904      -90.083                     46                  501        0.033        0.000                      0                  501        2.750        0.000                       0                   161  


------------------------------------------------------------------------------------------------
| Inter Clock Table
| -----------------
------------------------------------------------------------------------------------------------

From Clock    To Clock          WNS(ns)      TNS(ns)  TNS Failing Endpoints  TNS Total Endpoints      WHS(ns)      THS(ns)  THS Failing Endpoints  THS Total Endpoints  
----------    --------          -------      -------  ---------------------  -------------------      -------      -------  ---------------------  -------------------  


------------------------------------------------------------------------------------------------
| Other Path Groups Table
| -----------------------
------------------------------------------------------------------------------------------------

Path Group    From Clock    To Clock          WNS(ns)      TNS(ns)  TNS Failing Endpoints  TNS Total Endpoints      WHS(ns)      THS(ns)  THS Failing Endpoints  THS Total Endpoints  
----------    ----------    --------          -------      -------  ---------------------  -------------------      -------      -------  ---------------------  -------------------  


------------------------------------------------------------------------------------------------
| User Ignored Path Table
| -----------------------
------------------------------------------------------------------------------------------------

Path Group    From Clock    To Clock    
----------    ----------    --------    


------------------------------------------------------------------------------------------------
| Unconstrained Path Table
| ------------------------
------------------------------------------------------------------------------------------------

Path Group    From Clock    To Clock    
----------    ----------    --------    
(none)                                    
(none)        sys_clk_pin                 
(none)                      sys_clk_pin   


------------------------------------------------------------------------------------------------
| Timing Details
| --------------
------------------------------------------------------------------------------------------------


---------------------------------------------------------------------------------------------------
From Clock:  sys_clk_pin
  To Clock:  sys_clk_pin

Setup :           46  Failing Endpoints,  Worst Slack       -2.904ns,  Total Violation      -90.083ns
Hold  :            0  Failing Endpoints,  Worst Slack        0.033ns,  Total Violation        0.000ns
PW    :            0  Failing Endpoints,  Worst Slack        2.750ns,  Total Violation        0.000ns
---------------------------------------------------------------------------------------------------


Max Delay Paths
--------------------------------------------------------------------------------------
Slack (VIOLATED) :        -2.904ns  (required time - arrival time)
  Source:                 memoria/ram_2k_generate.akv7.kcpsm6_rom/CLKARDCLK
                            (rising edge-triggered cell RAMB36E1 clocked by sys_clk_pin  {rise@0.000ns fall@4.000ns period=8.000ns})
  Destination:            psdatabuff_reg[2]/CE
                            (falling edge-triggered cell FDRE clocked by sys_clk_pin  {rise@0.000ns fall@4.000ns period=8.000ns})
  Path Group:             sys_clk_pin
  Path Type:              Setup (Max at Slow Process Corner)
  Requirement:            4.000ns  (sys_clk_pin fall@4.000ns - sys_clk_pin rise@0.000ns)
  Data Path Delay:        6.603ns  (logic 3.259ns (49.360%)  route 3.344ns (50.640%))
  Logic Levels:           3  (LUT5=1 LUT6=1 RAMD32=1)
  Clock Path Skew:        -0.102ns (DCD - SCD + CPR)
    Destination Clock Delay (DCD):    5.367ns = ( 9.367 - 4.000 ) 
    Source Clock Delay      (SCD):    5.893ns
    Clock Pessimism Removal (CPR):    0.423ns
  Clock Uncertainty:      0.035ns  ((TSJ^2 + TIJ^2)^1/2 + DJ) / 2 + PE
    Total System Jitter     (TSJ):    0.071ns
    Total Input Jitter      (TIJ):    0.000ns
    Discrete Jitter          (DJ):    0.000ns
    Phase Error              (PE):    0.000ns

    Location             Delay type                Incr(ns)  Path(ns)    Netlist Resource(s)
  -------------------------------------------------------------------    -------------------
                         (clock sys_clk_pin rise edge)
                                                      0.000     0.000 r  
    H16                                               0.000     0.000 r  clk_in (IN)
                         net (fo=0)                   0.000     0.000    clk_in
    H16                  IBUF (Prop_ibuf_I_O)         1.451     1.451 r  clk_in_IBUF_inst/O
                         net (fo=1, routed)           2.522     3.973    test_clk_OBUF
    BUFGCTRL_X0Y16       BUFG (Prop_bufg_I_O)         0.101     4.074 r  test_clk_OBUF_BUFG_inst/O
                         net (fo=161, routed)         1.819     5.893    memoria/test_clk_OBUF_BUFG
    RAMB36_X5Y16         RAMB36E1                                     r  memoria/ram_2k_generate.akv7.kcpsm6_rom/CLKARDCLK
  -------------------------------------------------------------------    -------------------
    RAMB36_X5Y16         RAMB36E1 (Prop_ramb36e1_CLKARDCLK_DOADO[4])
                                                      2.454     8.347 r  memoria/ram_2k_generate.akv7.kcpsm6_rom/DOADO[4]
                         net (fo=14, routed)          1.273     9.621    processzor/lower_reg_banks/ADDRA0
    SLICE_X104Y81        RAMD32 (Prop_ramd32_RADR0_O)
                                                      0.150     9.771 f  processzor/lower_reg_banks/RAMA/O
                         net (fo=3, routed)           0.714    10.485    processzor/data_path_loop[0].output_data.sy_kk_mux_lut/I0
    SLICE_X103Y81        LUT5 (Prop_lut5_I0_O)        0.323    10.808 f  processzor/data_path_loop[0].output_data.sy_kk_mux_lut/LUT5/O
                         net (fo=22, routed)          1.013    11.821    processzor/portid[0]
    SLICE_X103Y83        LUT6 (Prop_lut6_I0_O)        0.332    12.153 r  processzor/psdatabuff[7]_i_1_comp/O
                         net (fo=8, routed)           0.343    12.496    psdatabuff0
    SLICE_X102Y84        FDRE                                         r  psdatabuff_reg[2]/CE
  -------------------------------------------------------------------    -------------------

                         (clock sys_clk_pin fall edge)
                                                      4.000     4.000 f  
    H16                                               0.000     4.000 f  clk_in (IN)
                         net (fo=0)                   0.000     4.000    clk_in
    H16                  IBUF (Prop_ibuf_I_O)         1.380     5.380 f  clk_in_IBUF_inst/O
                         net (fo=1, routed)           2.293     7.673    test_clk_OBUF
    BUFGCTRL_X0Y16       BUFG (Prop_bufg_I_O)         0.091     7.764 f  test_clk_OBUF_BUFG_inst/O
                         net (fo=161, routed)         1.603     9.367    test_clk_OBUF_BUFG
    SLICE_X102Y84        FDRE                                         r  psdatabuff_reg[2]/C  (IS_INVERTED)
                         clock pessimism              0.423     9.791    
                         clock uncertainty           -0.035     9.755    
    SLICE_X102Y84        FDRE (Setup_fdre_C_CE)      -0.164     9.591    psdatabuff_reg[2]
  -------------------------------------------------------------------
                         required time                          9.591    
                         arrival time                         -12.496    
  -------------------------------------------------------------------
                         slack                                 -2.904    

Slack (VIOLATED) :        -2.904ns  (required time - arrival time)
  Source:                 memoria/ram_2k_generate.akv7.kcpsm6_rom/CLKARDCLK
                            (rising edge-triggered cell RAMB36E1 clocked by sys_clk_pin  {rise@0.000ns fall@4.000ns period=8.000ns})
  Destination:            psdatabuff_reg[3]/CE
                            (falling edge-triggered cell FDRE clocked by sys_clk_pin  {rise@0.000ns fall@4.000ns period=8.000ns})
  Path Group:             sys_clk_pin
  Path Type:              Setup (Max at Slow Process Corner)
  Requirement:            4.000ns  (sys_clk_pin fall@4.000ns - sys_clk_pin rise@0.000ns)
  Data Path Delay:        6.603ns  (logic 3.259ns (49.360%)  route 3.344ns (50.640%))
  Logic Levels:           3  (LUT5=1 LUT6=1 RAMD32=1)
  Clock Path Skew:        -0.102ns (DCD - SCD + CPR)
    Destination Clock Delay (DCD):    5.367ns = ( 9.367 - 4.000 ) 
    Source Clock Delay      (SCD):    5.893ns
    Clock Pessimism Removal (CPR):    0.423ns
  Clock Uncertainty:      0.035ns  ((TSJ^2 + TIJ^2)^1/2 + DJ) / 2 + PE
    Total System Jitter     (TSJ):    0.071ns
    Total Input Jitter      (TIJ):    0.000ns
    Discrete Jitter          (DJ):    0.000ns
    Phase Error              (PE):    0.000ns

    Location             Delay type                Incr(ns)  Path(ns)    Netlist Resource(s)
  -------------------------------------------------------------------    -------------------
                         (clock sys_clk_pin rise edge)
                                                      0.000     0.000 r  
    H16                                               0.000     0.000 r  clk_in (IN)
                         net (fo=0)                   0.000     0.000    clk_in
    H16                  IBUF (Prop_ibuf_I_O)         1.451     1.451 r  clk_in_IBUF_inst/O
                         net (fo=1, routed)           2.522     3.973    test_clk_OBUF
    BUFGCTRL_X0Y16       BUFG (Prop_bufg_I_O)         0.101     4.074 r  test_clk_OBUF_BUFG_inst/O
                         net (fo=161, routed)         1.819     5.893    memoria/test_clk_OBUF_BUFG
    RAMB36_X5Y16         RAMB36E1                                     r  memoria/ram_2k_generate.akv7.kcpsm6_rom/CLKARDCLK
  -------------------------------------------------------------------    -------------------
    RAMB36_X5Y16         RAMB36E1 (Prop_ramb36e1_CLKARDCLK_DOADO[4])
                                                      2.454     8.347 r  memoria/ram_2k_generate.akv7.kcpsm6_rom/DOADO[4]
                         net (fo=14, routed)          1.273     9.621    processzor/lower_reg_banks/ADDRA0
    SLICE_X104Y81        RAMD32 (Prop_ramd32_RADR0_O)
                                                      0.150     9.771 f  processzor/lower_reg_banks/RAMA/O
                         net (fo=3, routed)           0.714    10.485    processzor/data_path_loop[0].output_data.sy_kk_mux_lut/I0
    SLICE_X103Y81        LUT5 (Prop_lut5_I0_O)        0.323    10.808 f  processzor/data_path_loop[0].output_data.sy_kk_mux_lut/LUT5/O
                         net (fo=22, routed)          1.013    11.821    processzor/portid[0]
    SLICE_X103Y83        LUT6 (Prop_lut6_I0_O)        0.332    12.153 r  processzor/psdatabuff[7]_i_1_comp/O
                         net (fo=8, routed)           0.343    12.496    psdatabuff0
    SLICE_X102Y84        FDRE                                         r  psdatabuff_reg[3]/CE
  -------------------------------------------------------------------    -------------------

                         (clock sys_clk_pin fall edge)
                                                      4.000     4.000 f  
    H16                                               0.000     4.000 f  clk_in (IN)
                         net (fo=0)                   0.000     4.000    clk_in
    H16                  IBUF (Prop_ibuf_I_O)         1.380     5.380 f  clk_in_IBUF_inst/O
                         net (fo=1, routed)           2.293     7.673    test_clk_OBUF
    BUFGCTRL_X0Y16       BUFG (Prop_bufg_I_O)         0.091     7.764 f  test_clk_OBUF_BUFG_inst/O
                         net (fo=161, routed)         1.603     9.367    test_clk_OBUF_BUFG
    SLICE_X102Y84        FDRE                                         r  psdatabuff_reg[3]/C  (IS_INVERTED)
                         clock pessimism              0.423     9.791    
                         clock uncertainty           -0.035     9.755    
    SLICE_X102Y84        FDRE (Setup_fdre_C_CE)      -0.164     9.591    psdatabuff_reg[3]
  -------------------------------------------------------------------
                         required time                          9.591    
                         arrival time                         -12.496    
  -------------------------------------------------------------------
                         slack                                 -2.904    

Slack (VIOLATED) :        -2.904ns  (required time - arrival time)
  Source:                 memoria/ram_2k_generate.akv7.kcpsm6_rom/CLKARDCLK
                            (rising edge-triggered cell RAMB36E1 clocked by sys_clk_pin  {rise@0.000ns fall@4.000ns period=8.000ns})
  Destination:            psdatabuff_reg[4]/CE
                            (falling edge-triggered cell FDRE clocked by sys_clk_pin  {rise@0.000ns fall@4.000ns period=8.000ns})
  Path Group:             sys_clk_pin
  Path Type:              Setup (Max at Slow Process Corner)
  Requirement:            4.000ns  (sys_clk_pin fall@4.000ns - sys_clk_pin rise@0.000ns)
  Data Path Delay:        6.603ns  (logic 3.259ns (49.360%)  route 3.344ns (50.640%))
  Logic Levels:           3  (LUT5=1 LUT6=1 RAMD32=1)
  Clock Path Skew:        -0.102ns (DCD - SCD + CPR)
    Destination Clock Delay (DCD):    5.367ns = ( 9.367 - 4.000 ) 
    Source Clock Delay      (SCD):    5.893ns
    Clock Pessimism Removal (CPR):    0.423ns
  Clock Uncertainty:      0.035ns  ((TSJ^2 + TIJ^2)^1/2 + DJ) / 2 + PE
    Total System Jitter     (TSJ):    0.071ns
    Total Input Jitter      (TIJ):    0.000ns
    Discrete Jitter          (DJ):    0.000ns
    Phase Error              (PE):    0.000ns

    Location             Delay type                Incr(ns)  Path(ns)    Netlist Resource(s)
  -------------------------------------------------------------------    -------------------
                         (clock sys_clk_pin rise edge)
                                                      0.000     0.000 r  
    H16                                               0.000     0.000 r  clk_in (IN)
                         net (fo=0)                   0.000     0.000    clk_in
    H16                  IBUF (Prop_ibuf_I_O)         1.451     1.451 r  clk_in_IBUF_inst/O
                         net (fo=1, routed)           2.522     3.973    test_clk_OBUF
    BUFGCTRL_X0Y16       BUFG (Prop_bufg_I_O)         0.101     4.074 r  test_clk_OBUF_BUFG_inst/O
                         net (fo=161, routed)         1.819     5.893    memoria/test_clk_OBUF_BUFG
    RAMB36_X5Y16         RAMB36E1                                     r  memoria/ram_2k_generate.akv7.kcpsm6_rom/CLKARDCLK
  -------------------------------------------------------------------    -------------------
    RAMB36_X5Y16         RAMB36E1 (Prop_ramb36e1_CLKARDCLK_DOADO[4])
                                                      2.454     8.347 r  memoria/ram_2k_generate.akv7.kcpsm6_rom/DOADO[4]
                         net (fo=14, routed)          1.273     9.621    processzor/lower_reg_banks/ADDRA0
    SLICE_X104Y81        RAMD32 (Prop_ramd32_RADR0_O)
                                                      0.150     9.771 f  processzor/lower_reg_banks/RAMA/O
                         net (fo=3, routed)           0.714    10.485    processzor/data_path_loop[0].output_data.sy_kk_mux_lut/I0
    SLICE_X103Y81        LUT5 (Prop_lut5_I0_O)        0.323    10.808 f  processzor/data_path_loop[0].output_data.sy_kk_mux_lut/LUT5/O
                         net (fo=22, routed)          1.013    11.821    processzor/portid[0]
    SLICE_X103Y83        LUT6 (Prop_lut6_I0_O)        0.332    12.153 r  processzor/psdatabuff[7]_i_1_comp/O
                         net (fo=8, routed)           0.343    12.496    psdatabuff0
    SLICE_X102Y84        FDRE                                         r  psdatabuff_reg[4]/CE
  -------------------------------------------------------------------    -------------------

                         (clock sys_clk_pin fall edge)
                                                      4.000     4.000 f  
    H16                                               0.000     4.000 f  clk_in (IN)
                         net (fo=0)                   0.000     4.000    clk_in
    H16                  IBUF (Prop_ibuf_I_O)         1.380     5.380 f  clk_in_IBUF_inst/O
                         net (fo=1, routed)           2.293     7.673    test_clk_OBUF
    BUFGCTRL_X0Y16       BUFG (Prop_bufg_I_O)         0.091     7.764 f  test_clk_OBUF_BUFG_inst/O
                         net (fo=161, routed)         1.603     9.367    test_clk_OBUF_BUFG
    SLICE_X102Y84        FDRE                                         r  psdatabuff_reg[4]/C  (IS_INVERTED)
                         clock pessimism              0.423     9.791    
                         clock uncertainty           -0.035     9.755    
    SLICE_X102Y84        FDRE (Setup_fdre_C_CE)      -0.164     9.591    psdatabuff_reg[4]
  -------------------------------------------------------------------
                         required time                          9.591    
                         arrival time                         -12.496    
  -------------------------------------------------------------------
                         slack                                 -2.904    

Slack (VIOLATED) :        -2.904ns  (required time - arrival time)
  Source:                 memoria/ram_2k_generate.akv7.kcpsm6_rom/CLKARDCLK
                            (rising edge-triggered cell RAMB36E1 clocked by sys_clk_pin  {rise@0.000ns fall@4.000ns period=8.000ns})
  Destination:            psdatabuff_reg[5]/CE
                            (falling edge-triggered cell FDRE clocked by sys_clk_pin  {rise@0.000ns fall@4.000ns period=8.000ns})
  Path Group:             sys_clk_pin
  Path Type:              Setup (Max at Slow Process Corner)
  Requirement:            4.000ns  (sys_clk_pin fall@4.000ns - sys_clk_pin rise@0.000ns)
  Data Path Delay:        6.603ns  (logic 3.259ns (49.360%)  route 3.344ns (50.640%))
  Logic Levels:           3  (LUT5=1 LUT6=1 RAMD32=1)
  Clock Path Skew:        -0.102ns (DCD - SCD + CPR)
    Destination Clock Delay (DCD):    5.367ns = ( 9.367 - 4.000 ) 
    Source Clock Delay      (SCD):    5.893ns
    Clock Pessimism Removal (CPR):    0.423ns
  Clock Uncertainty:      0.035ns  ((TSJ^2 + TIJ^2)^1/2 + DJ) / 2 + PE
    Total System Jitter     (TSJ):    0.071ns
    Total Input Jitter      (TIJ):    0.000ns
    Discrete Jitter          (DJ):    0.000ns
    Phase Error              (PE):    0.000ns

    Location             Delay type                Incr(ns)  Path(ns)    Netlist Resource(s)
  -------------------------------------------------------------------    -------------------
                         (clock sys_clk_pin rise edge)
                                                      0.000     0.000 r  
    H16                                               0.000     0.000 r  clk_in (IN)
                         net (fo=0)                   0.000     0.000    clk_in
    H16                  IBUF (Prop_ibuf_I_O)         1.451     1.451 r  clk_in_IBUF_inst/O
                         net (fo=1, routed)           2.522     3.973    test_clk_OBUF
    BUFGCTRL_X0Y16       BUFG (Prop_bufg_I_O)         0.101     4.074 r  test_clk_OBUF_BUFG_inst/O
                         net (fo=161, routed)         1.819     5.893    memoria/test_clk_OBUF_BUFG
    RAMB36_X5Y16         RAMB36E1                                     r  memoria/ram_2k_generate.akv7.kcpsm6_rom/CLKARDCLK
  -------------------------------------------------------------------    -------------------
    RAMB36_X5Y16         RAMB36E1 (Prop_ramb36e1_CLKARDCLK_DOADO[4])
                                                      2.454     8.347 r  memoria/ram_2k_generate.akv7.kcpsm6_rom/DOADO[4]
                         net (fo=14, routed)          1.273     9.621    processzor/lower_reg_banks/ADDRA0
    SLICE_X104Y81        RAMD32 (Prop_ramd32_RADR0_O)
                                                      0.150     9.771 f  processzor/lower_reg_banks/RAMA/O
                         net (fo=3, routed)           0.714    10.485    processzor/data_path_loop[0].output_data.sy_kk_mux_lut/I0
    SLICE_X103Y81        LUT5 (Prop_lut5_I0_O)        0.323    10.808 f  processzor/data_path_loop[0].output_data.sy_kk_mux_lut/LUT5/O
                         net (fo=22, routed)          1.013    11.821    processzor/portid[0]
    SLICE_X103Y83        LUT6 (Prop_lut6_I0_O)        0.332    12.153 r  processzor/psdatabuff[7]_i_1_comp/O
                         net (fo=8, routed)           0.343    12.496    psdatabuff0
    SLICE_X102Y84        FDRE                                         r  psdatabuff_reg[5]/CE
  -------------------------------------------------------------------    -------------------

                         (clock sys_clk_pin fall edge)
                                                      4.000     4.000 f  
    H16                                               0.000     4.000 f  clk_in (IN)
                         net (fo=0)                   0.000     4.000    clk_in
    H16                  IBUF (Prop_ibuf_I_O)         1.380     5.380 f  clk_in_IBUF_inst/O
                         net (fo=1, routed)           2.293     7.673    test_clk_OBUF
    BUFGCTRL_X0Y16       BUFG (Prop_bufg_I_O)         0.091     7.764 f  test_clk_OBUF_BUFG_inst/O
                         net (fo=161, routed)         1.603     9.367    test_clk_OBUF_BUFG
    SLICE_X102Y84        FDRE                                         r  psdatabuff_reg[5]/C  (IS_INVERTED)
                         clock pessimism              0.423     9.791    
                         clock uncertainty           -0.035     9.755    
    SLICE_X102Y84        FDRE (Setup_fdre_C_CE)      -0.164     9.591    psdatabuff_reg[5]
  -------------------------------------------------------------------
                         required time                          9.591    
                         arrival time                         -12.496    
  -------------------------------------------------------------------
                         slack                                 -2.904    

Slack (VIOLATED) :        -2.904ns  (required time - arrival time)
  Source:                 memoria/ram_2k_generate.akv7.kcpsm6_rom/CLKARDCLK
                            (rising edge-triggered cell RAMB36E1 clocked by sys_clk_pin  {rise@0.000ns fall@4.000ns period=8.000ns})
  Destination:            psdatabuff_reg[6]/CE
                            (falling edge-triggered cell FDRE clocked by sys_clk_pin  {rise@0.000ns fall@4.000ns period=8.000ns})
  Path Group:             sys_clk_pin
  Path Type:              Setup (Max at Slow Process Corner)
  Requirement:            4.000ns  (sys_clk_pin fall@4.000ns - sys_clk_pin rise@0.000ns)
  Data Path Delay:        6.603ns  (logic 3.259ns (49.360%)  route 3.344ns (50.640%))
  Logic Levels:           3  (LUT5=1 LUT6=1 RAMD32=1)
  Clock Path Skew:        -0.102ns (DCD - SCD + CPR)
    Destination Clock Delay (DCD):    5.367ns = ( 9.367 - 4.000 ) 
    Source Clock Delay      (SCD):    5.893ns
    Clock Pessimism Removal (CPR):    0.423ns
  Clock Uncertainty:      0.035ns  ((TSJ^2 + TIJ^2)^1/2 + DJ) / 2 + PE
    Total System Jitter     (TSJ):    0.071ns
    Total Input Jitter      (TIJ):    0.000ns
    Discrete Jitter          (DJ):    0.000ns
    Phase Error              (PE):    0.000ns

    Location             Delay type                Incr(ns)  Path(ns)    Netlist Resource(s)
  -------------------------------------------------------------------    -------------------
                         (clock sys_clk_pin rise edge)
                                                      0.000     0.000 r  
    H16                                               0.000     0.000 r  clk_in (IN)
                         net (fo=0)                   0.000     0.000    clk_in
    H16                  IBUF (Prop_ibuf_I_O)         1.451     1.451 r  clk_in_IBUF_inst/O
                         net (fo=1, routed)           2.522     3.973    test_clk_OBUF
    BUFGCTRL_X0Y16       BUFG (Prop_bufg_I_O)         0.101     4.074 r  test_clk_OBUF_BUFG_inst/O
                         net (fo=161, routed)         1.819     5.893    memoria/test_clk_OBUF_BUFG
    RAMB36_X5Y16         RAMB36E1                                     r  memoria/ram_2k_generate.akv7.kcpsm6_rom/CLKARDCLK
  -------------------------------------------------------------------    -------------------
    RAMB36_X5Y16         RAMB36E1 (Prop_ramb36e1_CLKARDCLK_DOADO[4])
                                                      2.454     8.347 r  memoria/ram_2k_generate.akv7.kcpsm6_rom/DOADO[4]
                         net (fo=14, routed)          1.273     9.621    processzor/lower_reg_banks/ADDRA0
    SLICE_X104Y81        RAMD32 (Prop_ramd32_RADR0_O)
                                                      0.150     9.771 f  processzor/lower_reg_banks/RAMA/O
                         net (fo=3, routed)           0.714    10.485    processzor/data_path_loop[0].output_data.sy_kk_mux_lut/I0
    SLICE_X103Y81        LUT5 (Prop_lut5_I0_O)        0.323    10.808 f  processzor/data_path_loop[0].output_data.sy_kk_mux_lut/LUT5/O
                         net (fo=22, routed)          1.013    11.821    processzor/portid[0]
    SLICE_X103Y83        LUT6 (Prop_lut6_I0_O)        0.332    12.153 r  processzor/psdatabuff[7]_i_1_comp/O
                         net (fo=8, routed)           0.343    12.496    psdatabuff0
    SLICE_X102Y84        FDRE                                         r  psdatabuff_reg[6]/CE
  -------------------------------------------------------------------    -------------------

                         (clock sys_clk_pin fall edge)
                                                      4.000     4.000 f  
    H16                                               0.000     4.000 f  clk_in (IN)
                         net (fo=0)                   0.000     4.000    clk_in
    H16                  IBUF (Prop_ibuf_I_O)         1.380     5.380 f  clk_in_IBUF_inst/O
                         net (fo=1, routed)           2.293     7.673    test_clk_OBUF
    BUFGCTRL_X0Y16       BUFG (Prop_bufg_I_O)         0.091     7.764 f  test_clk_OBUF_BUFG_inst/O
                         net (fo=161, routed)         1.603     9.367    test_clk_OBUF_BUFG
    SLICE_X102Y84        FDRE                                         r  psdatabuff_reg[6]/C  (IS_INVERTED)
                         clock pessimism              0.423     9.791    
                         clock uncertainty           -0.035     9.755    
    SLICE_X102Y84        FDRE (Setup_fdre_C_CE)      -0.164     9.591    psdatabuff_reg[6]
  -------------------------------------------------------------------
                         required time                          9.591    
                         arrival time                         -12.496    
  -------------------------------------------------------------------
                         slack                                 -2.904    

Slack (VIOLATED) :        -2.897ns  (required time - arrival time)
  Source:                 memoria/ram_2k_generate.akv7.kcpsm6_rom/CLKARDCLK
                            (rising edge-triggered cell RAMB36E1 clocked by sys_clk_pin  {rise@0.000ns fall@4.000ns period=8.000ns})
  Destination:            lcd_control_buff_reg[0]/CE
                            (falling edge-triggered cell FDRE clocked by sys_clk_pin  {rise@0.000ns fall@4.000ns period=8.000ns})
  Path Group:             sys_clk_pin
  Path Type:              Setup (Max at Slow Process Corner)
  Requirement:            4.000ns  (sys_clk_pin fall@4.000ns - sys_clk_pin rise@0.000ns)
  Data Path Delay:        6.596ns  (logic 2.826ns (42.843%)  route 3.770ns (57.157%))
  Logic Levels:           3  (LUT6=2 RAMD32=1)
  Clock Path Skew:        -0.101ns (DCD - SCD + CPR)
    Destination Clock Delay (DCD):    5.368ns = ( 9.368 - 4.000 ) 
    Source Clock Delay      (SCD):    5.893ns
    Clock Pessimism Removal (CPR):    0.423ns
  Clock Uncertainty:      0.035ns  ((TSJ^2 + TIJ^2)^1/2 + DJ) / 2 + PE
    Total System Jitter     (TSJ):    0.071ns
    Total Input Jitter      (TIJ):    0.000ns
    Discrete Jitter          (DJ):    0.000ns
    Phase Error              (PE):    0.000ns

    Location             Delay type                Incr(ns)  Path(ns)    Netlist Resource(s)
  -------------------------------------------------------------------    -------------------
                         (clock sys_clk_pin rise edge)
                                                      0.000     0.000 r  
    H16                                               0.000     0.000 r  clk_in (IN)
                         net (fo=0)                   0.000     0.000    clk_in
    H16                  IBUF (Prop_ibuf_I_O)         1.451     1.451 r  clk_in_IBUF_inst/O
                         net (fo=1, routed)           2.522     3.973    test_clk_OBUF
    BUFGCTRL_X0Y16       BUFG (Prop_bufg_I_O)         0.101     4.074 r  test_clk_OBUF_BUFG_inst/O
                         net (fo=161, routed)         1.819     5.893    memoria/test_clk_OBUF_BUFG
    RAMB36_X5Y16         RAMB36E1                                     r  memoria/ram_2k_generate.akv7.kcpsm6_rom/CLKARDCLK
  -------------------------------------------------------------------    -------------------
    RAMB36_X5Y16         RAMB36E1 (Prop_ramb36e1_CLKARDCLK_DOADO[4])
                                                      2.454     8.347 r  memoria/ram_2k_generate.akv7.kcpsm6_rom/DOADO[4]
                         net (fo=14, routed)          1.458     9.806    processzor/lower_reg_banks/ADDRC0
    SLICE_X104Y81        RAMD32 (Prop_ramd32_RADR0_O)
                                                      0.124     9.930 f  processzor/lower_reg_banks/RAMC_D1/O
                         net (fo=3, routed)           1.115    11.045    processzor/data_path_loop[2].output_data.sy_kk_mux_lut/I2
    SLICE_X105Y81        LUT6 (Prop_lut6_I2_O)        0.124    11.169 f  processzor/data_path_loop[2].output_data.sy_kk_mux_lut/LUT6/O
                         net (fo=22, routed)          1.007    12.176    processzor/portid[3]
    SLICE_X102Y85        LUT6 (Prop_lut6_I1_O)        0.124    12.300 r  processzor/lcd_control_buff[2]_i_1_comp/O
                         net (fo=3, routed)           0.190    12.489    lcd_control_buff0
    SLICE_X102Y85        FDRE                                         r  lcd_control_buff_reg[0]/CE
  -------------------------------------------------------------------    -------------------

                         (clock sys_clk_pin fall edge)
                                                      4.000     4.000 f  
    H16                                               0.000     4.000 f  clk_in (IN)
                         net (fo=0)                   0.000     4.000    clk_in
    H16                  IBUF (Prop_ibuf_I_O)         1.380     5.380 f  clk_in_IBUF_inst/O
                         net (fo=1, routed)           2.293     7.673    test_clk_OBUF
    BUFGCTRL_X0Y16       BUFG (Prop_bufg_I_O)         0.091     7.764 f  test_clk_OBUF_BUFG_inst/O
                         net (fo=161, routed)         1.604     9.368    test_clk_OBUF_BUFG
    SLICE_X102Y85        FDRE                                         r  lcd_control_buff_reg[0]/C  (IS_INVERTED)
                         clock pessimism              0.423     9.792    
                         clock uncertainty           -0.035     9.756    
    SLICE_X102Y85        FDRE (Setup_fdre_C_CE)      -0.164     9.592    lcd_control_buff_reg[0]
  -------------------------------------------------------------------
                         required time                          9.592    
                         arrival time                         -12.489    
  -------------------------------------------------------------------
                         slack                                 -2.897    

Slack (VIOLATED) :        -2.897ns  (required time - arrival time)
  Source:                 memoria/ram_2k_generate.akv7.kcpsm6_rom/CLKARDCLK
                            (rising edge-triggered cell RAMB36E1 clocked by sys_clk_pin  {rise@0.000ns fall@4.000ns period=8.000ns})
  Destination:            lcd_control_buff_reg[1]/CE
                            (falling edge-triggered cell FDRE clocked by sys_clk_pin  {rise@0.000ns fall@4.000ns period=8.000ns})
  Path Group:             sys_clk_pin
  Path Type:              Setup (Max at Slow Process Corner)
  Requirement:            4.000ns  (sys_clk_pin fall@4.000ns - sys_clk_pin rise@0.000ns)
  Data Path Delay:        6.596ns  (logic 2.826ns (42.843%)  route 3.770ns (57.157%))
  Logic Levels:           3  (LUT6=2 RAMD32=1)
  Clock Path Skew:        -0.101ns (DCD - SCD + CPR)
    Destination Clock Delay (DCD):    5.368ns = ( 9.368 - 4.000 ) 
    Source Clock Delay      (SCD):    5.893ns
    Clock Pessimism Removal (CPR):    0.423ns
  Clock Uncertainty:      0.035ns  ((TSJ^2 + TIJ^2)^1/2 + DJ) / 2 + PE
    Total System Jitter     (TSJ):    0.071ns
    Total Input Jitter      (TIJ):    0.000ns
    Discrete Jitter          (DJ):    0.000ns
    Phase Error              (PE):    0.000ns

    Location             Delay type                Incr(ns)  Path(ns)    Netlist Resource(s)
  -------------------------------------------------------------------    -------------------
                         (clock sys_clk_pin rise edge)
                                                      0.000     0.000 r  
    H16                                               0.000     0.000 r  clk_in (IN)
                         net (fo=0)                   0.000     0.000    clk_in
    H16                  IBUF (Prop_ibuf_I_O)         1.451     1.451 r  clk_in_IBUF_inst/O
                         net (fo=1, routed)           2.522     3.973    test_clk_OBUF
    BUFGCTRL_X0Y16       BUFG (Prop_bufg_I_O)         0.101     4.074 r  test_clk_OBUF_BUFG_inst/O
                         net (fo=161, routed)         1.819     5.893    memoria/test_clk_OBUF_BUFG
    RAMB36_X5Y16         RAMB36E1                                     r  memoria/ram_2k_generate.akv7.kcpsm6_rom/CLKARDCLK
  -------------------------------------------------------------------    -------------------
    RAMB36_X5Y16         RAMB36E1 (Prop_ramb36e1_CLKARDCLK_DOADO[4])
                                                      2.454     8.347 r  memoria/ram_2k_generate.akv7.kcpsm6_rom/DOADO[4]
                         net (fo=14, routed)          1.458     9.806    processzor/lower_reg_banks/ADDRC0
    SLICE_X104Y81        RAMD32 (Prop_ramd32_RADR0_O)
                                                      0.124     9.930 f  processzor/lower_reg_banks/RAMC_D1/O
                         net (fo=3, routed)           1.115    11.045    processzor/data_path_loop[2].output_data.sy_kk_mux_lut/I2
    SLICE_X105Y81        LUT6 (Prop_lut6_I2_O)        0.124    11.169 f  processzor/data_path_loop[2].output_data.sy_kk_mux_lut/LUT6/O
                         net (fo=22, routed)          1.007    12.176    processzor/portid[3]
    SLICE_X102Y85        LUT6 (Prop_lut6_I1_O)        0.124    12.300 r  processzor/lcd_control_buff[2]_i_1_comp/O
                         net (fo=3, routed)           0.190    12.489    lcd_control_buff0
    SLICE_X102Y85        FDRE                                         r  lcd_control_buff_reg[1]/CE
  -------------------------------------------------------------------    -------------------

                         (clock sys_clk_pin fall edge)
                                                      4.000     4.000 f  
    H16                                               0.000     4.000 f  clk_in (IN)
                         net (fo=0)                   0.000     4.000    clk_in
    H16                  IBUF (Prop_ibuf_I_O)         1.380     5.380 f  clk_in_IBUF_inst/O
                         net (fo=1, routed)           2.293     7.673    test_clk_OBUF
    BUFGCTRL_X0Y16       BUFG (Prop_bufg_I_O)         0.091     7.764 f  test_clk_OBUF_BUFG_inst/O
                         net (fo=161, routed)         1.604     9.368    test_clk_OBUF_BUFG
    SLICE_X102Y85        FDRE                                         r  lcd_control_buff_reg[1]/C  (IS_INVERTED)
                         clock pessimism              0.423     9.792    
                         clock uncertainty           -0.035     9.756    
    SLICE_X102Y85        FDRE (Setup_fdre_C_CE)      -0.164     9.592    lcd_control_buff_reg[1]
  -------------------------------------------------------------------
                         required time                          9.592    
                         arrival time                         -12.489    
  -------------------------------------------------------------------
                         slack                                 -2.897    

Slack (VIOLATED) :        -2.897ns  (required time - arrival time)
  Source:                 memoria/ram_2k_generate.akv7.kcpsm6_rom/CLKARDCLK
                            (rising edge-triggered cell RAMB36E1 clocked by sys_clk_pin  {rise@0.000ns fall@4.000ns period=8.000ns})
  Destination:            lcd_control_buff_reg[2]/CE
                            (falling edge-triggered cell FDRE clocked by sys_clk_pin  {rise@0.000ns fall@4.000ns period=8.000ns})
  Path Group:             sys_clk_pin
  Path Type:              Setup (Max at Slow Process Corner)
  Requirement:            4.000ns  (sys_clk_pin fall@4.000ns - sys_clk_pin rise@0.000ns)
  Data Path Delay:        6.596ns  (logic 2.826ns (42.843%)  route 3.770ns (57.157%))
  Logic Levels:           3  (LUT6=2 RAMD32=1)
  Clock Path Skew:        -0.101ns (DCD - SCD + CPR)
    Destination Clock Delay (DCD):    5.368ns = ( 9.368 - 4.000 ) 
    Source Clock Delay      (SCD):    5.893ns
    Clock Pessimism Removal (CPR):    0.423ns
  Clock Uncertainty:      0.035ns  ((TSJ^2 + TIJ^2)^1/2 + DJ) / 2 + PE
    Total System Jitter     (TSJ):    0.071ns
    Total Input Jitter      (TIJ):    0.000ns
    Discrete Jitter          (DJ):    0.000ns
    Phase Error              (PE):    0.000ns

    Location             Delay type                Incr(ns)  Path(ns)    Netlist Resource(s)
  -------------------------------------------------------------------    -------------------
                         (clock sys_clk_pin rise edge)
                                                      0.000     0.000 r  
    H16                                               0.000     0.000 r  clk_in (IN)
                         net (fo=0)                   0.000     0.000    clk_in
    H16                  IBUF (Prop_ibuf_I_O)         1.451     1.451 r  clk_in_IBUF_inst/O
                         net (fo=1, routed)           2.522     3.973    test_clk_OBUF
    BUFGCTRL_X0Y16       BUFG (Prop_bufg_I_O)         0.101     4.074 r  test_clk_OBUF_BUFG_inst/O
                         net (fo=161, routed)         1.819     5.893    memoria/test_clk_OBUF_BUFG
    RAMB36_X5Y16         RAMB36E1                                     r  memoria/ram_2k_generate.akv7.kcpsm6_rom/CLKARDCLK
  -------------------------------------------------------------------    -------------------
    RAMB36_X5Y16         RAMB36E1 (Prop_ramb36e1_CLKARDCLK_DOADO[4])
                                                      2.454     8.347 r  memoria/ram_2k_generate.akv7.kcpsm6_rom/DOADO[4]
                         net (fo=14, routed)          1.458     9.806    processzor/lower_reg_banks/ADDRC0
    SLICE_X104Y81        RAMD32 (Prop_ramd32_RADR0_O)
                                                      0.124     9.930 f  processzor/lower_reg_banks/RAMC_D1/O
                         net (fo=3, routed)           1.115    11.045    processzor/data_path_loop[2].output_data.sy_kk_mux_lut/I2
    SLICE_X105Y81        LUT6 (Prop_lut6_I2_O)        0.124    11.169 f  processzor/data_path_loop[2].output_data.sy_kk_mux_lut/LUT6/O
                         net (fo=22, routed)          1.007    12.176    processzor/portid[3]
    SLICE_X102Y85        LUT6 (Prop_lut6_I1_O)        0.124    12.300 r  processzor/lcd_control_buff[2]_i_1_comp/O
                         net (fo=3, routed)           0.190    12.489    lcd_control_buff0
    SLICE_X102Y85        FDRE                                         r  lcd_control_buff_reg[2]/CE
  -------------------------------------------------------------------    -------------------

                         (clock sys_clk_pin fall edge)
                                                      4.000     4.000 f  
    H16                                               0.000     4.000 f  clk_in (IN)
                         net (fo=0)                   0.000     4.000    clk_in
    H16                  IBUF (Prop_ibuf_I_O)         1.380     5.380 f  clk_in_IBUF_inst/O
                         net (fo=1, routed)           2.293     7.673    test_clk_OBUF
    BUFGCTRL_X0Y16       BUFG (Prop_bufg_I_O)         0.091     7.764 f  test_clk_OBUF_BUFG_inst/O
                         net (fo=161, routed)         1.604     9.368    test_clk_OBUF_BUFG
    SLICE_X102Y85        FDRE                                         r  lcd_control_buff_reg[2]/C  (IS_INVERTED)
                         clock pessimism              0.423     9.792    
                         clock uncertainty           -0.035     9.756    
    SLICE_X102Y85        FDRE (Setup_fdre_C_CE)      -0.164     9.592    lcd_control_buff_reg[2]
  -------------------------------------------------------------------
                         required time                          9.592    
                         arrival time                         -12.489    
  -------------------------------------------------------------------
                         slack                                 -2.897    

Slack (VIOLATED) :        -2.872ns  (required time - arrival time)
  Source:                 memoria/ram_2k_generate.akv7.kcpsm6_rom/CLKARDCLK
                            (rising edge-triggered cell RAMB36E1 clocked by sys_clk_pin  {rise@0.000ns fall@4.000ns period=8.000ns})
  Destination:            psdatabuff_reg[0]/CE
                            (falling edge-triggered cell FDRE clocked by sys_clk_pin  {rise@0.000ns fall@4.000ns period=8.000ns})
  Path Group:             sys_clk_pin
  Path Type:              Setup (Max at Slow Process Corner)
  Requirement:            4.000ns  (sys_clk_pin fall@4.000ns - sys_clk_pin rise@0.000ns)
  Data Path Delay:        6.606ns  (logic 3.259ns (49.330%)  route 3.347ns (50.670%))
  Logic Levels:           3  (LUT5=1 LUT6=1 RAMD32=1)
  Clock Path Skew:        -0.066ns (DCD - SCD + CPR)
    Destination Clock Delay (DCD):    5.366ns = ( 9.366 - 4.000 ) 
    Source Clock Delay      (SCD):    5.893ns
    Clock Pessimism Removal (CPR):    0.460ns
  Clock Uncertainty:      0.035ns  ((TSJ^2 + TIJ^2)^1/2 + DJ) / 2 + PE
    Total System Jitter     (TSJ):    0.071ns
    Total Input Jitter      (TIJ):    0.000ns
    Discrete Jitter          (DJ):    0.000ns
    Phase Error              (PE):    0.000ns

    Location             Delay type                Incr(ns)  Path(ns)    Netlist Resource(s)
  -------------------------------------------------------------------    -------------------
                         (clock sys_clk_pin rise edge)
                                                      0.000     0.000 r  
    H16                                               0.000     0.000 r  clk_in (IN)
                         net (fo=0)                   0.000     0.000    clk_in
    H16                  IBUF (Prop_ibuf_I_O)         1.451     1.451 r  clk_in_IBUF_inst/O
                         net (fo=1, routed)           2.522     3.973    test_clk_OBUF
    BUFGCTRL_X0Y16       BUFG (Prop_bufg_I_O)         0.101     4.074 r  test_clk_OBUF_BUFG_inst/O
                         net (fo=161, routed)         1.819     5.893    memoria/test_clk_OBUF_BUFG
    RAMB36_X5Y16         RAMB36E1                                     r  memoria/ram_2k_generate.akv7.kcpsm6_rom/CLKARDCLK
  -------------------------------------------------------------------    -------------------
    RAMB36_X5Y16         RAMB36E1 (Prop_ramb36e1_CLKARDCLK_DOADO[4])
                                                      2.454     8.347 r  memoria/ram_2k_generate.akv7.kcpsm6_rom/DOADO[4]
                         net (fo=14, routed)          1.273     9.621    processzor/lower_reg_banks/ADDRA0
    SLICE_X104Y81        RAMD32 (Prop_ramd32_RADR0_O)
                                                      0.150     9.771 f  processzor/lower_reg_banks/RAMA/O
                         net (fo=3, routed)           0.714    10.485    processzor/data_path_loop[0].output_data.sy_kk_mux_lut/I0
    SLICE_X103Y81        LUT5 (Prop_lut5_I0_O)        0.323    10.808 f  processzor/data_path_loop[0].output_data.sy_kk_mux_lut/LUT5/O
                         net (fo=22, routed)          1.013    11.821    processzor/portid[0]
    SLICE_X103Y83        LUT6 (Prop_lut6_I0_O)        0.332    12.153 r  processzor/psdatabuff[7]_i_1_comp/O
                         net (fo=8, routed)           0.347    12.500    psdatabuff0
    SLICE_X104Y83        FDRE                                         r  psdatabuff_reg[0]/CE
  -------------------------------------------------------------------    -------------------

                         (clock sys_clk_pin fall edge)
                                                      4.000     4.000 f  
    H16                                               0.000     4.000 f  clk_in (IN)
                         net (fo=0)                   0.000     4.000    clk_in
    H16                  IBUF (Prop_ibuf_I_O)         1.380     5.380 f  clk_in_IBUF_inst/O
                         net (fo=1, routed)           2.293     7.673    test_clk_OBUF
    BUFGCTRL_X0Y16       BUFG (Prop_bufg_I_O)         0.091     7.764 f  test_clk_OBUF_BUFG_inst/O
                         net (fo=161, routed)         1.602     9.366    test_clk_OBUF_BUFG
    SLICE_X104Y83        FDRE                                         r  psdatabuff_reg[0]/C  (IS_INVERTED)
                         clock pessimism              0.460     9.827    
                         clock uncertainty           -0.035     9.791    
    SLICE_X104Y83        FDRE (Setup_fdre_C_CE)      -0.164     9.627    psdatabuff_reg[0]
  -------------------------------------------------------------------
                         required time                          9.627    
                         arrival time                         -12.500    
  -------------------------------------------------------------------
                         slack                                 -2.872    

Slack (VIOLATED) :        -2.872ns  (required time - arrival time)
  Source:                 memoria/ram_2k_generate.akv7.kcpsm6_rom/CLKARDCLK
                            (rising edge-triggered cell RAMB36E1 clocked by sys_clk_pin  {rise@0.000ns fall@4.000ns period=8.000ns})
  Destination:            psdatabuff_reg[1]/CE
                            (falling edge-triggered cell FDRE clocked by sys_clk_pin  {rise@0.000ns fall@4.000ns period=8.000ns})
  Path Group:             sys_clk_pin
  Path Type:              Setup (Max at Slow Process Corner)
  Requirement:            4.000ns  (sys_clk_pin fall@4.000ns - sys_clk_pin rise@0.000ns)
  Data Path Delay:        6.606ns  (logic 3.259ns (49.330%)  route 3.347ns (50.670%))
  Logic Levels:           3  (LUT5=1 LUT6=1 RAMD32=1)
  Clock Path Skew:        -0.066ns (DCD - SCD + CPR)
    Destination Clock Delay (DCD):    5.366ns = ( 9.366 - 4.000 ) 
    Source Clock Delay      (SCD):    5.893ns
    Clock Pessimism Removal (CPR):    0.460ns
  Clock Uncertainty:      0.035ns  ((TSJ^2 + TIJ^2)^1/2 + DJ) / 2 + PE
    Total System Jitter     (TSJ):    0.071ns
    Total Input Jitter      (TIJ):    0.000ns
    Discrete Jitter          (DJ):    0.000ns
    Phase Error              (PE):    0.000ns

    Location             Delay type                Incr(ns)  Path(ns)    Netlist Resource(s)
  -------------------------------------------------------------------    -------------------
                         (clock sys_clk_pin rise edge)
                                                      0.000     0.000 r  
    H16                                               0.000     0.000 r  clk_in (IN)
                         net (fo=0)                   0.000     0.000    clk_in
    H16                  IBUF (Prop_ibuf_I_O)         1.451     1.451 r  clk_in_IBUF_inst/O
                         net (fo=1, routed)           2.522     3.973    test_clk_OBUF
    BUFGCTRL_X0Y16       BUFG (Prop_bufg_I_O)         0.101     4.074 r  test_clk_OBUF_BUFG_inst/O
                         net (fo=161, routed)         1.819     5.893    memoria/test_clk_OBUF_BUFG
    RAMB36_X5Y16         RAMB36E1                                     r  memoria/ram_2k_generate.akv7.kcpsm6_rom/CLKARDCLK
  -------------------------------------------------------------------    -------------------
    RAMB36_X5Y16         RAMB36E1 (Prop_ramb36e1_CLKARDCLK_DOADO[4])
                                                      2.454     8.347 r  memoria/ram_2k_generate.akv7.kcpsm6_rom/DOADO[4]
                         net (fo=14, routed)          1.273     9.621    processzor/lower_reg_banks/ADDRA0
    SLICE_X104Y81        RAMD32 (Prop_ramd32_RADR0_O)
                                                      0.150     9.771 f  processzor/lower_reg_banks/RAMA/O
                         net (fo=3, routed)           0.714    10.485    processzor/data_path_loop[0].output_data.sy_kk_mux_lut/I0
    SLICE_X103Y81        LUT5 (Prop_lut5_I0_O)        0.323    10.808 f  processzor/data_path_loop[0].output_data.sy_kk_mux_lut/LUT5/O
                         net (fo=22, routed)          1.013    11.821    processzor/portid[0]
    SLICE_X103Y83        LUT6 (Prop_lut6_I0_O)        0.332    12.153 r  processzor/psdatabuff[7]_i_1_comp/O
                         net (fo=8, routed)           0.347    12.500    psdatabuff0
    SLICE_X104Y83        FDRE                                         r  psdatabuff_reg[1]/CE
  -------------------------------------------------------------------    -------------------

                         (clock sys_clk_pin fall edge)
                                                      4.000     4.000 f  
    H16                                               0.000     4.000 f  clk_in (IN)
                         net (fo=0)                   0.000     4.000    clk_in
    H16                  IBUF (Prop_ibuf_I_O)         1.380     5.380 f  clk_in_IBUF_inst/O
                         net (fo=1, routed)           2.293     7.673    test_clk_OBUF
    BUFGCTRL_X0Y16       BUFG (Prop_bufg_I_O)         0.091     7.764 f  test_clk_OBUF_BUFG_inst/O
                         net (fo=161, routed)         1.602     9.366    test_clk_OBUF_BUFG
    SLICE_X104Y83        FDRE                                         r  psdatabuff_reg[1]/C  (IS_INVERTED)
                         clock pessimism              0.460     9.827    
                         clock uncertainty           -0.035     9.791    
    SLICE_X104Y83        FDRE (Setup_fdre_C_CE)      -0.164     9.627    psdatabuff_reg[1]
  -------------------------------------------------------------------
                         required time                          9.627    
                         arrival time                         -12.500    
  -------------------------------------------------------------------
                         slack                                 -2.872    





Min Delay Paths
--------------------------------------------------------------------------------------
Slack (MET) :             0.033ns  (arrival time - required time)
  Source:                 processzor/sx_addr4_flop/C
                            (rising edge-triggered cell FDRE clocked by sys_clk_pin  {rise@0.000ns fall@4.000ns period=8.000ns})
  Destination:            processzor/lower_reg_banks/RAMA/WADR4
                            (rising edge-triggered cell RAMD32 clocked by sys_clk_pin  {rise@0.000ns fall@4.000ns period=8.000ns})
  Path Group:             sys_clk_pin
  Path Type:              Hold (Min at Fast Process Corner)
  Requirement:            0.000ns  (sys_clk_pin rise@0.000ns - sys_clk_pin rise@0.000ns)
  Data Path Delay:        0.246ns  (logic 0.141ns (57.434%)  route 0.105ns (42.566%))
  Logic Levels:           0  
  Clock Path Skew:        0.013ns (DCD - SCD - CPR)
    Destination Clock Delay (DCD):    2.212ns
    Source Clock Delay      (SCD):    1.687ns
    Clock Pessimism Removal (CPR):    0.512ns

    Location             Delay type                Incr(ns)  Path(ns)    Netlist Resource(s)
  -------------------------------------------------------------------    -------------------
                         (clock sys_clk_pin rise edge)
                                                      0.000     0.000 r  
    H16                                               0.000     0.000 r  clk_in (IN)
                         net (fo=0)                   0.000     0.000    clk_in
    H16                  IBUF (Prop_ibuf_I_O)         0.219     0.219 r  clk_in_IBUF_inst/O
                         net (fo=1, routed)           0.842     1.060    test_clk_OBUF
    BUFGCTRL_X0Y16       BUFG (Prop_bufg_I_O)         0.026     1.086 r  test_clk_OBUF_BUFG_inst/O
                         net (fo=161, routed)         0.601     1.687    processzor/test_clk_OBUF_BUFG
    SLICE_X105Y81        FDRE                                         r  processzor/sx_addr4_flop/C
  -------------------------------------------------------------------    -------------------
    SLICE_X105Y81        FDRE (Prop_fdre_C_Q)         0.141     1.828 r  processzor/sx_addr4_flop/Q
                         net (fo=20, routed)          0.105     1.933    processzor/lower_reg_banks/ADDRD4
    SLICE_X104Y81        RAMD32                                       r  processzor/lower_reg_banks/RAMA/WADR4
  -------------------------------------------------------------------    -------------------

                         (clock sys_clk_pin rise edge)
                                                      0.000     0.000 r  
    H16                                               0.000     0.000 r  clk_in (IN)
                         net (fo=0)                   0.000     0.000    clk_in
    H16                  IBUF (Prop_ibuf_I_O)         0.406     0.406 r  clk_in_IBUF_inst/O
                         net (fo=1, routed)           0.907     1.313    test_clk_OBUF
    BUFGCTRL_X0Y16       BUFG (Prop_bufg_I_O)         0.029     1.342 r  test_clk_OBUF_BUFG_inst/O
                         net (fo=161, routed)         0.870     2.212    processzor/lower_reg_banks/WCLK
    SLICE_X104Y81        RAMD32                                       r  processzor/lower_reg_banks/RAMA/CLK
                         clock pessimism             -0.512     1.700    
    SLICE_X104Y81        RAMD32 (Hold_ramd32_CLK_WADR4)
                                                      0.200     1.900    processzor/lower_reg_banks/RAMA
  -------------------------------------------------------------------
                         required time                         -1.900    
                         arrival time                           1.933    
  -------------------------------------------------------------------
                         slack                                  0.033    

Slack (MET) :             0.033ns  (arrival time - required time)
  Source:                 processzor/sx_addr4_flop/C
                            (rising edge-triggered cell FDRE clocked by sys_clk_pin  {rise@0.000ns fall@4.000ns period=8.000ns})
  Destination:            processzor/lower_reg_banks/RAMA_D1/WADR4
                            (rising edge-triggered cell RAMD32 clocked by sys_clk_pin  {rise@0.000ns fall@4.000ns period=8.000ns})
  Path Group:             sys_clk_pin
  Path Type:              Hold (Min at Fast Process Corner)
  Requirement:            0.000ns  (sys_clk_pin rise@0.000ns - sys_clk_pin rise@0.000ns)
  Data Path Delay:        0.246ns  (logic 0.141ns (57.434%)  route 0.105ns (42.566%))
  Logic Levels:           0  
  Clock Path Skew:        0.013ns (DCD - SCD - CPR)
    Destination Clock Delay (DCD):    2.212ns
    Source Clock Delay      (SCD):    1.687ns
    Clock Pessimism Removal (CPR):    0.512ns

    Location             Delay type                Incr(ns)  Path(ns)    Netlist Resource(s)
  -------------------------------------------------------------------    -------------------
                         (clock sys_clk_pin rise edge)
                                                      0.000     0.000 r  
    H16                                               0.000     0.000 r  clk_in (IN)
                         net (fo=0)                   0.000     0.000    clk_in
    H16                  IBUF (Prop_ibuf_I_O)         0.219     0.219 r  clk_in_IBUF_inst/O
                         net (fo=1, routed)           0.842     1.060    test_clk_OBUF
    BUFGCTRL_X0Y16       BUFG (Prop_bufg_I_O)         0.026     1.086 r  test_clk_OBUF_BUFG_inst/O
                         net (fo=161, routed)         0.601     1.687    processzor/test_clk_OBUF_BUFG
    SLICE_X105Y81        FDRE                                         r  processzor/sx_addr4_flop/C
  -------------------------------------------------------------------    -------------------
    SLICE_X105Y81        FDRE (Prop_fdre_C_Q)         0.141     1.828 r  processzor/sx_addr4_flop/Q
                         net (fo=20, routed)          0.105     1.933    processzor/lower_reg_banks/ADDRD4
    SLICE_X104Y81        RAMD32                                       r  processzor/lower_reg_banks/RAMA_D1/WADR4
  -------------------------------------------------------------------    -------------------

                         (clock sys_clk_pin rise edge)
                                                      0.000     0.000 r  
    H16                                               0.000     0.000 r  clk_in (IN)
                         net (fo=0)                   0.000     0.000    clk_in
    H16                  IBUF (Prop_ibuf_I_O)         0.406     0.406 r  clk_in_IBUF_inst/O
                         net (fo=1, routed)           0.907     1.313    test_clk_OBUF
    BUFGCTRL_X0Y16       BUFG (Prop_bufg_I_O)         0.029     1.342 r  test_clk_OBUF_BUFG_inst/O
                         net (fo=161, routed)         0.870     2.212    processzor/lower_reg_banks/WCLK
    SLICE_X104Y81        RAMD32                                       r  processzor/lower_reg_banks/RAMA_D1/CLK
                         clock pessimism             -0.512     1.700    
    SLICE_X104Y81        RAMD32 (Hold_ramd32_CLK_WADR4)
                                                      0.200     1.900    processzor/lower_reg_banks/RAMA_D1
  -------------------------------------------------------------------
                         required time                         -1.900    
                         arrival time                           1.933    
  -------------------------------------------------------------------
                         slack                                  0.033    

Slack (MET) :             0.033ns  (arrival time - required time)
  Source:                 processzor/sx_addr4_flop/C
                            (rising edge-triggered cell FDRE clocked by sys_clk_pin  {rise@0.000ns fall@4.000ns period=8.000ns})
  Destination:            processzor/lower_reg_banks/RAMB/WADR4
                            (rising edge-triggered cell RAMD32 clocked by sys_clk_pin  {rise@0.000ns fall@4.000ns period=8.000ns})
  Path Group:             sys_clk_pin
  Path Type:              Hold (Min at Fast Process Corner)
  Requirement:            0.000ns  (sys_clk_pin rise@0.000ns - sys_clk_pin rise@0.000ns)
  Data Path Delay:        0.246ns  (logic 0.141ns (57.434%)  route 0.105ns (42.566%))
  Logic Levels:           0  
  Clock Path Skew:        0.013ns (DCD - SCD - CPR)
    Destination Clock Delay (DCD):    2.212ns
    Source Clock Delay      (SCD):    1.687ns
    Clock Pessimism Removal (CPR):    0.512ns

    Location             Delay type                Incr(ns)  Path(ns)    Netlist Resource(s)
  -------------------------------------------------------------------    -------------------
                         (clock sys_clk_pin rise edge)
                                                      0.000     0.000 r  
    H16                                               0.000     0.000 r  clk_in (IN)
                         net (fo=0)                   0.000     0.000    clk_in
    H16                  IBUF (Prop_ibuf_I_O)         0.219     0.219 r  clk_in_IBUF_inst/O
                         net (fo=1, routed)           0.842     1.060    test_clk_OBUF
    BUFGCTRL_X0Y16       BUFG (Prop_bufg_I_O)         0.026     1.086 r  test_clk_OBUF_BUFG_inst/O
                         net (fo=161, routed)         0.601     1.687    processzor/test_clk_OBUF_BUFG
    SLICE_X105Y81        FDRE                                         r  processzor/sx_addr4_flop/C
  -------------------------------------------------------------------    -------------------
    SLICE_X105Y81        FDRE (Prop_fdre_C_Q)         0.141     1.828 r  processzor/sx_addr4_flop/Q
                         net (fo=20, routed)          0.105     1.933    processzor/lower_reg_banks/ADDRD4
    SLICE_X104Y81        RAMD32                                       r  processzor/lower_reg_banks/RAMB/WADR4
  -------------------------------------------------------------------    -------------------

                         (clock sys_clk_pin rise edge)
                                                      0.000     0.000 r  
    H16                                               0.000     0.000 r  clk_in (IN)
                         net (fo=0)                   0.000     0.000    clk_in
    H16                  IBUF (Prop_ibuf_I_O)         0.406     0.406 r  clk_in_IBUF_inst/O
                         net (fo=1, routed)           0.907     1.313    test_clk_OBUF
    BUFGCTRL_X0Y16       BUFG (Prop_bufg_I_O)         0.029     1.342 r  test_clk_OBUF_BUFG_inst/O
                         net (fo=161, routed)         0.870     2.212    processzor/lower_reg_banks/WCLK
    SLICE_X104Y81        RAMD32                                       r  processzor/lower_reg_banks/RAMB/CLK
                         clock pessimism             -0.512     1.700    
    SLICE_X104Y81        RAMD32 (Hold_ramd32_CLK_WADR4)
                                                      0.200     1.900    processzor/lower_reg_banks/RAMB
  -------------------------------------------------------------------
                         required time                         -1.900    
                         arrival time                           1.933    
  -------------------------------------------------------------------
                         slack                                  0.033    

Slack (MET) :             0.033ns  (arrival time - required time)
  Source:                 processzor/sx_addr4_flop/C
                            (rising edge-triggered cell FDRE clocked by sys_clk_pin  {rise@0.000ns fall@4.000ns period=8.000ns})
  Destination:            processzor/lower_reg_banks/RAMB_D1/WADR4
                            (rising edge-triggered cell RAMD32 clocked by sys_clk_pin  {rise@0.000ns fall@4.000ns period=8.000ns})
  Path Group:             sys_clk_pin
  Path Type:              Hold (Min at Fast Process Corner)
  Requirement:            0.000ns  (sys_clk_pin rise@0.000ns - sys_clk_pin rise@0.000ns)
  Data Path Delay:        0.246ns  (logic 0.141ns (57.434%)  route 0.105ns (42.566%))
  Logic Levels:           0  
  Clock Path Skew:        0.013ns (DCD - SCD - CPR)
    Destination Clock Delay (DCD):    2.212ns
    Source Clock Delay      (SCD):    1.687ns
    Clock Pessimism Removal (CPR):    0.512ns

    Location             Delay type                Incr(ns)  Path(ns)    Netlist Resource(s)
  -------------------------------------------------------------------    -------------------
                         (clock sys_clk_pin rise edge)
                                                      0.000     0.000 r  
    H16                                               0.000     0.000 r  clk_in (IN)
                         net (fo=0)                   0.000     0.000    clk_in
    H16                  IBUF (Prop_ibuf_I_O)         0.219     0.219 r  clk_in_IBUF_inst/O
                         net (fo=1, routed)           0.842     1.060    test_clk_OBUF
    BUFGCTRL_X0Y16       BUFG (Prop_bufg_I_O)         0.026     1.086 r  test_clk_OBUF_BUFG_inst/O
                         net (fo=161, routed)         0.601     1.687    processzor/test_clk_OBUF_BUFG
    SLICE_X105Y81        FDRE                                         r  processzor/sx_addr4_flop/C
  -------------------------------------------------------------------    -------------------
    SLICE_X105Y81        FDRE (Prop_fdre_C_Q)         0.141     1.828 r  processzor/sx_addr4_flop/Q
                         net (fo=20, routed)          0.105     1.933    processzor/lower_reg_banks/ADDRD4
    SLICE_X104Y81        RAMD32                                       r  processzor/lower_reg_banks/RAMB_D1/WADR4
  -------------------------------------------------------------------    -------------------

                         (clock sys_clk_pin rise edge)
                                                      0.000     0.000 r  
    H16                                               0.000     0.000 r  clk_in (IN)
                         net (fo=0)                   0.000     0.000    clk_in
    H16                  IBUF (Prop_ibuf_I_O)         0.406     0.406 r  clk_in_IBUF_inst/O
                         net (fo=1, routed)           0.907     1.313    test_clk_OBUF
    BUFGCTRL_X0Y16       BUFG (Prop_bufg_I_O)         0.029     1.342 r  test_clk_OBUF_BUFG_inst/O
                         net (fo=161, routed)         0.870     2.212    processzor/lower_reg_banks/WCLK
    SLICE_X104Y81        RAMD32                                       r  processzor/lower_reg_banks/RAMB_D1/CLK
                         clock pessimism             -0.512     1.700    
    SLICE_X104Y81        RAMD32 (Hold_ramd32_CLK_WADR4)
                                                      0.200     1.900    processzor/lower_reg_banks/RAMB_D1
  -------------------------------------------------------------------
                         required time                         -1.900    
                         arrival time                           1.933    
  -------------------------------------------------------------------
                         slack                                  0.033    

Slack (MET) :             0.033ns  (arrival time - required time)
  Source:                 processzor/sx_addr4_flop/C
                            (rising edge-triggered cell FDRE clocked by sys_clk_pin  {rise@0.000ns fall@4.000ns period=8.000ns})
  Destination:            processzor/lower_reg_banks/RAMC/WADR4
                            (rising edge-triggered cell RAMD32 clocked by sys_clk_pin  {rise@0.000ns fall@4.000ns period=8.000ns})
  Path Group:             sys_clk_pin
  Path Type:              Hold (Min at Fast Process Corner)
  Requirement:            0.000ns  (sys_clk_pin rise@0.000ns - sys_clk_pin rise@0.000ns)
  Data Path Delay:        0.246ns  (logic 0.141ns (57.434%)  route 0.105ns (42.566%))
  Logic Levels:           0  
  Clock Path Skew:        0.013ns (DCD - SCD - CPR)
    Destination Clock Delay (DCD):    2.212ns
    Source Clock Delay      (SCD):    1.687ns
    Clock Pessimism Removal (CPR):    0.512ns

    Location             Delay type                Incr(ns)  Path(ns)    Netlist Resource(s)
  -------------------------------------------------------------------    -------------------
                         (clock sys_clk_pin rise edge)
                                                      0.000     0.000 r  
    H16                                               0.000     0.000 r  clk_in (IN)
                         net (fo=0)                   0.000     0.000    clk_in
    H16                  IBUF (Prop_ibuf_I_O)         0.219     0.219 r  clk_in_IBUF_inst/O
                         net (fo=1, routed)           0.842     1.060    test_clk_OBUF
    BUFGCTRL_X0Y16       BUFG (Prop_bufg_I_O)         0.026     1.086 r  test_clk_OBUF_BUFG_inst/O
                         net (fo=161, routed)         0.601     1.687    processzor/test_clk_OBUF_BUFG
    SLICE_X105Y81        FDRE                                         r  processzor/sx_addr4_flop/C
  -------------------------------------------------------------------    -------------------
    SLICE_X105Y81        FDRE (Prop_fdre_C_Q)         0.141     1.828 r  processzor/sx_addr4_flop/Q
                         net (fo=20, routed)          0.105     1.933    processzor/lower_reg_banks/ADDRD4
    SLICE_X104Y81        RAMD32                                       r  processzor/lower_reg_banks/RAMC/WADR4
  -------------------------------------------------------------------    -------------------

                         (clock sys_clk_pin rise edge)
                                                      0.000     0.000 r  
    H16                                               0.000     0.000 r  clk_in (IN)
                         net (fo=0)                   0.000     0.000    clk_in
    H16                  IBUF (Prop_ibuf_I_O)         0.406     0.406 r  clk_in_IBUF_inst/O
                         net (fo=1, routed)           0.907     1.313    test_clk_OBUF
    BUFGCTRL_X0Y16       BUFG (Prop_bufg_I_O)         0.029     1.342 r  test_clk_OBUF_BUFG_inst/O
                         net (fo=161, routed)         0.870     2.212    processzor/lower_reg_banks/WCLK
    SLICE_X104Y81        RAMD32                                       r  processzor/lower_reg_banks/RAMC/CLK
                         clock pessimism             -0.512     1.700    
    SLICE_X104Y81        RAMD32 (Hold_ramd32_CLK_WADR4)
                                                      0.200     1.900    processzor/lower_reg_banks/RAMC
  -------------------------------------------------------------------
                         required time                         -1.900    
                         arrival time                           1.933    
  -------------------------------------------------------------------
                         slack                                  0.033    

Slack (MET) :             0.033ns  (arrival time - required time)
  Source:                 processzor/sx_addr4_flop/C
                            (rising edge-triggered cell FDRE clocked by sys_clk_pin  {rise@0.000ns fall@4.000ns period=8.000ns})
  Destination:            processzor/lower_reg_banks/RAMC_D1/WADR4
                            (rising edge-triggered cell RAMD32 clocked by sys_clk_pin  {rise@0.000ns fall@4.000ns period=8.000ns})
  Path Group:             sys_clk_pin
  Path Type:              Hold (Min at Fast Process Corner)
  Requirement:            0.000ns  (sys_clk_pin rise@0.000ns - sys_clk_pin rise@0.000ns)
  Data Path Delay:        0.246ns  (logic 0.141ns (57.434%)  route 0.105ns (42.566%))
  Logic Levels:           0  
  Clock Path Skew:        0.013ns (DCD - SCD - CPR)
    Destination Clock Delay (DCD):    2.212ns
    Source Clock Delay      (SCD):    1.687ns
    Clock Pessimism Removal (CPR):    0.512ns

    Location             Delay type                Incr(ns)  Path(ns)    Netlist Resource(s)
  -------------------------------------------------------------------    -------------------
                         (clock sys_clk_pin rise edge)
                                                      0.000     0.000 r  
    H16                                               0.000     0.000 r  clk_in (IN)
                         net (fo=0)                   0.000     0.000    clk_in
    H16                  IBUF (Prop_ibuf_I_O)         0.219     0.219 r  clk_in_IBUF_inst/O
                         net (fo=1, routed)           0.842     1.060    test_clk_OBUF
    BUFGCTRL_X0Y16       BUFG (Prop_bufg_I_O)         0.026     1.086 r  test_clk_OBUF_BUFG_inst/O
                         net (fo=161, routed)         0.601     1.687    processzor/test_clk_OBUF_BUFG
    SLICE_X105Y81        FDRE                                         r  processzor/sx_addr4_flop/C
  -------------------------------------------------------------------    -------------------
    SLICE_X105Y81        FDRE (Prop_fdre_C_Q)         0.141     1.828 r  processzor/sx_addr4_flop/Q
                         net (fo=20, routed)          0.105     1.933    processzor/lower_reg_banks/ADDRD4
    SLICE_X104Y81        RAMD32                                       r  processzor/lower_reg_banks/RAMC_D1/WADR4
  -------------------------------------------------------------------    -------------------

                         (clock sys_clk_pin rise edge)
                                                      0.000     0.000 r  
    H16                                               0.000     0.000 r  clk_in (IN)
                         net (fo=0)                   0.000     0.000    clk_in
    H16                  IBUF (Prop_ibuf_I_O)         0.406     0.406 r  clk_in_IBUF_inst/O
                         net (fo=1, routed)           0.907     1.313    test_clk_OBUF
    BUFGCTRL_X0Y16       BUFG (Prop_bufg_I_O)         0.029     1.342 r  test_clk_OBUF_BUFG_inst/O
                         net (fo=161, routed)         0.870     2.212    processzor/lower_reg_banks/WCLK
    SLICE_X104Y81        RAMD32                                       r  processzor/lower_reg_banks/RAMC_D1/CLK
                         clock pessimism             -0.512     1.700    
    SLICE_X104Y81        RAMD32 (Hold_ramd32_CLK_WADR4)
                                                      0.200     1.900    processzor/lower_reg_banks/RAMC_D1
  -------------------------------------------------------------------
                         required time                         -1.900    
                         arrival time                           1.933    
  -------------------------------------------------------------------
                         slack                                  0.033    

Slack (MET) :             0.033ns  (arrival time - required time)
  Source:                 processzor/sx_addr4_flop/C
                            (rising edge-triggered cell FDRE clocked by sys_clk_pin  {rise@0.000ns fall@4.000ns period=8.000ns})
  Destination:            processzor/lower_reg_banks/RAMD/ADR4
                            (rising edge-triggered cell RAMS32 clocked by sys_clk_pin  {rise@0.000ns fall@4.000ns period=8.000ns})
  Path Group:             sys_clk_pin
  Path Type:              Hold (Min at Fast Process Corner)
  Requirement:            0.000ns  (sys_clk_pin rise@0.000ns - sys_clk_pin rise@0.000ns)
  Data Path Delay:        0.246ns  (logic 0.141ns (57.434%)  route 0.105ns (42.566%))
  Logic Levels:           0  
  Clock Path Skew:        0.013ns (DCD - SCD - CPR)
    Destination Clock Delay (DCD):    2.212ns
    Source Clock Delay      (SCD):    1.687ns
    Clock Pessimism Removal (CPR):    0.512ns

    Location             Delay type                Incr(ns)  Path(ns)    Netlist Resource(s)
  -------------------------------------------------------------------    -------------------
                         (clock sys_clk_pin rise edge)
                                                      0.000     0.000 r  
    H16                                               0.000     0.000 r  clk_in (IN)
                         net (fo=0)                   0.000     0.000    clk_in
    H16                  IBUF (Prop_ibuf_I_O)         0.219     0.219 r  clk_in_IBUF_inst/O
                         net (fo=1, routed)           0.842     1.060    test_clk_OBUF
    BUFGCTRL_X0Y16       BUFG (Prop_bufg_I_O)         0.026     1.086 r  test_clk_OBUF_BUFG_inst/O
                         net (fo=161, routed)         0.601     1.687    processzor/test_clk_OBUF_BUFG
    SLICE_X105Y81        FDRE                                         r  processzor/sx_addr4_flop/C
  -------------------------------------------------------------------    -------------------
    SLICE_X105Y81        FDRE (Prop_fdre_C_Q)         0.141     1.828 r  processzor/sx_addr4_flop/Q
                         net (fo=20, routed)          0.105     1.933    processzor/lower_reg_banks/ADDRD4
    SLICE_X104Y81        RAMS32                                       r  processzor/lower_reg_banks/RAMD/ADR4
  -------------------------------------------------------------------    -------------------

                         (clock sys_clk_pin rise edge)
                                                      0.000     0.000 r  
    H16                                               0.000     0.000 r  clk_in (IN)
                         net (fo=0)                   0.000     0.000    clk_in
    H16                  IBUF (Prop_ibuf_I_O)         0.406     0.406 r  clk_in_IBUF_inst/O
                         net (fo=1, routed)           0.907     1.313    test_clk_OBUF
    BUFGCTRL_X0Y16       BUFG (Prop_bufg_I_O)         0.029     1.342 r  test_clk_OBUF_BUFG_inst/O
                         net (fo=161, routed)         0.870     2.212    processzor/lower_reg_banks/WCLK
    SLICE_X104Y81        RAMS32                                       r  processzor/lower_reg_banks/RAMD/CLK
                         clock pessimism             -0.512     1.700    
    SLICE_X104Y81        RAMS32 (Hold_rams32_CLK_ADR4)
                                                      0.200     1.900    processzor/lower_reg_banks/RAMD
  -------------------------------------------------------------------
                         required time                         -1.900    
                         arrival time                           1.933    
  -------------------------------------------------------------------
                         slack                                  0.033    

Slack (MET) :             0.033ns  (arrival time - required time)
  Source:                 processzor/sx_addr4_flop/C
                            (rising edge-triggered cell FDRE clocked by sys_clk_pin  {rise@0.000ns fall@4.000ns period=8.000ns})
  Destination:            processzor/lower_reg_banks/RAMD_D1/ADR4
                            (rising edge-triggered cell RAMS32 clocked by sys_clk_pin  {rise@0.000ns fall@4.000ns period=8.000ns})
  Path Group:             sys_clk_pin
  Path Type:              Hold (Min at Fast Process Corner)
  Requirement:            0.000ns  (sys_clk_pin rise@0.000ns - sys_clk_pin rise@0.000ns)
  Data Path Delay:        0.246ns  (logic 0.141ns (57.434%)  route 0.105ns (42.566%))
  Logic Levels:           0  
  Clock Path Skew:        0.013ns (DCD - SCD - CPR)
    Destination Clock Delay (DCD):    2.212ns
    Source Clock Delay      (SCD):    1.687ns
    Clock Pessimism Removal (CPR):    0.512ns

    Location             Delay type                Incr(ns)  Path(ns)    Netlist Resource(s)
  -------------------------------------------------------------------    -------------------
                         (clock sys_clk_pin rise edge)
                                                      0.000     0.000 r  
    H16                                               0.000     0.000 r  clk_in (IN)
                         net (fo=0)                   0.000     0.000    clk_in
    H16                  IBUF (Prop_ibuf_I_O)         0.219     0.219 r  clk_in_IBUF_inst/O
                         net (fo=1, routed)           0.842     1.060    test_clk_OBUF
    BUFGCTRL_X0Y16       BUFG (Prop_bufg_I_O)         0.026     1.086 r  test_clk_OBUF_BUFG_inst/O
                         net (fo=161, routed)         0.601     1.687    processzor/test_clk_OBUF_BUFG
    SLICE_X105Y81        FDRE                                         r  processzor/sx_addr4_flop/C
  -------------------------------------------------------------------    -------------------
    SLICE_X105Y81        FDRE (Prop_fdre_C_Q)         0.141     1.828 r  processzor/sx_addr4_flop/Q
                         net (fo=20, routed)          0.105     1.933    processzor/lower_reg_banks/ADDRD4
    SLICE_X104Y81        RAMS32                                       r  processzor/lower_reg_banks/RAMD_D1/ADR4
  -------------------------------------------------------------------    -------------------

                         (clock sys_clk_pin rise edge)
                                                      0.000     0.000 r  
    H16                                               0.000     0.000 r  clk_in (IN)
                         net (fo=0)                   0.000     0.000    clk_in
    H16                  IBUF (Prop_ibuf_I_O)         0.406     0.406 r  clk_in_IBUF_inst/O
                         net (fo=1, routed)           0.907     1.313    test_clk_OBUF
    BUFGCTRL_X0Y16       BUFG (Prop_bufg_I_O)         0.029     1.342 r  test_clk_OBUF_BUFG_inst/O
                         net (fo=161, routed)         0.870     2.212    processzor/lower_reg_banks/WCLK
    SLICE_X104Y81        RAMS32                                       r  processzor/lower_reg_banks/RAMD_D1/CLK
                         clock pessimism             -0.512     1.700    
    SLICE_X104Y81        RAMS32 (Hold_rams32_CLK_ADR4)
                                                      0.200     1.900    processzor/lower_reg_banks/RAMD_D1
  -------------------------------------------------------------------
                         required time                         -1.900    
                         arrival time                           1.933    
  -------------------------------------------------------------------
                         slack                                  0.033    

Slack (MET) :             0.070ns  (arrival time - required time)
  Source:                 processzor/stack_loop[0].lsb_stack.pointer_flop/C
                            (rising edge-triggered cell FDRE clocked by sys_clk_pin  {rise@0.000ns fall@4.000ns period=8.000ns})
  Destination:            processzor/stack_ram_high/RAMA/WADR0
                            (rising edge-triggered cell RAMD32 clocked by sys_clk_pin  {rise@0.000ns fall@4.000ns period=8.000ns})
  Path Group:             sys_clk_pin
  Path Type:              Hold (Min at Fast Process Corner)
  Requirement:            0.000ns  (sys_clk_pin rise@0.000ns - sys_clk_pin rise@0.000ns)
  Data Path Delay:        0.393ns  (logic 0.141ns (35.920%)  route 0.252ns (64.080%))
  Logic Levels:           0  
  Clock Path Skew:        0.013ns (DCD - SCD - CPR)
    Destination Clock Delay (DCD):    2.238ns
    Source Clock Delay      (SCD):    1.714ns
    Clock Pessimism Removal (CPR):    0.511ns

    Location             Delay type                Incr(ns)  Path(ns)    Netlist Resource(s)
  -------------------------------------------------------------------    -------------------
                         (clock sys_clk_pin rise edge)
                                                      0.000     0.000 r  
    H16                                               0.000     0.000 r  clk_in (IN)
                         net (fo=0)                   0.000     0.000    clk_in
    H16                  IBUF (Prop_ibuf_I_O)         0.219     0.219 r  clk_in_IBUF_inst/O
                         net (fo=1, routed)           0.842     1.060    test_clk_OBUF
    BUFGCTRL_X0Y16       BUFG (Prop_bufg_I_O)         0.026     1.086 r  test_clk_OBUF_BUFG_inst/O
                         net (fo=161, routed)         0.628     1.714    processzor/test_clk_OBUF_BUFG
    SLICE_X109Y81        FDRE                                         r  processzor/stack_loop[0].lsb_stack.pointer_flop/C
  -------------------------------------------------------------------    -------------------
    SLICE_X109Y81        FDRE (Prop_fdre_C_Q)         0.141     1.855 r  processzor/stack_loop[0].lsb_stack.pointer_flop/Q
                         net (fo=30, routed)          0.252     2.107    processzor/stack_ram_high/ADDRD0
    SLICE_X108Y81        RAMD32                                       r  processzor/stack_ram_high/RAMA/WADR0
  -------------------------------------------------------------------    -------------------

                         (clock sys_clk_pin rise edge)
                                                      0.000     0.000 r  
    H16                                               0.000     0.000 r  clk_in (IN)
                         net (fo=0)                   0.000     0.000    clk_in
    H16                  IBUF (Prop_ibuf_I_O)         0.406     0.406 r  clk_in_IBUF_inst/O
                         net (fo=1, routed)           0.907     1.313    test_clk_OBUF
    BUFGCTRL_X0Y16       BUFG (Prop_bufg_I_O)         0.029     1.342 r  test_clk_OBUF_BUFG_inst/O
                         net (fo=161, routed)         0.896     2.238    processzor/stack_ram_high/WCLK
    SLICE_X108Y81        RAMD32                                       r  processzor/stack_ram_high/RAMA/CLK
                         clock pessimism             -0.511     1.727    
    SLICE_X108Y81        RAMD32 (Hold_ramd32_CLK_WADR0)
                                                      0.310     2.037    processzor/stack_ram_high/RAMA
  -------------------------------------------------------------------
                         required time                         -2.037    
                         arrival time                           2.107    
  -------------------------------------------------------------------
                         slack                                  0.070    

Slack (MET) :             0.070ns  (arrival time - required time)
  Source:                 processzor/stack_loop[0].lsb_stack.pointer_flop/C
                            (rising edge-triggered cell FDRE clocked by sys_clk_pin  {rise@0.000ns fall@4.000ns period=8.000ns})
  Destination:            processzor/stack_ram_high/RAMA_D1/WADR0
                            (rising edge-triggered cell RAMD32 clocked by sys_clk_pin  {rise@0.000ns fall@4.000ns period=8.000ns})
  Path Group:             sys_clk_pin
  Path Type:              Hold (Min at Fast Process Corner)
  Requirement:            0.000ns  (sys_clk_pin rise@0.000ns - sys_clk_pin rise@0.000ns)
  Data Path Delay:        0.393ns  (logic 0.141ns (35.920%)  route 0.252ns (64.080%))
  Logic Levels:           0  
  Clock Path Skew:        0.013ns (DCD - SCD - CPR)
    Destination Clock Delay (DCD):    2.238ns
    Source Clock Delay      (SCD):    1.714ns
    Clock Pessimism Removal (CPR):    0.511ns

    Location             Delay type                Incr(ns)  Path(ns)    Netlist Resource(s)
  -------------------------------------------------------------------    -------------------
                         (clock sys_clk_pin rise edge)
                                                      0.000     0.000 r  
    H16                                               0.000     0.000 r  clk_in (IN)
                         net (fo=0)                   0.000     0.000    clk_in
    H16                  IBUF (Prop_ibuf_I_O)         0.219     0.219 r  clk_in_IBUF_inst/O
                         net (fo=1, routed)           0.842     1.060    test_clk_OBUF
    BUFGCTRL_X0Y16       BUFG (Prop_bufg_I_O)         0.026     1.086 r  test_clk_OBUF_BUFG_inst/O
                         net (fo=161, routed)         0.628     1.714    processzor/test_clk_OBUF_BUFG
    SLICE_X109Y81        FDRE                                         r  processzor/stack_loop[0].lsb_stack.pointer_flop/C
  -------------------------------------------------------------------    -------------------
    SLICE_X109Y81        FDRE (Prop_fdre_C_Q)         0.141     1.855 r  processzor/stack_loop[0].lsb_stack.pointer_flop/Q
                         net (fo=30, routed)          0.252     2.107    processzor/stack_ram_high/ADDRD0
    SLICE_X108Y81        RAMD32                                       r  processzor/stack_ram_high/RAMA_D1/WADR0
  -------------------------------------------------------------------    -------------------

                         (clock sys_clk_pin rise edge)
                                                      0.000     0.000 r  
    H16                                               0.000     0.000 r  clk_in (IN)
                         net (fo=0)                   0.000     0.000    clk_in
    H16                  IBUF (Prop_ibuf_I_O)         0.406     0.406 r  clk_in_IBUF_inst/O
                         net (fo=1, routed)           0.907     1.313    test_clk_OBUF
    BUFGCTRL_X0Y16       BUFG (Prop_bufg_I_O)         0.029     1.342 r  test_clk_OBUF_BUFG_inst/O
                         net (fo=161, routed)         0.896     2.238    processzor/stack_ram_high/WCLK
    SLICE_X108Y81        RAMD32                                       r  processzor/stack_ram_high/RAMA_D1/CLK
                         clock pessimism             -0.511     1.727    
    SLICE_X108Y81        RAMD32 (Hold_ramd32_CLK_WADR0)
                                                      0.310     2.037    processzor/stack_ram_high/RAMA_D1
  -------------------------------------------------------------------
                         required time                         -2.037    
                         arrival time                           2.107    
  -------------------------------------------------------------------
                         slack                                  0.070    





Pulse Width Checks
--------------------------------------------------------------------------------------
Clock Name:         sys_clk_pin
Waveform(ns):       { 0.000 4.000 }
Period(ns):         8.000
Sources:            { clk_in }

Check Type        Corner  Lib Pin             Reference Pin  Required(ns)  Actual(ns)  Slack(ns)  Location        Pin
Min Period        n/a     RAMB36E1/CLKARDCLK  n/a            2.576         8.000       5.424      RAMB36_X5Y16    memoria/ram_2k_generate.akv7.kcpsm6_rom/CLKARDCLK
Min Period        n/a     BUFG/I              n/a            2.155         8.000       5.845      BUFGCTRL_X0Y16  test_clk_OBUF_BUFG_inst/I
Min Period        n/a     FDRE/C              n/a            1.000         8.000       7.000      SLICE_X112Y84   clk_count_reg[0]/C
Min Period        n/a     FDRE/C              n/a            1.000         8.000       7.000      SLICE_X111Y84   clk_count_reg[1]/C
Min Period        n/a     FDRE/C              n/a            1.000         8.000       7.000      SLICE_X111Y84   clk_count_reg[2]/C
Min Period        n/a     FDRE/C              n/a            1.000         8.000       7.000      SLICE_X111Y84   clk_count_reg[3]/C
Min Period        n/a     FDRE/C              n/a            1.000         8.000       7.000      SLICE_X111Y84   clk_count_reg[4]/C
Min Period        n/a     FDRE/C              n/a            1.000         8.000       7.000      SLICE_X111Y86   clk_inter_reg/C
Min Period        n/a     FDRE/C              n/a            1.000         8.000       7.000      SLICE_X111Y83   data_count_reg[0]/C
Min Period        n/a     FDRE/C              n/a            1.000         8.000       7.000      SLICE_X110Y83   data_count_reg[1]/C
Low Pulse Width   Slow    RAMD64E/CLK         n/a            1.250         4.000       2.750      SLICE_X102Y82   processzor/data_path_loop[0].small_spm.small_spm_ram.spm_ram/RAMA/CLK
Low Pulse Width   Fast    RAMD64E/CLK         n/a            1.250         4.000       2.750      SLICE_X102Y82   processzor/data_path_loop[0].small_spm.small_spm_ram.spm_ram/RAMA/CLK
Low Pulse Width   Slow    RAMD64E/CLK         n/a            1.250         4.000       2.750      SLICE_X102Y82   processzor/data_path_loop[0].small_spm.small_spm_ram.spm_ram/RAMB/CLK
Low Pulse Width   Fast    RAMD64E/CLK         n/a            1.250         4.000       2.750      SLICE_X102Y82   processzor/data_path_loop[0].small_spm.small_spm_ram.spm_ram/RAMB/CLK
Low Pulse Width   Slow    RAMD64E/CLK         n/a            1.250         4.000       2.750      SLICE_X102Y82   processzor/data_path_loop[0].small_spm.small_spm_ram.spm_ram/RAMC/CLK
Low Pulse Width   Fast    RAMD64E/CLK         n/a            1.250         4.000       2.750      SLICE_X102Y82   processzor/data_path_loop[0].small_spm.small_spm_ram.spm_ram/RAMC/CLK
Low Pulse Width   Slow    RAMD64E/CLK         n/a            1.250         4.000       2.750      SLICE_X102Y82   processzor/data_path_loop[0].small_spm.small_spm_ram.spm_ram/RAMD/CLK
Low Pulse Width   Fast    RAMD64E/CLK         n/a            1.250         4.000       2.750      SLICE_X102Y82   processzor/data_path_loop[0].small_spm.small_spm_ram.spm_ram/RAMD/CLK
Low Pulse Width   Slow    RAMD64E/CLK         n/a            1.250         4.000       2.750      SLICE_X104Y84   processzor/data_path_loop[4].small_spm.small_spm_ram.spm_ram/RAMA/CLK
Low Pulse Width   Fast    RAMD64E/CLK         n/a            1.250         4.000       2.750      SLICE_X104Y84   processzor/data_path_loop[4].small_spm.small_spm_ram.spm_ram/RAMA/CLK
High Pulse Width  Slow    RAMD64E/CLK         n/a            1.250         4.000       2.750      SLICE_X102Y82   processzor/data_path_loop[0].small_spm.small_spm_ram.spm_ram/RAMA/CLK
High Pulse Width  Fast    RAMD64E/CLK         n/a            1.250         4.000       2.750      SLICE_X102Y82   processzor/data_path_loop[0].small_spm.small_spm_ram.spm_ram/RAMA/CLK
High Pulse Width  Slow    RAMD64E/CLK         n/a            1.250         4.000       2.750      SLICE_X102Y82   processzor/data_path_loop[0].small_spm.small_spm_ram.spm_ram/RAMB/CLK
High Pulse Width  Fast    RAMD64E/CLK         n/a            1.250         4.000       2.750      SLICE_X102Y82   processzor/data_path_loop[0].small_spm.small_spm_ram.spm_ram/RAMB/CLK
High Pulse Width  Slow    RAMD64E/CLK         n/a            1.250         4.000       2.750      SLICE_X102Y82   processzor/data_path_loop[0].small_spm.small_spm_ram.spm_ram/RAMC/CLK
High Pulse Width  Fast    RAMD64E/CLK         n/a            1.250         4.000       2.750      SLICE_X102Y82   processzor/data_path_loop[0].small_spm.small_spm_ram.spm_ram/RAMC/CLK
High Pulse Width  Slow    RAMD64E/CLK         n/a            1.250         4.000       2.750      SLICE_X102Y82   processzor/data_path_loop[0].small_spm.small_spm_ram.spm_ram/RAMD/CLK
High Pulse Width  Fast    RAMD64E/CLK         n/a            1.250         4.000       2.750      SLICE_X102Y82   processzor/data_path_loop[0].small_spm.small_spm_ram.spm_ram/RAMD/CLK
High Pulse Width  Slow    RAMD64E/CLK         n/a            1.250         4.000       2.750      SLICE_X104Y84   processzor/data_path_loop[4].small_spm.small_spm_ram.spm_ram/RAMA/CLK
High Pulse Width  Fast    RAMD64E/CLK         n/a            1.250         4.000       2.750      SLICE_X104Y84   processzor/data_path_loop[4].small_spm.small_spm_ram.spm_ram/RAMA/CLK



--------------------------------------------------------------------------------------
Path Group:  (none)
From Clock:  
  To Clock:  

Max Delay             4 Endpoints
Min Delay             4 Endpoints
--------------------------------------------------------------------------------------


Max Delay Paths
--------------------------------------------------------------------------------------
Slack:                    inf
  Source:                 LEDsw
                            (input port)
  Destination:            led[3]
                            (output port)
  Path Group:             (none)
  Path Type:              Max at Slow Process Corner
  Data Path Delay:        10.781ns  (logic 5.483ns (50.860%)  route 5.298ns (49.140%))
  Logic Levels:           3  (IBUF=1 LUT3=1 OBUF=1)

    Location             Delay type                Incr(ns)  Path(ns)    Netlist Resource(s)
  -------------------------------------------------------------------    -------------------
    M20                                               0.000     0.000 r  LEDsw (IN)
                         net (fo=0)                   0.000     0.000    LEDsw
    M20                  IBUF (Prop_ibuf_I_O)         1.542     1.542 r  LEDsw_IBUF_inst/O
                         net (fo=4, routed)           2.847     4.389    LEDsw_IBUF
    SLICE_X106Y84        LUT3 (Prop_lut3_I1_O)        0.152     4.541 r  led_OBUF[3]_inst_i_1/O
                         net (fo=1, routed)           2.451     6.992    led_OBUF[3]
    M14                  OBUF (Prop_obuf_I_O)         3.789    10.781 r  led_OBUF[3]_inst/O
                         net (fo=0)                   0.000    10.781    led[3]
    M14                                                               r  led[3] (OUT)
  -------------------------------------------------------------------    -------------------

Slack:                    inf
  Source:                 LEDsw
                            (input port)
  Destination:            led[2]
                            (output port)
  Path Group:             (none)
  Path Type:              Max at Slow Process Corner
  Data Path Delay:        10.540ns  (logic 5.239ns (49.703%)  route 5.301ns (50.297%))
  Logic Levels:           3  (IBUF=1 LUT3=1 OBUF=1)

    Location             Delay type                Incr(ns)  Path(ns)    Netlist Resource(s)
  -------------------------------------------------------------------    -------------------
    M20                                               0.000     0.000 r  LEDsw (IN)
                         net (fo=0)                   0.000     0.000    LEDsw
    M20                  IBUF (Prop_ibuf_I_O)         1.542     1.542 r  LEDsw_IBUF_inst/O
                         net (fo=4, routed)           2.847     4.389    LEDsw_IBUF
    SLICE_X106Y84        LUT3 (Prop_lut3_I1_O)        0.124     4.513 r  led_OBUF[2]_inst_i_1/O
                         net (fo=1, routed)           2.455     6.968    led_OBUF[2]
    N16                  OBUF (Prop_obuf_I_O)         3.572    10.540 r  led_OBUF[2]_inst/O
                         net (fo=0)                   0.000    10.540    led[2]
    N16                                                               r  led[2] (OUT)
  -------------------------------------------------------------------    -------------------

Slack:                    inf
  Source:                 LEDsw
                            (input port)
  Destination:            led[0]
                            (output port)
  Path Group:             (none)
  Path Type:              Max at Slow Process Corner
  Data Path Delay:        10.283ns  (logic 5.426ns (52.768%)  route 4.857ns (47.232%))
  Logic Levels:           3  (IBUF=1 LUT3=1 OBUF=1)

    Location             Delay type                Incr(ns)  Path(ns)    Netlist Resource(s)
  -------------------------------------------------------------------    -------------------
    M20                                               0.000     0.000 r  LEDsw (IN)
                         net (fo=0)                   0.000     0.000    LEDsw
    M20                  IBUF (Prop_ibuf_I_O)         1.542     1.542 r  LEDsw_IBUF_inst/O
                         net (fo=4, routed)           2.849     4.391    LEDsw_IBUF
    SLICE_X106Y84        LUT3 (Prop_lut3_I1_O)        0.152     4.543 r  led_OBUF[0]_inst_i_1/O
                         net (fo=1, routed)           2.008     6.551    led_OBUF[0]
    R14                  OBUF (Prop_obuf_I_O)         3.732    10.283 r  led_OBUF[0]_inst/O
                         net (fo=0)                   0.000    10.283    led[0]
    R14                                                               r  led[0] (OUT)
  -------------------------------------------------------------------    -------------------

Slack:                    inf
  Source:                 LEDsw
                            (input port)
  Destination:            led[1]
                            (output port)
  Path Group:             (none)
  Path Type:              Max at Slow Process Corner
  Data Path Delay:        9.923ns  (logic 5.224ns (52.641%)  route 4.699ns (47.359%))
  Logic Levels:           3  (IBUF=1 LUT3=1 OBUF=1)

    Location             Delay type                Incr(ns)  Path(ns)    Netlist Resource(s)
  -------------------------------------------------------------------    -------------------
    M20                                               0.000     0.000 r  LEDsw (IN)
                         net (fo=0)                   0.000     0.000    LEDsw
    M20                  IBUF (Prop_ibuf_I_O)         1.542     1.542 r  LEDsw_IBUF_inst/O
                         net (fo=4, routed)           2.849     4.391    LEDsw_IBUF
    SLICE_X106Y84        LUT3 (Prop_lut3_I1_O)        0.124     4.515 r  led_OBUF[1]_inst_i_1/O
                         net (fo=1, routed)           1.850     6.366    led_OBUF[1]
    P14                  OBUF (Prop_obuf_I_O)         3.557     9.923 r  led_OBUF[1]_inst/O
                         net (fo=0)                   0.000     9.923    led[1]
    P14                                                               r  led[1] (OUT)
  -------------------------------------------------------------------    -------------------





Min Delay Paths
--------------------------------------------------------------------------------------
Slack:                    inf
  Source:                 LEDsw
                            (input port)
  Destination:            led[1]
                            (output port)
  Path Group:             (none)
  Path Type:              Min at Fast Process Corner
  Data Path Delay:        3.158ns  (logic 1.612ns (51.061%)  route 1.545ns (48.939%))
  Logic Levels:           3  (IBUF=1 LUT3=1 OBUF=1)

    Location             Delay type                Incr(ns)  Path(ns)    Netlist Resource(s)
  -------------------------------------------------------------------    -------------------
    M20                                               0.000     0.000 r  LEDsw (IN)
                         net (fo=0)                   0.000     0.000    LEDsw
    M20                  IBUF (Prop_ibuf_I_O)         0.309     0.309 r  LEDsw_IBUF_inst/O
                         net (fo=4, routed)           1.142     1.452    LEDsw_IBUF
    SLICE_X106Y84        LUT3 (Prop_lut3_I1_O)        0.045     1.497 r  led_OBUF[1]_inst_i_1/O
                         net (fo=1, routed)           0.403     1.900    led_OBUF[1]
    P14                  OBUF (Prop_obuf_I_O)         1.258     3.158 r  led_OBUF[1]_inst/O
                         net (fo=0)                   0.000     3.158    led[1]
    P14                                                               r  led[1] (OUT)
  -------------------------------------------------------------------    -------------------

Slack:                    inf
  Source:                 LEDsw
                            (input port)
  Destination:            led[0]
                            (output port)
  Path Group:             (none)
  Path Type:              Min at Fast Process Corner
  Data Path Delay:        3.250ns  (logic 1.646ns (50.653%)  route 1.604ns (49.347%))
  Logic Levels:           3  (IBUF=1 LUT3=1 OBUF=1)

    Location             Delay type                Incr(ns)  Path(ns)    Netlist Resource(s)
  -------------------------------------------------------------------    -------------------
    M20                                               0.000     0.000 r  LEDsw (IN)
                         net (fo=0)                   0.000     0.000    LEDsw
    M20                  IBUF (Prop_ibuf_I_O)         0.309     0.309 r  LEDsw_IBUF_inst/O
                         net (fo=4, routed)           1.142     1.452    LEDsw_IBUF
    SLICE_X106Y84        LUT3 (Prop_lut3_I1_O)        0.044     1.496 r  led_OBUF[0]_inst_i_1/O
                         net (fo=1, routed)           0.462     1.957    led_OBUF[0]
    R14                  OBUF (Prop_obuf_I_O)         1.293     3.250 r  led_OBUF[0]_inst/O
                         net (fo=0)                   0.000     3.250    led[0]
    R14                                                               r  led[0] (OUT)
  -------------------------------------------------------------------    -------------------

Slack:                    inf
  Source:                 LEDsw
                            (input port)
  Destination:            led[2]
                            (output port)
  Path Group:             (none)
  Path Type:              Min at Fast Process Corner
  Data Path Delay:        3.417ns  (logic 1.627ns (47.631%)  route 1.789ns (52.369%))
  Logic Levels:           3  (IBUF=1 LUT3=1 OBUF=1)

    Location             Delay type                Incr(ns)  Path(ns)    Netlist Resource(s)
  -------------------------------------------------------------------    -------------------
    M20                                               0.000     0.000 r  LEDsw (IN)
                         net (fo=0)                   0.000     0.000    LEDsw
    M20                  IBUF (Prop_ibuf_I_O)         0.309     0.309 r  LEDsw_IBUF_inst/O
                         net (fo=4, routed)           1.134     1.443    LEDsw_IBUF
    SLICE_X106Y84        LUT3 (Prop_lut3_I1_O)        0.045     1.488 r  led_OBUF[2]_inst_i_1/O
                         net (fo=1, routed)           0.656     2.144    led_OBUF[2]
    N16                  OBUF (Prop_obuf_I_O)         1.273     3.417 r  led_OBUF[2]_inst/O
                         net (fo=0)                   0.000     3.417    led[2]
    N16                                                               r  led[2] (OUT)
  -------------------------------------------------------------------    -------------------

Slack:                    inf
  Source:                 LEDsw
                            (input port)
  Destination:            led[3]
                            (output port)
  Path Group:             (none)
  Path Type:              Min at Fast Process Corner
  Data Path Delay:        3.495ns  (logic 1.701ns (48.669%)  route 1.794ns (51.331%))
  Logic Levels:           3  (IBUF=1 LUT3=1 OBUF=1)

    Location             Delay type                Incr(ns)  Path(ns)    Netlist Resource(s)
  -------------------------------------------------------------------    -------------------
    M20                                               0.000     0.000 r  LEDsw (IN)
                         net (fo=0)                   0.000     0.000    LEDsw
    M20                  IBUF (Prop_ibuf_I_O)         0.309     0.309 r  LEDsw_IBUF_inst/O
                         net (fo=4, routed)           1.134     1.443    LEDsw_IBUF
    SLICE_X106Y84        LUT3 (Prop_lut3_I1_O)        0.043     1.486 r  led_OBUF[3]_inst_i_1/O
                         net (fo=1, routed)           0.660     2.146    led_OBUF[3]
    M14                  OBUF (Prop_obuf_I_O)         1.348     3.495 r  led_OBUF[3]_inst/O
                         net (fo=0)                   0.000     3.495    led[3]
    M14                                                               r  led[3] (OUT)
  -------------------------------------------------------------------    -------------------





--------------------------------------------------------------------------------------
Path Group:  (none)
From Clock:  sys_clk_pin
  To Clock:  

Max Delay            16 Endpoints
Min Delay            16 Endpoints
--------------------------------------------------------------------------------------


Max Delay Paths
--------------------------------------------------------------------------------------
Slack:                    inf
  Source:                 psdatabuff_reg[3]/C
                            (falling edge-triggered cell FDRE clocked by sys_clk_pin  {rise@0.000ns fall@4.000ns period=8.000ns})
  Destination:            led[3]
                            (output port)
  Path Group:             (none)
  Path Type:              Max at Slow Process Corner
  Data Path Delay:        7.957ns  (logic 4.465ns (56.112%)  route 3.492ns (43.888%))
  Logic Levels:           2  (LUT3=1 OBUF=1)
  Clock Uncertainty:      0.025ns  ((TSJ^2 + TIJ^2)^1/2 + DJ) / 2 + PE
    Total System Jitter     (TSJ):    0.050ns
    Total Input Jitter      (TIJ):    0.000ns
    Discrete Jitter          (DJ):    0.000ns
    Phase Error              (PE):    0.000ns

    Location             Delay type                Incr(ns)  Path(ns)    Netlist Resource(s)
  -------------------------------------------------------------------    -------------------
                         (clock sys_clk_pin fall edge)
                                                      4.000     4.000 f  
    H16                                               0.000     4.000 f  clk_in (IN)
                         net (fo=0)                   0.000     4.000    clk_in
    H16                  IBUF (Prop_ibuf_I_O)         1.451     5.451 f  clk_in_IBUF_inst/O
                         net (fo=1, routed)           2.522     7.973    test_clk_OBUF
    BUFGCTRL_X0Y16       BUFG (Prop_bufg_I_O)         0.101     8.074 f  test_clk_OBUF_BUFG_inst/O
                         net (fo=161, routed)         1.778     9.852    test_clk_OBUF_BUFG
    SLICE_X102Y84        FDRE                                         r  psdatabuff_reg[3]/C  (IS_INVERTED)
  -------------------------------------------------------------------    -------------------
    SLICE_X102Y84        FDRE (Prop_fdre_C_Q)         0.524    10.376 r  psdatabuff_reg[3]/Q
                         net (fo=1, routed)           1.041    11.417    psdatabuff[3]
    SLICE_X106Y84        LUT3 (Prop_lut3_I2_O)        0.152    11.569 r  led_OBUF[3]_inst_i_1/O
                         net (fo=1, routed)           2.451    14.020    led_OBUF[3]
    M14                  OBUF (Prop_obuf_I_O)         3.789    17.809 r  led_OBUF[3]_inst/O
                         net (fo=0)                   0.000    17.809    led[3]
    M14                                                               r  led[3] (OUT)
  -------------------------------------------------------------------    -------------------

Slack:                    inf
  Source:                 psdatabuff_reg[2]/C
                            (falling edge-triggered cell FDRE clocked by sys_clk_pin  {rise@0.000ns fall@4.000ns period=8.000ns})
  Destination:            led[2]
                            (output port)
  Path Group:             (none)
  Path Type:              Max at Slow Process Corner
  Data Path Delay:        7.479ns  (logic 4.220ns (56.433%)  route 3.258ns (43.567%))
  Logic Levels:           2  (LUT3=1 OBUF=1)
  Clock Uncertainty:      0.025ns  ((TSJ^2 + TIJ^2)^1/2 + DJ) / 2 + PE
    Total System Jitter     (TSJ):    0.050ns
    Total Input Jitter      (TIJ):    0.000ns
    Discrete Jitter          (DJ):    0.000ns
    Phase Error              (PE):    0.000ns

    Location             Delay type                Incr(ns)  Path(ns)    Netlist Resource(s)
  -------------------------------------------------------------------    -------------------
                         (clock sys_clk_pin fall edge)
                                                      4.000     4.000 f  
    H16                                               0.000     4.000 f  clk_in (IN)
                         net (fo=0)                   0.000     4.000    clk_in
    H16                  IBUF (Prop_ibuf_I_O)         1.451     5.451 f  clk_in_IBUF_inst/O
                         net (fo=1, routed)           2.522     7.973    test_clk_OBUF
    BUFGCTRL_X0Y16       BUFG (Prop_bufg_I_O)         0.101     8.074 f  test_clk_OBUF_BUFG_inst/O
                         net (fo=161, routed)         1.778     9.852    test_clk_OBUF_BUFG
    SLICE_X102Y84        FDRE                                         r  psdatabuff_reg[2]/C  (IS_INVERTED)
  -------------------------------------------------------------------    -------------------
    SLICE_X102Y84        FDRE (Prop_fdre_C_Q)         0.524    10.376 r  psdatabuff_reg[2]/Q
                         net (fo=1, routed)           0.804    11.179    psdatabuff[2]
    SLICE_X106Y84        LUT3 (Prop_lut3_I2_O)        0.124    11.303 r  led_OBUF[2]_inst_i_1/O
                         net (fo=1, routed)           2.455    13.758    led_OBUF[2]
    N16                  OBUF (Prop_obuf_I_O)         3.572    17.330 r  led_OBUF[2]_inst/O
                         net (fo=0)                   0.000    17.330    led[2]
    N16                                                               r  led[2] (OUT)
  -------------------------------------------------------------------    -------------------

Slack:                    inf
  Source:                 psdatabuff_reg[5]/C
                            (falling edge-triggered cell FDRE clocked by sys_clk_pin  {rise@0.000ns fall@4.000ns period=8.000ns})
  Destination:            led[1]
                            (output port)
  Path Group:             (none)
  Path Type:              Max at Slow Process Corner
  Data Path Delay:        7.376ns  (logic 4.339ns (58.832%)  route 3.037ns (41.168%))
  Logic Levels:           2  (LUT3=1 OBUF=1)
  Clock Uncertainty:      0.025ns  ((TSJ^2 + TIJ^2)^1/2 + DJ) / 2 + PE
    Total System Jitter     (TSJ):    0.050ns
    Total Input Jitter      (TIJ):    0.000ns
    Discrete Jitter          (DJ):    0.000ns
    Phase Error              (PE):    0.000ns

    Location             Delay type                Incr(ns)  Path(ns)    Netlist Resource(s)
  -------------------------------------------------------------------    -------------------
                         (clock sys_clk_pin fall edge)
                                                      4.000     4.000 f  
    H16                                               0.000     4.000 f  clk_in (IN)
                         net (fo=0)                   0.000     4.000    clk_in
    H16                  IBUF (Prop_ibuf_I_O)         1.451     5.451 f  clk_in_IBUF_inst/O
                         net (fo=1, routed)           2.522     7.973    test_clk_OBUF
    BUFGCTRL_X0Y16       BUFG (Prop_bufg_I_O)         0.101     8.074 f  test_clk_OBUF_BUFG_inst/O
                         net (fo=161, routed)         1.778     9.852    test_clk_OBUF_BUFG
    SLICE_X102Y84        FDRE                                         r  psdatabuff_reg[5]/C  (IS_INVERTED)
  -------------------------------------------------------------------    -------------------
    SLICE_X102Y84        FDRE (Prop_fdre_C_Q)         0.484    10.336 r  psdatabuff_reg[5]/Q
                         net (fo=1, routed)           1.186    11.522    psdatabuff[5]
    SLICE_X106Y84        LUT3 (Prop_lut3_I0_O)        0.298    11.820 r  led_OBUF[1]_inst_i_1/O
                         net (fo=1, routed)           1.850    13.670    led_OBUF[1]
    P14                  OBUF (Prop_obuf_I_O)         3.557    17.228 r  led_OBUF[1]_inst/O
                         net (fo=0)                   0.000    17.228    led[1]
    P14                                                               r  led[1] (OUT)
  -------------------------------------------------------------------    -------------------

Slack:                    inf
  Source:                 psdatabuff_reg[0]/C
                            (falling edge-triggered cell FDRE clocked by sys_clk_pin  {rise@0.000ns fall@4.000ns period=8.000ns})
  Destination:            led[0]
                            (output port)
  Path Group:             (none)
  Path Type:              Max at Slow Process Corner
  Data Path Delay:        7.294ns  (logic 4.406ns (60.405%)  route 2.888ns (39.595%))
  Logic Levels:           2  (LUT3=1 OBUF=1)
  Clock Uncertainty:      0.025ns  ((TSJ^2 + TIJ^2)^1/2 + DJ) / 2 + PE
    Total System Jitter     (TSJ):    0.050ns
    Total Input Jitter      (TIJ):    0.000ns
    Discrete Jitter          (DJ):    0.000ns
    Phase Error              (PE):    0.000ns

    Location             Delay type                Incr(ns)  Path(ns)    Netlist Resource(s)
  -------------------------------------------------------------------    -------------------
                         (clock sys_clk_pin fall edge)
                                                      4.000     4.000 f  
    H16                                               0.000     4.000 f  clk_in (IN)
                         net (fo=0)                   0.000     4.000    clk_in
    H16                  IBUF (Prop_ibuf_I_O)         1.451     5.451 f  clk_in_IBUF_inst/O
                         net (fo=1, routed)           2.522     7.973    test_clk_OBUF
    BUFGCTRL_X0Y16       BUFG (Prop_bufg_I_O)         0.101     8.074 f  test_clk_OBUF_BUFG_inst/O
                         net (fo=161, routed)         1.777     9.851    test_clk_OBUF_BUFG
    SLICE_X104Y83        FDRE                                         r  psdatabuff_reg[0]/C  (IS_INVERTED)
  -------------------------------------------------------------------    -------------------
    SLICE_X104Y83        FDRE (Prop_fdre_C_Q)         0.524    10.375 r  psdatabuff_reg[0]/Q
                         net (fo=1, routed)           0.880    11.255    psdatabuff[0]
    SLICE_X106Y84        LUT3 (Prop_lut3_I2_O)        0.150    11.405 r  led_OBUF[0]_inst_i_1/O
                         net (fo=1, routed)           2.008    13.413    led_OBUF[0]
    R14                  OBUF (Prop_obuf_I_O)         3.732    17.144 r  led_OBUF[0]_inst/O
                         net (fo=0)                   0.000    17.144    led[0]
    R14                                                               r  led[0] (OUT)
  -------------------------------------------------------------------    -------------------

Slack:                    inf
  Source:                 lcd_control_buff_reg[2]/C
                            (falling edge-triggered cell FDRE clocked by sys_clk_pin  {rise@0.000ns fall@4.000ns period=8.000ns})
  Destination:            lcd_control[2]
                            (output port)
  Path Group:             (none)
  Path Type:              Max at Slow Process Corner
  Data Path Delay:        7.193ns  (logic 4.206ns (58.478%)  route 2.987ns (41.522%))
  Logic Levels:           1  (OBUF=1)
  Clock Uncertainty:      0.025ns  ((TSJ^2 + TIJ^2)^1/2 + DJ) / 2 + PE
    Total System Jitter     (TSJ):    0.050ns
    Total Input Jitter      (TIJ):    0.000ns
    Discrete Jitter          (DJ):    0.000ns
    Phase Error              (PE):    0.000ns

    Location             Delay type                Incr(ns)  Path(ns)    Netlist Resource(s)
  -------------------------------------------------------------------    -------------------
                         (clock sys_clk_pin fall edge)
                                                      4.000     4.000 f  
    H16                                               0.000     4.000 f  clk_in (IN)
                         net (fo=0)                   0.000     4.000    clk_in
    H16                  IBUF (Prop_ibuf_I_O)         1.451     5.451 f  clk_in_IBUF_inst/O
                         net (fo=1, routed)           2.522     7.973    test_clk_OBUF
    BUFGCTRL_X0Y16       BUFG (Prop_bufg_I_O)         0.101     8.074 f  test_clk_OBUF_BUFG_inst/O
                         net (fo=161, routed)         1.780     9.854    test_clk_OBUF_BUFG
    SLICE_X102Y85        FDRE                                         r  lcd_control_buff_reg[2]/C  (IS_INVERTED)
  -------------------------------------------------------------------    -------------------
    SLICE_X102Y85        FDRE (Prop_fdre_C_Q)         0.484    10.338 r  lcd_control_buff_reg[2]/Q
                         net (fo=1, routed)           2.987    13.324    lcd_control_OBUF[2]
    W18                  OBUF (Prop_obuf_I_O)         3.722    17.046 r  lcd_control_OBUF[2]_inst/O
                         net (fo=0)                   0.000    17.046    lcd_control[2]
    W18                                                               r  lcd_control[2] (OUT)
  -------------------------------------------------------------------    -------------------

Slack:                    inf
  Source:                 lcd_data_buff_reg[5]/C
                            (falling edge-triggered cell FDRE clocked by sys_clk_pin  {rise@0.000ns fall@4.000ns period=8.000ns})
  Destination:            lcd_data[5]
                            (output port)
  Path Group:             (none)
  Path Type:              Max at Slow Process Corner
  Data Path Delay:        6.796ns  (logic 4.210ns (61.944%)  route 2.586ns (38.056%))
  Logic Levels:           1  (OBUF=1)
  Clock Uncertainty:      0.025ns  ((TSJ^2 + TIJ^2)^1/2 + DJ) / 2 + PE
    Total System Jitter     (TSJ):    0.050ns
    Total Input Jitter      (TIJ):    0.000ns
    Discrete Jitter          (DJ):    0.000ns
    Phase Error              (PE):    0.000ns

    Location             Delay type                Incr(ns)  Path(ns)    Netlist Resource(s)
  -------------------------------------------------------------------    -------------------
                         (clock sys_clk_pin fall edge)
                                                      4.000     4.000 f  
    H16                                               0.000     4.000 f  clk_in (IN)
                         net (fo=0)                   0.000     4.000    clk_in
    H16                  IBUF (Prop_ibuf_I_O)         1.451     5.451 f  clk_in_IBUF_inst/O
                         net (fo=1, routed)           2.522     7.973    test_clk_OBUF
    BUFGCTRL_X0Y16       BUFG (Prop_bufg_I_O)         0.101     8.074 f  test_clk_OBUF_BUFG_inst/O
                         net (fo=161, routed)         1.774     9.848    test_clk_OBUF_BUFG
    SLICE_X102Y81        FDRE                                         r  lcd_data_buff_reg[5]/C  (IS_INVERTED)
  -------------------------------------------------------------------    -------------------
    SLICE_X102Y81        FDRE (Prop_fdre_C_Q)         0.484    10.332 r  lcd_data_buff_reg[5]/Q
                         net (fo=1, routed)           2.586    12.918    lcd_data_OBUF[5]
    W16                  OBUF (Prop_obuf_I_O)         3.726    16.643 r  lcd_data_OBUF[5]_inst/O
                         net (fo=0)                   0.000    16.643    lcd_data[5]
    W16                                                               r  lcd_data[5] (OUT)
  -------------------------------------------------------------------    -------------------

Slack:                    inf
  Source:                 lcd_data_buff_reg[2]/C
                            (falling edge-triggered cell FDRE clocked by sys_clk_pin  {rise@0.000ns fall@4.000ns period=8.000ns})
  Destination:            lcd_data[2]
                            (output port)
  Path Group:             (none)
  Path Type:              Max at Slow Process Corner
  Data Path Delay:        6.661ns  (logic 4.129ns (61.985%)  route 2.532ns (38.015%))
  Logic Levels:           1  (OBUF=1)
  Clock Uncertainty:      0.025ns  ((TSJ^2 + TIJ^2)^1/2 + DJ) / 2 + PE
    Total System Jitter     (TSJ):    0.050ns
    Total Input Jitter      (TIJ):    0.000ns
    Discrete Jitter          (DJ):    0.000ns
    Phase Error              (PE):    0.000ns

    Location             Delay type                Incr(ns)  Path(ns)    Netlist Resource(s)
  -------------------------------------------------------------------    -------------------
                         (clock sys_clk_pin fall edge)
                                                      4.000     4.000 f  
    H16                                               0.000     4.000 f  clk_in (IN)
                         net (fo=0)                   0.000     4.000    clk_in
    H16                  IBUF (Prop_ibuf_I_O)         1.451     5.451 f  clk_in_IBUF_inst/O
                         net (fo=1, routed)           2.522     7.973    test_clk_OBUF
    BUFGCTRL_X0Y16       BUFG (Prop_bufg_I_O)         0.101     8.074 f  test_clk_OBUF_BUFG_inst/O
                         net (fo=161, routed)         1.774     9.848    test_clk_OBUF_BUFG
    SLICE_X102Y81        FDRE                                         r  lcd_data_buff_reg[2]/C  (IS_INVERTED)
  -------------------------------------------------------------------    -------------------
    SLICE_X102Y81        FDRE (Prop_fdre_C_Q)         0.524    10.372 r  lcd_data_buff_reg[2]/Q
                         net (fo=1, routed)           2.532    12.904    lcd_data_OBUF[2]
    T11                  OBUF (Prop_obuf_I_O)         3.605    16.508 r  lcd_data_OBUF[2]_inst/O
                         net (fo=0)                   0.000    16.508    lcd_data[2]
    T11                                                               r  lcd_data[2] (OUT)
  -------------------------------------------------------------------    -------------------

Slack:                    inf
  Source:                 lcd_data_buff_reg[4]/C
                            (falling edge-triggered cell FDRE clocked by sys_clk_pin  {rise@0.000ns fall@4.000ns period=8.000ns})
  Destination:            lcd_data[4]
                            (output port)
  Path Group:             (none)
  Path Type:              Max at Slow Process Corner
  Data Path Delay:        6.641ns  (logic 4.211ns (63.409%)  route 2.430ns (36.591%))
  Logic Levels:           1  (OBUF=1)
  Clock Uncertainty:      0.025ns  ((TSJ^2 + TIJ^2)^1/2 + DJ) / 2 + PE
    Total System Jitter     (TSJ):    0.050ns
    Total Input Jitter      (TIJ):    0.000ns
    Discrete Jitter          (DJ):    0.000ns
    Phase Error              (PE):    0.000ns

    Location             Delay type                Incr(ns)  Path(ns)    Netlist Resource(s)
  -------------------------------------------------------------------    -------------------
                         (clock sys_clk_pin fall edge)
                                                      4.000     4.000 f  
    H16                                               0.000     4.000 f  clk_in (IN)
                         net (fo=0)                   0.000     4.000    clk_in
    H16                  IBUF (Prop_ibuf_I_O)         1.451     5.451 f  clk_in_IBUF_inst/O
                         net (fo=1, routed)           2.522     7.973    test_clk_OBUF
    BUFGCTRL_X0Y16       BUFG (Prop_bufg_I_O)         0.101     8.074 f  test_clk_OBUF_BUFG_inst/O
                         net (fo=161, routed)         1.774     9.848    test_clk_OBUF_BUFG
    SLICE_X102Y81        FDRE                                         r  lcd_data_buff_reg[4]/C  (IS_INVERTED)
  -------------------------------------------------------------------    -------------------
    SLICE_X102Y81        FDRE (Prop_fdre_C_Q)         0.484    10.332 r  lcd_data_buff_reg[4]/Q
                         net (fo=1, routed)           2.430    12.762    lcd_data_OBUF[4]
    V16                  OBUF (Prop_obuf_I_O)         3.727    16.489 r  lcd_data_OBUF[4]_inst/O
                         net (fo=0)                   0.000    16.489    lcd_data[4]
    V16                                                               r  lcd_data[4] (OUT)
  -------------------------------------------------------------------    -------------------

Slack:                    inf
  Source:                 lcd_data_buff_reg[3]/C
                            (falling edge-triggered cell FDRE clocked by sys_clk_pin  {rise@0.000ns fall@4.000ns period=8.000ns})
  Destination:            lcd_data[3]
                            (output port)
  Path Group:             (none)
  Path Type:              Max at Slow Process Corner
  Data Path Delay:        6.636ns  (logic 4.122ns (62.120%)  route 2.514ns (37.880%))
  Logic Levels:           1  (OBUF=1)
  Clock Uncertainty:      0.025ns  ((TSJ^2 + TIJ^2)^1/2 + DJ) / 2 + PE
    Total System Jitter     (TSJ):    0.050ns
    Total Input Jitter      (TIJ):    0.000ns
    Discrete Jitter          (DJ):    0.000ns
    Phase Error              (PE):    0.000ns

    Location             Delay type                Incr(ns)  Path(ns)    Netlist Resource(s)
  -------------------------------------------------------------------    -------------------
                         (clock sys_clk_pin fall edge)
                                                      4.000     4.000 f  
    H16                                               0.000     4.000 f  clk_in (IN)
                         net (fo=0)                   0.000     4.000    clk_in
    H16                  IBUF (Prop_ibuf_I_O)         1.451     5.451 f  clk_in_IBUF_inst/O
                         net (fo=1, routed)           2.522     7.973    test_clk_OBUF
    BUFGCTRL_X0Y16       BUFG (Prop_bufg_I_O)         0.101     8.074 f  test_clk_OBUF_BUFG_inst/O
                         net (fo=161, routed)         1.774     9.848    test_clk_OBUF_BUFG
    SLICE_X102Y81        FDRE                                         r  lcd_data_buff_reg[3]/C  (IS_INVERTED)
  -------------------------------------------------------------------    -------------------
    SLICE_X102Y81        FDRE (Prop_fdre_C_Q)         0.524    10.372 r  lcd_data_buff_reg[3]/Q
                         net (fo=1, routed)           2.514    12.885    lcd_data_OBUF[3]
    T10                  OBUF (Prop_obuf_I_O)         3.598    16.483 r  lcd_data_OBUF[3]_inst/O
                         net (fo=0)                   0.000    16.483    lcd_data[3]
    T10                                                               r  lcd_data[3] (OUT)
  -------------------------------------------------------------------    -------------------

Slack:                    inf
  Source:                 lcd_data_buff_reg[6]/C
                            (falling edge-triggered cell FDRE clocked by sys_clk_pin  {rise@0.000ns fall@4.000ns period=8.000ns})
  Destination:            lcd_data[6]
                            (output port)
  Path Group:             (none)
  Path Type:              Max at Slow Process Corner
  Data Path Delay:        6.577ns  (logic 4.256ns (64.718%)  route 2.320ns (35.282%))
  Logic Levels:           1  (OBUF=1)
  Clock Uncertainty:      0.025ns  ((TSJ^2 + TIJ^2)^1/2 + DJ) / 2 + PE
    Total System Jitter     (TSJ):    0.050ns
    Total Input Jitter      (TIJ):    0.000ns
    Discrete Jitter          (DJ):    0.000ns
    Phase Error              (PE):    0.000ns

    Location             Delay type                Incr(ns)  Path(ns)    Netlist Resource(s)
  -------------------------------------------------------------------    -------------------
                         (clock sys_clk_pin fall edge)
                                                      4.000     4.000 f  
    H16                                               0.000     4.000 f  clk_in (IN)
                         net (fo=0)                   0.000     4.000    clk_in
    H16                  IBUF (Prop_ibuf_I_O)         1.451     5.451 f  clk_in_IBUF_inst/O
                         net (fo=1, routed)           2.522     7.973    test_clk_OBUF
    BUFGCTRL_X0Y16       BUFG (Prop_bufg_I_O)         0.101     8.074 f  test_clk_OBUF_BUFG_inst/O
                         net (fo=161, routed)         1.774     9.848    test_clk_OBUF_BUFG
    SLICE_X102Y81        FDRE                                         r  lcd_data_buff_reg[6]/C  (IS_INVERTED)
  -------------------------------------------------------------------    -------------------
    SLICE_X102Y81        FDRE (Prop_fdre_C_Q)         0.484    10.332 r  lcd_data_buff_reg[6]/Q
                         net (fo=1, routed)           2.320    12.652    lcd_data_OBUF[6]
    V12                  OBUF (Prop_obuf_I_O)         3.772    16.424 r  lcd_data_OBUF[6]_inst/O
                         net (fo=0)                   0.000    16.424    lcd_data[6]
    V12                                                               r  lcd_data[6] (OUT)
  -------------------------------------------------------------------    -------------------





Min Delay Paths
--------------------------------------------------------------------------------------
Slack:                    inf
  Source:                 clk_in
                            (clock source 'sys_clk_pin'  {rise@0.000ns fall@4.000ns period=8.000ns})
  Destination:            test_clk
                            (output port)
  Path Group:             (none)
  Path Type:              Min at Fast Process Corner
  Data Path Delay:        3.104ns  (logic 1.474ns (47.483%)  route 1.630ns (52.517%))
  Logic Levels:           3  (BUFG=1 IBUF=1 OBUF=1)
  Clock Uncertainty:      0.025ns  ((TSJ^2 + TIJ^2)^1/2 + DJ) / 2 + PE
    Total System Jitter     (TSJ):    0.050ns
    Total Input Jitter      (TIJ):    0.000ns
    Discrete Jitter          (DJ):    0.000ns
    Phase Error              (PE):    0.000ns

    Location             Delay type                Incr(ns)  Path(ns)    Netlist Resource(s)
  -------------------------------------------------------------------    -------------------
                         (clock sys_clk_pin rise edge)
                                                      0.000     0.000 r  
    H16                                               0.000     0.000 r  clk_in (IN)
                         net (fo=0)                   0.000     0.000    clk_in
    H16                  IBUF (Prop_ibuf_I_O)         0.219     0.219 r  clk_in_IBUF_inst/O
                         net (fo=1, routed)           0.842     1.060    test_clk_OBUF
    BUFGCTRL_X0Y16       BUFG (Prop_bufg_I_O)         0.026     1.086 r  test_clk_OBUF_BUFG_inst/O
                         net (fo=161, routed)         0.788     1.875    test_clk_OBUF_BUFG
    R17                  OBUF (Prop_obuf_I_O)         1.229     3.104 r  test_clk_OBUF_inst/O
                         net (fo=0)                   0.000     3.104    test_clk
    R17                                                               r  test_clk (OUT)
  -------------------------------------------------------------------    -------------------

Slack:                    inf
  Source:                 lcd_data_buff_reg[7]/C
                            (falling edge-triggered cell FDRE clocked by sys_clk_pin  {rise@0.000ns fall@4.000ns period=8.000ns})
  Destination:            lcd_data[7]
                            (output port)
  Path Group:             (none)
  Path Type:              Min at Fast Process Corner
  Data Path Delay:        2.043ns  (logic 1.454ns (71.133%)  route 0.590ns (28.867%))
  Logic Levels:           1  (OBUF=1)
  Clock Uncertainty:      0.025ns  ((TSJ^2 + TIJ^2)^1/2 + DJ) / 2 + PE
    Total System Jitter     (TSJ):    0.050ns
    Total Input Jitter      (TIJ):    0.000ns
    Discrete Jitter          (DJ):    0.000ns
    Phase Error              (PE):    0.000ns

    Location             Delay type                Incr(ns)  Path(ns)    Netlist Resource(s)
  -------------------------------------------------------------------    -------------------
                         (clock sys_clk_pin fall edge)
                                                      4.000     4.000 f  
    H16                                               0.000     4.000 f  clk_in (IN)
                         net (fo=0)                   0.000     4.000    clk_in
    H16                  IBUF (Prop_ibuf_I_O)         0.219     4.219 f  clk_in_IBUF_inst/O
                         net (fo=1, routed)           0.842     5.060    test_clk_OBUF
    BUFGCTRL_X0Y16       BUFG (Prop_bufg_I_O)         0.026     5.086 f  test_clk_OBUF_BUFG_inst/O
                         net (fo=161, routed)         0.601     5.687    test_clk_OBUF_BUFG
    SLICE_X102Y81        FDRE                                         r  lcd_data_buff_reg[7]/C  (IS_INVERTED)
  -------------------------------------------------------------------    -------------------
    SLICE_X102Y81        FDRE (Prop_fdre_C_Q)         0.167     5.854 r  lcd_data_buff_reg[7]/Q
                         net (fo=1, routed)           0.590     6.444    lcd_data_OBUF[7]
    W13                  OBUF (Prop_obuf_I_O)         1.287     7.731 r  lcd_data_OBUF[7]_inst/O
                         net (fo=0)                   0.000     7.731    lcd_data[7]
    W13                                                               r  lcd_data[7] (OUT)
  -------------------------------------------------------------------    -------------------

Slack:                    inf
  Source:                 lcd_data_buff_reg[0]/C
                            (falling edge-triggered cell FDRE clocked by sys_clk_pin  {rise@0.000ns fall@4.000ns period=8.000ns})
  Destination:            lcd_data[0]
                            (output port)
  Path Group:             (none)
  Path Type:              Min at Fast Process Corner
  Data Path Delay:        2.068ns  (logic 1.522ns (73.587%)  route 0.546ns (26.413%))
  Logic Levels:           1  (OBUF=1)
  Clock Uncertainty:      0.025ns  ((TSJ^2 + TIJ^2)^1/2 + DJ) / 2 + PE
    Total System Jitter     (TSJ):    0.050ns
    Total Input Jitter      (TIJ):    0.000ns
    Discrete Jitter          (DJ):    0.000ns
    Phase Error              (PE):    0.000ns

    Location             Delay type                Incr(ns)  Path(ns)    Netlist Resource(s)
  -------------------------------------------------------------------    -------------------
                         (clock sys_clk_pin fall edge)
                                                      4.000     4.000 f  
    H16                                               0.000     4.000 f  clk_in (IN)
                         net (fo=0)                   0.000     4.000    clk_in
    H16                  IBUF (Prop_ibuf_I_O)         0.219     4.219 f  clk_in_IBUF_inst/O
                         net (fo=1, routed)           0.842     5.060    test_clk_OBUF
    BUFGCTRL_X0Y16       BUFG (Prop_bufg_I_O)         0.026     5.086 f  test_clk_OBUF_BUFG_inst/O
                         net (fo=161, routed)         0.601     5.687    test_clk_OBUF_BUFG
    SLICE_X102Y81        FDRE                                         r  lcd_data_buff_reg[0]/C  (IS_INVERTED)
  -------------------------------------------------------------------    -------------------
    SLICE_X102Y81        FDRE (Prop_fdre_C_Q)         0.167     5.854 r  lcd_data_buff_reg[0]/Q
                         net (fo=1, routed)           0.546     6.400    lcd_data_OBUF[0]
    W14                  OBUF (Prop_obuf_I_O)         1.355     7.755 r  lcd_data_OBUF[0]_inst/O
                         net (fo=0)                   0.000     7.755    lcd_data[0]
    W14                                                               r  lcd_data[0] (OUT)
  -------------------------------------------------------------------    -------------------

Slack:                    inf
  Source:                 lcd_control_buff_reg[0]/C
                            (falling edge-triggered cell FDRE clocked by sys_clk_pin  {rise@0.000ns fall@4.000ns period=8.000ns})
  Destination:            lcd_control[0]
                            (output port)
  Path Group:             (none)
  Path Type:              Min at Fast Process Corner
  Data Path Delay:        2.097ns  (logic 1.458ns (69.508%)  route 0.640ns (30.492%))
  Logic Levels:           1  (OBUF=1)
  Clock Uncertainty:      0.025ns  ((TSJ^2 + TIJ^2)^1/2 + DJ) / 2 + PE
    Total System Jitter     (TSJ):    0.050ns
    Total Input Jitter      (TIJ):    0.000ns
    Discrete Jitter          (DJ):    0.000ns
    Phase Error              (PE):    0.000ns

    Location             Delay type                Incr(ns)  Path(ns)    Netlist Resource(s)
  -------------------------------------------------------------------    -------------------
                         (clock sys_clk_pin fall edge)
                                                      4.000     4.000 f  
    H16                                               0.000     4.000 f  clk_in (IN)
                         net (fo=0)                   0.000     4.000    clk_in
    H16                  IBUF (Prop_ibuf_I_O)         0.219     4.219 f  clk_in_IBUF_inst/O
                         net (fo=1, routed)           0.842     5.060    test_clk_OBUF
    BUFGCTRL_X0Y16       BUFG (Prop_bufg_I_O)         0.026     5.086 f  test_clk_OBUF_BUFG_inst/O
                         net (fo=161, routed)         0.604     5.690    test_clk_OBUF_BUFG
    SLICE_X102Y85        FDRE                                         r  lcd_control_buff_reg[0]/C  (IS_INVERTED)
  -------------------------------------------------------------------    -------------------
    SLICE_X102Y85        FDRE (Prop_fdre_C_Q)         0.151     5.841 r  lcd_control_buff_reg[0]/Q
                         net (fo=1, routed)           0.640     6.481    lcd_control_OBUF[0]
    U18                  OBUF (Prop_obuf_I_O)         1.307     7.788 r  lcd_control_OBUF[0]_inst/O
                         net (fo=0)                   0.000     7.788    lcd_control[0]
    U18                                                               r  lcd_control[0] (OUT)
  -------------------------------------------------------------------    -------------------

Slack:                    inf
  Source:                 lcd_data_buff_reg[1]/C
                            (falling edge-triggered cell FDRE clocked by sys_clk_pin  {rise@0.000ns fall@4.000ns period=8.000ns})
  Destination:            lcd_data[1]
                            (output port)
  Path Group:             (none)
  Path Type:              Min at Fast Process Corner
  Data Path Delay:        2.106ns  (logic 1.548ns (73.531%)  route 0.557ns (26.469%))
  Logic Levels:           1  (OBUF=1)
  Clock Uncertainty:      0.025ns  ((TSJ^2 + TIJ^2)^1/2 + DJ) / 2 + PE
    Total System Jitter     (TSJ):    0.050ns
    Total Input Jitter      (TIJ):    0.000ns
    Discrete Jitter          (DJ):    0.000ns
    Phase Error              (PE):    0.000ns

    Location             Delay type                Incr(ns)  Path(ns)    Netlist Resource(s)
  -------------------------------------------------------------------    -------------------
                         (clock sys_clk_pin fall edge)
                                                      4.000     4.000 f  
    H16                                               0.000     4.000 f  clk_in (IN)
                         net (fo=0)                   0.000     4.000    clk_in
    H16                  IBUF (Prop_ibuf_I_O)         0.219     4.219 f  clk_in_IBUF_inst/O
                         net (fo=1, routed)           0.842     5.060    test_clk_OBUF
    BUFGCTRL_X0Y16       BUFG (Prop_bufg_I_O)         0.026     5.086 f  test_clk_OBUF_BUFG_inst/O
                         net (fo=161, routed)         0.601     5.687    test_clk_OBUF_BUFG
    SLICE_X102Y81        FDRE                                         r  lcd_data_buff_reg[1]/C  (IS_INVERTED)
  -------------------------------------------------------------------    -------------------
    SLICE_X102Y81        FDRE (Prop_fdre_C_Q)         0.151     5.838 r  lcd_data_buff_reg[1]/Q
                         net (fo=1, routed)           0.557     6.396    lcd_data_OBUF[1]
    Y14                  OBUF (Prop_obuf_I_O)         1.397     7.793 r  lcd_data_OBUF[1]_inst/O
                         net (fo=0)                   0.000     7.793    lcd_data[1]
    Y14                                                               r  lcd_data[1] (OUT)
  -------------------------------------------------------------------    -------------------

Slack:                    inf
  Source:                 lcd_control_buff_reg[1]/C
                            (falling edge-triggered cell FDRE clocked by sys_clk_pin  {rise@0.000ns fall@4.000ns period=8.000ns})
  Destination:            lcd_control[1]
                            (output port)
  Path Group:             (none)
  Path Type:              Min at Fast Process Corner
  Data Path Delay:        2.115ns  (logic 1.463ns (69.152%)  route 0.652ns (30.848%))
  Logic Levels:           1  (OBUF=1)
  Clock Uncertainty:      0.025ns  ((TSJ^2 + TIJ^2)^1/2 + DJ) / 2 + PE
    Total System Jitter     (TSJ):    0.050ns
    Total Input Jitter      (TIJ):    0.000ns
    Discrete Jitter          (DJ):    0.000ns
    Phase Error              (PE):    0.000ns

    Location             Delay type                Incr(ns)  Path(ns)    Netlist Resource(s)
  -------------------------------------------------------------------    -------------------
                         (clock sys_clk_pin fall edge)
                                                      4.000     4.000 f  
    H16                                               0.000     4.000 f  clk_in (IN)
                         net (fo=0)                   0.000     4.000    clk_in
    H16                  IBUF (Prop_ibuf_I_O)         0.219     4.219 f  clk_in_IBUF_inst/O
                         net (fo=1, routed)           0.842     5.060    test_clk_OBUF
    BUFGCTRL_X0Y16       BUFG (Prop_bufg_I_O)         0.026     5.086 f  test_clk_OBUF_BUFG_inst/O
                         net (fo=161, routed)         0.604     5.690    test_clk_OBUF_BUFG
    SLICE_X102Y85        FDRE                                         r  lcd_control_buff_reg[1]/C  (IS_INVERTED)
  -------------------------------------------------------------------    -------------------
    SLICE_X102Y85        FDRE (Prop_fdre_C_Q)         0.151     5.841 r  lcd_control_buff_reg[1]/Q
                         net (fo=1, routed)           0.652     6.494    lcd_control_OBUF[1]
    U19                  OBUF (Prop_obuf_I_O)         1.312     7.805 r  lcd_control_OBUF[1]_inst/O
                         net (fo=0)                   0.000     7.805    lcd_control[1]
    U19                                                               r  lcd_control[1] (OUT)
  -------------------------------------------------------------------    -------------------

Slack:                    inf
  Source:                 lcd_data_buff_reg[6]/C
                            (falling edge-triggered cell FDRE clocked by sys_clk_pin  {rise@0.000ns fall@4.000ns period=8.000ns})
  Destination:            lcd_data[6]
                            (output port)
  Path Group:             (none)
  Path Type:              Min at Fast Process Corner
  Data Path Delay:        2.163ns  (logic 1.505ns (69.607%)  route 0.657ns (30.393%))
  Logic Levels:           1  (OBUF=1)
  Clock Uncertainty:      0.025ns  ((TSJ^2 + TIJ^2)^1/2 + DJ) / 2 + PE
    Total System Jitter     (TSJ):    0.050ns
    Total Input Jitter      (TIJ):    0.000ns
    Discrete Jitter          (DJ):    0.000ns
    Phase Error              (PE):    0.000ns

    Location             Delay type                Incr(ns)  Path(ns)    Netlist Resource(s)
  -------------------------------------------------------------------    -------------------
                         (clock sys_clk_pin fall edge)
                                                      4.000     4.000 f  
    H16                                               0.000     4.000 f  clk_in (IN)
                         net (fo=0)                   0.000     4.000    clk_in
    H16                  IBUF (Prop_ibuf_I_O)         0.219     4.219 f  clk_in_IBUF_inst/O
                         net (fo=1, routed)           0.842     5.060    test_clk_OBUF
    BUFGCTRL_X0Y16       BUFG (Prop_bufg_I_O)         0.026     5.086 f  test_clk_OBUF_BUFG_inst/O
                         net (fo=161, routed)         0.601     5.687    test_clk_OBUF_BUFG
    SLICE_X102Y81        FDRE                                         r  lcd_data_buff_reg[6]/C  (IS_INVERTED)
  -------------------------------------------------------------------    -------------------
    SLICE_X102Y81        FDRE (Prop_fdre_C_Q)         0.151     5.838 r  lcd_data_buff_reg[6]/Q
                         net (fo=1, routed)           0.657     6.495    lcd_data_OBUF[6]
    V12                  OBUF (Prop_obuf_I_O)         1.354     7.850 r  lcd_data_OBUF[6]_inst/O
                         net (fo=0)                   0.000     7.850    lcd_data[6]
    V12                                                               r  lcd_data[6] (OUT)
  -------------------------------------------------------------------    -------------------

Slack:                    inf
  Source:                 lcd_data_buff_reg[4]/C
                            (falling edge-triggered cell FDRE clocked by sys_clk_pin  {rise@0.000ns fall@4.000ns period=8.000ns})
  Destination:            lcd_data[4]
                            (output port)
  Path Group:             (none)
  Path Type:              Min at Fast Process Corner
  Data Path Delay:        2.189ns  (logic 1.458ns (66.600%)  route 0.731ns (33.400%))
  Logic Levels:           1  (OBUF=1)
  Clock Uncertainty:      0.025ns  ((TSJ^2 + TIJ^2)^1/2 + DJ) / 2 + PE
    Total System Jitter     (TSJ):    0.050ns
    Total Input Jitter      (TIJ):    0.000ns
    Discrete Jitter          (DJ):    0.000ns
    Phase Error              (PE):    0.000ns

    Location             Delay type                Incr(ns)  Path(ns)    Netlist Resource(s)
  -------------------------------------------------------------------    -------------------
                         (clock sys_clk_pin fall edge)
                                                      4.000     4.000 f  
    H16                                               0.000     4.000 f  clk_in (IN)
                         net (fo=0)                   0.000     4.000    clk_in
    H16                  IBUF (Prop_ibuf_I_O)         0.219     4.219 f  clk_in_IBUF_inst/O
                         net (fo=1, routed)           0.842     5.060    test_clk_OBUF
    BUFGCTRL_X0Y16       BUFG (Prop_bufg_I_O)         0.026     5.086 f  test_clk_OBUF_BUFG_inst/O
                         net (fo=161, routed)         0.601     5.687    test_clk_OBUF_BUFG
    SLICE_X102Y81        FDRE                                         r  lcd_data_buff_reg[4]/C  (IS_INVERTED)
  -------------------------------------------------------------------    -------------------
    SLICE_X102Y81        FDRE (Prop_fdre_C_Q)         0.151     5.838 r  lcd_data_buff_reg[4]/Q
                         net (fo=1, routed)           0.731     6.569    lcd_data_OBUF[4]
    V16                  OBUF (Prop_obuf_I_O)         1.307     7.876 r  lcd_data_OBUF[4]_inst/O
                         net (fo=0)                   0.000     7.876    lcd_data[4]
    V16                                                               r  lcd_data[4] (OUT)
  -------------------------------------------------------------------    -------------------

Slack:                    inf
  Source:                 psdatabuff_reg[1]/C
                            (falling edge-triggered cell FDRE clocked by sys_clk_pin  {rise@0.000ns fall@4.000ns period=8.000ns})
  Destination:            led[1]
                            (output port)
  Path Group:             (none)
  Path Type:              Min at Fast Process Corner
  Data Path Delay:        2.193ns  (logic 1.507ns (68.728%)  route 0.686ns (31.272%))
  Logic Levels:           2  (LUT3=1 OBUF=1)
  Clock Uncertainty:      0.025ns  ((TSJ^2 + TIJ^2)^1/2 + DJ) / 2 + PE
    Total System Jitter     (TSJ):    0.050ns
    Total Input Jitter      (TIJ):    0.000ns
    Discrete Jitter          (DJ):    0.000ns
    Phase Error              (PE):    0.000ns

    Location             Delay type                Incr(ns)  Path(ns)    Netlist Resource(s)
  -------------------------------------------------------------------    -------------------
                         (clock sys_clk_pin fall edge)
                                                      4.000     4.000 f  
    H16                                               0.000     4.000 f  clk_in (IN)
                         net (fo=0)                   0.000     4.000    clk_in
    H16                  IBUF (Prop_ibuf_I_O)         0.219     4.219 f  clk_in_IBUF_inst/O
                         net (fo=1, routed)           0.842     5.060    test_clk_OBUF
    BUFGCTRL_X0Y16       BUFG (Prop_bufg_I_O)         0.026     5.086 f  test_clk_OBUF_BUFG_inst/O
                         net (fo=161, routed)         0.603     5.689    test_clk_OBUF_BUFG
    SLICE_X104Y83        FDRE                                         r  psdatabuff_reg[1]/C  (IS_INVERTED)
  -------------------------------------------------------------------    -------------------
    SLICE_X104Y83        FDRE (Prop_fdre_C_Q)         0.151     5.840 r  psdatabuff_reg[1]/Q
                         net (fo=1, routed)           0.282     6.122    psdatabuff[1]
    SLICE_X106Y84        LUT3 (Prop_lut3_I2_O)        0.098     6.220 r  led_OBUF[1]_inst_i_1/O
                         net (fo=1, routed)           0.403     6.624    led_OBUF[1]
    P14                  OBUF (Prop_obuf_I_O)         1.258     7.882 r  led_OBUF[1]_inst/O
                         net (fo=0)                   0.000     7.882    led[1]
    P14                                                               r  led[1] (OUT)
  -------------------------------------------------------------------    -------------------

Slack:                    inf
  Source:                 lcd_data_buff_reg[3]/C
                            (falling edge-triggered cell FDRE clocked by sys_clk_pin  {rise@0.000ns fall@4.000ns period=8.000ns})
  Destination:            lcd_data[3]
                            (output port)
  Path Group:             (none)
  Path Type:              Min at Fast Process Corner
  Data Path Delay:        2.197ns  (logic 1.465ns (66.699%)  route 0.732ns (33.301%))
  Logic Levels:           1  (OBUF=1)
  Clock Uncertainty:      0.025ns  ((TSJ^2 + TIJ^2)^1/2 + DJ) / 2 + PE
    Total System Jitter     (TSJ):    0.050ns
    Total Input Jitter      (TIJ):    0.000ns
    Discrete Jitter          (DJ):    0.000ns
    Phase Error              (PE):    0.000ns

    Location             Delay type                Incr(ns)  Path(ns)    Netlist Resource(s)
  -------------------------------------------------------------------    -------------------
                         (clock sys_clk_pin fall edge)
                                                      4.000     4.000 f  
    H16                                               0.000     4.000 f  clk_in (IN)
                         net (fo=0)                   0.000     4.000    clk_in
    H16                  IBUF (Prop_ibuf_I_O)         0.219     4.219 f  clk_in_IBUF_inst/O
                         net (fo=1, routed)           0.842     5.060    test_clk_OBUF
    BUFGCTRL_X0Y16       BUFG (Prop_bufg_I_O)         0.026     5.086 f  test_clk_OBUF_BUFG_inst/O
                         net (fo=161, routed)         0.601     5.687    test_clk_OBUF_BUFG
    SLICE_X102Y81        FDRE                                         r  lcd_data_buff_reg[3]/C  (IS_INVERTED)
  -------------------------------------------------------------------    -------------------
    SLICE_X102Y81        FDRE (Prop_fdre_C_Q)         0.167     5.854 r  lcd_data_buff_reg[3]/Q
                         net (fo=1, routed)           0.732     6.586    lcd_data_OBUF[3]
    T10                  OBUF (Prop_obuf_I_O)         1.298     7.884 r  lcd_data_OBUF[3]_inst/O
                         net (fo=0)                   0.000     7.884    lcd_data[3]
    T10                                                               r  lcd_data[3] (OUT)
  -------------------------------------------------------------------    -------------------





--------------------------------------------------------------------------------------
Path Group:  (none)
From Clock:  
  To Clock:  sys_clk_pin

Max Delay            18 Endpoints
Min Delay            18 Endpoints
--------------------------------------------------------------------------------------


Max Delay Paths
--------------------------------------------------------------------------------------
Slack:                    inf
  Source:                 reset
                            (input port)
  Destination:            processzor/internal_reset_flop/D
                            (rising edge-triggered cell FDRE clocked by sys_clk_pin  {rise@0.000ns fall@4.000ns period=8.000ns})
  Path Group:             (none)
  Path Type:              Setup (Max at Slow Process Corner)
  Data Path Delay:        4.623ns  (logic 1.587ns (34.337%)  route 3.036ns (65.663%))
  Logic Levels:           2  (IBUF=1 LUT6=1)
  Clock Path Skew:        5.442ns (DCD - SCD + CPR)
    Destination Clock Delay (DCD):    5.442ns
    Source Clock Delay      (SCD):    0.000ns
    Clock Pessimism Removal (CPR):    0.000ns
  Clock Uncertainty:      0.025ns  ((TSJ^2 + TIJ^2)^1/2 + DJ) / 2 + PE
    Total System Jitter     (TSJ):    0.050ns
    Total Input Jitter      (TIJ):    0.000ns
    Discrete Jitter          (DJ):    0.000ns
    Phase Error              (PE):    0.000ns

    Location             Delay type                Incr(ns)  Path(ns)    Netlist Resource(s)
  -------------------------------------------------------------------    -------------------
    D19                                               0.000     0.000 r  reset (IN)
                         net (fo=0)                   0.000     0.000    reset
    D19                  IBUF (Prop_ibuf_I_O)         1.463     1.463 r  reset_IBUF_inst/O
                         net (fo=2, routed)           3.036     4.499    processzor/reset_lut/I4
    SLICE_X110Y82        LUT6 (Prop_lut6_I4_O)        0.124     4.623 r  processzor/reset_lut/LUT6/O
                         net (fo=1, routed)           0.000     4.623    processzor/internal_reset_value
    SLICE_X110Y82        FDRE                                         r  processzor/internal_reset_flop/D
  -------------------------------------------------------------------    -------------------

                         (clock sys_clk_pin rise edge)
                                                      0.000     0.000 r  
    H16                                               0.000     0.000 r  clk_in (IN)
                         net (fo=0)                   0.000     0.000    clk_in
    H16                  IBUF (Prop_ibuf_I_O)         1.380     1.380 r  clk_in_IBUF_inst/O
                         net (fo=1, routed)           2.293     3.673    test_clk_OBUF
    BUFGCTRL_X0Y16       BUFG (Prop_bufg_I_O)         0.091     3.764 r  test_clk_OBUF_BUFG_inst/O
                         net (fo=161, routed)         1.678     5.442    processzor/test_clk_OBUF_BUFG
    SLICE_X110Y82        FDRE                                         r  processzor/internal_reset_flop/C

Slack:                    inf
  Source:                 reset
                            (input port)
  Destination:            processzor/run_flop/D
                            (rising edge-triggered cell FDRE clocked by sys_clk_pin  {rise@0.000ns fall@4.000ns period=8.000ns})
  Path Group:             (none)
  Path Type:              Setup (Max at Slow Process Corner)
  Data Path Delay:        4.616ns  (logic 1.580ns (34.237%)  route 3.036ns (65.763%))
  Logic Levels:           2  (IBUF=1 LUT5=1)
  Clock Path Skew:        5.442ns (DCD - SCD + CPR)
    Destination Clock Delay (DCD):    5.442ns
    Source Clock Delay      (SCD):    0.000ns
    Clock Pessimism Removal (CPR):    0.000ns
  Clock Uncertainty:      0.025ns  ((TSJ^2 + TIJ^2)^1/2 + DJ) / 2 + PE
    Total System Jitter     (TSJ):    0.050ns
    Total Input Jitter      (TIJ):    0.000ns
    Discrete Jitter          (DJ):    0.000ns
    Phase Error              (PE):    0.000ns

    Location             Delay type                Incr(ns)  Path(ns)    Netlist Resource(s)
  -------------------------------------------------------------------    -------------------
    D19                                               0.000     0.000 f  reset (IN)
                         net (fo=0)                   0.000     0.000    reset
    D19                  IBUF (Prop_ibuf_I_O)         1.463     1.463 f  reset_IBUF_inst/O
                         net (fo=2, routed)           3.036     4.499    processzor/reset_lut/I4
    SLICE_X110Y82        LUT5 (Prop_lut5_I4_O)        0.117     4.616 r  processzor/reset_lut/LUT5/O
                         net (fo=1, routed)           0.000     4.616    processzor/run_value
    SLICE_X110Y82        FDRE                                         r  processzor/run_flop/D
  -------------------------------------------------------------------    -------------------

                         (clock sys_clk_pin rise edge)
                                                      0.000     0.000 r  
    H16                                               0.000     0.000 r  clk_in (IN)
                         net (fo=0)                   0.000     0.000    clk_in
    H16                  IBUF (Prop_ibuf_I_O)         1.380     1.380 r  clk_in_IBUF_inst/O
                         net (fo=1, routed)           2.293     3.673    test_clk_OBUF
    BUFGCTRL_X0Y16       BUFG (Prop_bufg_I_O)         0.091     3.764 r  test_clk_OBUF_BUFG_inst/O
                         net (fo=161, routed)         1.678     5.442    processzor/test_clk_OBUF_BUFG
    SLICE_X110Y82        FDRE                                         r  processzor/run_flop/C

Slack:                    inf
  Source:                 psdata
                            (input port)
  Destination:            data_count_reg[0]/D
                            (rising edge-triggered cell FDRE clocked by sys_clk_pin  {rise@0.000ns fall@4.000ns period=8.000ns})
  Path Group:             (none)
  Path Type:              Setup (Max at Slow Process Corner)
  Data Path Delay:        4.112ns  (logic 1.773ns (43.114%)  route 2.339ns (56.886%))
  Logic Levels:           3  (IBUF=1 LUT2=1 LUT6=1)
  Clock Path Skew:        5.443ns (DCD - SCD + CPR)
    Destination Clock Delay (DCD):    5.443ns
    Source Clock Delay      (SCD):    0.000ns
    Clock Pessimism Removal (CPR):    0.000ns
  Clock Uncertainty:      0.025ns  ((TSJ^2 + TIJ^2)^1/2 + DJ) / 2 + PE
    Total System Jitter     (TSJ):    0.050ns
    Total Input Jitter      (TIJ):    0.000ns
    Discrete Jitter          (DJ):    0.000ns
    Phase Error              (PE):    0.000ns

    Location             Delay type                Incr(ns)  Path(ns)    Netlist Resource(s)
  -------------------------------------------------------------------    -------------------
    Y18                                               0.000     0.000 r  psdata (IN)
                         net (fo=0)                   0.000     0.000    psdata
    Y18                  IBUF (Prop_ibuf_I_O)         1.525     1.525 r  psdata_IBUF_inst/O
                         net (fo=3, routed)           1.665     3.190    psdata_IBUF
    SLICE_X112Y82        LUT2 (Prop_lut2_I1_O)        0.124     3.314 f  data_inter_i_1/O
                         net (fo=6, routed)           0.673     3.988    data_inter0
    SLICE_X111Y83        LUT6 (Prop_lut6_I5_O)        0.124     4.112 r  data_count[0]_i_1/O
                         net (fo=1, routed)           0.000     4.112    data_count[0]_i_1_n_0
    SLICE_X111Y83        FDRE                                         r  data_count_reg[0]/D
  -------------------------------------------------------------------    -------------------

                         (clock sys_clk_pin rise edge)
                                                      0.000     0.000 r  
    H16                                               0.000     0.000 r  clk_in (IN)
                         net (fo=0)                   0.000     0.000    clk_in
    H16                  IBUF (Prop_ibuf_I_O)         1.380     1.380 r  clk_in_IBUF_inst/O
                         net (fo=1, routed)           2.293     3.673    test_clk_OBUF
    BUFGCTRL_X0Y16       BUFG (Prop_bufg_I_O)         0.091     3.764 r  test_clk_OBUF_BUFG_inst/O
                         net (fo=161, routed)         1.679     5.443    test_clk_OBUF_BUFG
    SLICE_X111Y83        FDRE                                         r  data_count_reg[0]/C

Slack:                    inf
  Source:                 psclock
                            (input port)
  Destination:            clk_count_reg[0]/D
                            (rising edge-triggered cell FDRE clocked by sys_clk_pin  {rise@0.000ns fall@4.000ns period=8.000ns})
  Path Group:             (none)
  Path Type:              Setup (Max at Slow Process Corner)
  Data Path Delay:        4.098ns  (logic 1.817ns (44.346%)  route 2.281ns (55.654%))
  Logic Levels:           3  (IBUF=1 LUT2=1 LUT6=1)
  Clock Path Skew:        5.444ns (DCD - SCD + CPR)
    Destination Clock Delay (DCD):    5.444ns
    Source Clock Delay      (SCD):    0.000ns
    Clock Pessimism Removal (CPR):    0.000ns
  Clock Uncertainty:      0.025ns  ((TSJ^2 + TIJ^2)^1/2 + DJ) / 2 + PE
    Total System Jitter     (TSJ):    0.050ns
    Total Input Jitter      (TIJ):    0.000ns
    Discrete Jitter          (DJ):    0.000ns
    Phase Error              (PE):    0.000ns

    Location             Delay type                Incr(ns)  Path(ns)    Netlist Resource(s)
  -------------------------------------------------------------------    -------------------
    Y16                                               0.000     0.000 r  psclock (IN)
                         net (fo=0)                   0.000     0.000    psclock
    Y16                  IBUF (Prop_ibuf_I_O)         1.569     1.569 r  psclock_IBUF_inst/O
                         net (fo=3, routed)           1.160     2.729    psclock_IBUF
    SLICE_X111Y86        LUT2 (Prop_lut2_I1_O)        0.124     2.853 f  clk_inter_i_1/O
                         net (fo=6, routed)           1.121     3.974    clk_inter0
    SLICE_X112Y84        LUT6 (Prop_lut6_I5_O)        0.124     4.098 r  clk_count[0]_i_1/O
                         net (fo=1, routed)           0.000     4.098    clk_count[0]_i_1_n_0
    SLICE_X112Y84        FDRE                                         r  clk_count_reg[0]/D
  -------------------------------------------------------------------    -------------------

                         (clock sys_clk_pin rise edge)
                                                      0.000     0.000 r  
    H16                                               0.000     0.000 r  clk_in (IN)
                         net (fo=0)                   0.000     0.000    clk_in
    H16                  IBUF (Prop_ibuf_I_O)         1.380     1.380 r  clk_in_IBUF_inst/O
                         net (fo=1, routed)           2.293     3.673    test_clk_OBUF
    BUFGCTRL_X0Y16       BUFG (Prop_bufg_I_O)         0.091     3.764 r  test_clk_OBUF_BUFG_inst/O
                         net (fo=161, routed)         1.680     5.444    test_clk_OBUF_BUFG
    SLICE_X112Y84        FDRE                                         r  clk_count_reg[0]/C

Slack:                    inf
  Source:                 psdata
                            (input port)
  Destination:            data_count_reg[1]/R
                            (rising edge-triggered cell FDRE clocked by sys_clk_pin  {rise@0.000ns fall@4.000ns period=8.000ns})
  Path Group:             (none)
  Path Type:              Setup (Max at Slow Process Corner)
  Data Path Delay:        4.038ns  (logic 1.649ns (40.829%)  route 2.389ns (59.171%))
  Logic Levels:           2  (IBUF=1 LUT2=1)
  Clock Path Skew:        5.443ns (DCD - SCD + CPR)
    Destination Clock Delay (DCD):    5.443ns
    Source Clock Delay      (SCD):    0.000ns
    Clock Pessimism Removal (CPR):    0.000ns
  Clock Uncertainty:      0.025ns  ((TSJ^2 + TIJ^2)^1/2 + DJ) / 2 + PE
    Total System Jitter     (TSJ):    0.050ns
    Total Input Jitter      (TIJ):    0.000ns
    Discrete Jitter          (DJ):    0.000ns
    Phase Error              (PE):    0.000ns

    Location             Delay type                Incr(ns)  Path(ns)    Netlist Resource(s)
  -------------------------------------------------------------------    -------------------
    Y18                                               0.000     0.000 r  psdata (IN)
                         net (fo=0)                   0.000     0.000    psdata
    Y18                  IBUF (Prop_ibuf_I_O)         1.525     1.525 r  psdata_IBUF_inst/O
                         net (fo=3, routed)           1.665     3.190    psdata_IBUF
    SLICE_X112Y82        LUT2 (Prop_lut2_I1_O)        0.124     3.314 r  data_inter_i_1/O
                         net (fo=6, routed)           0.724     4.038    data_inter0
    SLICE_X110Y83        FDRE                                         r  data_count_reg[1]/R
  -------------------------------------------------------------------    -------------------

                         (clock sys_clk_pin rise edge)
                                                      0.000     0.000 r  
    H16                                               0.000     0.000 r  clk_in (IN)
                         net (fo=0)                   0.000     0.000    clk_in
    H16                  IBUF (Prop_ibuf_I_O)         1.380     1.380 r  clk_in_IBUF_inst/O
                         net (fo=1, routed)           2.293     3.673    test_clk_OBUF
    BUFGCTRL_X0Y16       BUFG (Prop_bufg_I_O)         0.091     3.764 r  test_clk_OBUF_BUFG_inst/O
                         net (fo=161, routed)         1.679     5.443    test_clk_OBUF_BUFG
    SLICE_X110Y83        FDRE                                         r  data_count_reg[1]/C

Slack:                    inf
  Source:                 psdata
                            (input port)
  Destination:            data_count_reg[2]/R
                            (rising edge-triggered cell FDRE clocked by sys_clk_pin  {rise@0.000ns fall@4.000ns period=8.000ns})
  Path Group:             (none)
  Path Type:              Setup (Max at Slow Process Corner)
  Data Path Delay:        4.038ns  (logic 1.649ns (40.829%)  route 2.389ns (59.171%))
  Logic Levels:           2  (IBUF=1 LUT2=1)
  Clock Path Skew:        5.443ns (DCD - SCD + CPR)
    Destination Clock Delay (DCD):    5.443ns
    Source Clock Delay      (SCD):    0.000ns
    Clock Pessimism Removal (CPR):    0.000ns
  Clock Uncertainty:      0.025ns  ((TSJ^2 + TIJ^2)^1/2 + DJ) / 2 + PE
    Total System Jitter     (TSJ):    0.050ns
    Total Input Jitter      (TIJ):    0.000ns
    Discrete Jitter          (DJ):    0.000ns
    Phase Error              (PE):    0.000ns

    Location             Delay type                Incr(ns)  Path(ns)    Netlist Resource(s)
  -------------------------------------------------------------------    -------------------
    Y18                                               0.000     0.000 r  psdata (IN)
                         net (fo=0)                   0.000     0.000    psdata
    Y18                  IBUF (Prop_ibuf_I_O)         1.525     1.525 r  psdata_IBUF_inst/O
                         net (fo=3, routed)           1.665     3.190    psdata_IBUF
    SLICE_X112Y82        LUT2 (Prop_lut2_I1_O)        0.124     3.314 r  data_inter_i_1/O
                         net (fo=6, routed)           0.724     4.038    data_inter0
    SLICE_X110Y83        FDRE                                         r  data_count_reg[2]/R
  -------------------------------------------------------------------    -------------------

                         (clock sys_clk_pin rise edge)
                                                      0.000     0.000 r  
    H16                                               0.000     0.000 r  clk_in (IN)
                         net (fo=0)                   0.000     0.000    clk_in
    H16                  IBUF (Prop_ibuf_I_O)         1.380     1.380 r  clk_in_IBUF_inst/O
                         net (fo=1, routed)           2.293     3.673    test_clk_OBUF
    BUFGCTRL_X0Y16       BUFG (Prop_bufg_I_O)         0.091     3.764 r  test_clk_OBUF_BUFG_inst/O
                         net (fo=161, routed)         1.679     5.443    test_clk_OBUF_BUFG
    SLICE_X110Y83        FDRE                                         r  data_count_reg[2]/C

Slack:                    inf
  Source:                 psdata
                            (input port)
  Destination:            data_count_reg[3]/R
                            (rising edge-triggered cell FDRE clocked by sys_clk_pin  {rise@0.000ns fall@4.000ns period=8.000ns})
  Path Group:             (none)
  Path Type:              Setup (Max at Slow Process Corner)
  Data Path Delay:        4.038ns  (logic 1.649ns (40.829%)  route 2.389ns (59.171%))
  Logic Levels:           2  (IBUF=1 LUT2=1)
  Clock Path Skew:        5.443ns (DCD - SCD + CPR)
    Destination Clock Delay (DCD):    5.443ns
    Source Clock Delay      (SCD):    0.000ns
    Clock Pessimism Removal (CPR):    0.000ns
  Clock Uncertainty:      0.025ns  ((TSJ^2 + TIJ^2)^1/2 + DJ) / 2 + PE
    Total System Jitter     (TSJ):    0.050ns
    Total Input Jitter      (TIJ):    0.000ns
    Discrete Jitter          (DJ):    0.000ns
    Phase Error              (PE):    0.000ns

    Location             Delay type                Incr(ns)  Path(ns)    Netlist Resource(s)
  -------------------------------------------------------------------    -------------------
    Y18                                               0.000     0.000 r  psdata (IN)
                         net (fo=0)                   0.000     0.000    psdata
    Y18                  IBUF (Prop_ibuf_I_O)         1.525     1.525 r  psdata_IBUF_inst/O
                         net (fo=3, routed)           1.665     3.190    psdata_IBUF
    SLICE_X112Y82        LUT2 (Prop_lut2_I1_O)        0.124     3.314 r  data_inter_i_1/O
                         net (fo=6, routed)           0.724     4.038    data_inter0
    SLICE_X110Y83        FDRE                                         r  data_count_reg[3]/R
  -------------------------------------------------------------------    -------------------

                         (clock sys_clk_pin rise edge)
                                                      0.000     0.000 r  
    H16                                               0.000     0.000 r  clk_in (IN)
                         net (fo=0)                   0.000     0.000    clk_in
    H16                  IBUF (Prop_ibuf_I_O)         1.380     1.380 r  clk_in_IBUF_inst/O
                         net (fo=1, routed)           2.293     3.673    test_clk_OBUF
    BUFGCTRL_X0Y16       BUFG (Prop_bufg_I_O)         0.091     3.764 r  test_clk_OBUF_BUFG_inst/O
                         net (fo=161, routed)         1.679     5.443    test_clk_OBUF_BUFG
    SLICE_X110Y83        FDRE                                         r  data_count_reg[3]/C

Slack:                    inf
  Source:                 psdata
                            (input port)
  Destination:            data_count_reg[4]/R
                            (rising edge-triggered cell FDRE clocked by sys_clk_pin  {rise@0.000ns fall@4.000ns period=8.000ns})
  Path Group:             (none)
  Path Type:              Setup (Max at Slow Process Corner)
  Data Path Delay:        3.893ns  (logic 1.649ns (42.353%)  route 2.244ns (57.647%))
  Logic Levels:           2  (IBUF=1 LUT2=1)
  Clock Path Skew:        5.443ns (DCD - SCD + CPR)
    Destination Clock Delay (DCD):    5.443ns
    Source Clock Delay      (SCD):    0.000ns
    Clock Pessimism Removal (CPR):    0.000ns
  Clock Uncertainty:      0.025ns  ((TSJ^2 + TIJ^2)^1/2 + DJ) / 2 + PE
    Total System Jitter     (TSJ):    0.050ns
    Total Input Jitter      (TIJ):    0.000ns
    Discrete Jitter          (DJ):    0.000ns
    Phase Error              (PE):    0.000ns

    Location             Delay type                Incr(ns)  Path(ns)    Netlist Resource(s)
  -------------------------------------------------------------------    -------------------
    Y18                                               0.000     0.000 r  psdata (IN)
                         net (fo=0)                   0.000     0.000    psdata
    Y18                  IBUF (Prop_ibuf_I_O)         1.525     1.525 r  psdata_IBUF_inst/O
                         net (fo=3, routed)           1.665     3.190    psdata_IBUF
    SLICE_X112Y82        LUT2 (Prop_lut2_I1_O)        0.124     3.314 r  data_inter_i_1/O
                         net (fo=6, routed)           0.579     3.893    data_inter0
    SLICE_X112Y83        FDRE                                         r  data_count_reg[4]/R
  -------------------------------------------------------------------    -------------------

                         (clock sys_clk_pin rise edge)
                                                      0.000     0.000 r  
    H16                                               0.000     0.000 r  clk_in (IN)
                         net (fo=0)                   0.000     0.000    clk_in
    H16                  IBUF (Prop_ibuf_I_O)         1.380     1.380 r  clk_in_IBUF_inst/O
                         net (fo=1, routed)           2.293     3.673    test_clk_OBUF
    BUFGCTRL_X0Y16       BUFG (Prop_bufg_I_O)         0.091     3.764 r  test_clk_OBUF_BUFG_inst/O
                         net (fo=161, routed)         1.679     5.443    test_clk_OBUF_BUFG
    SLICE_X112Y83        FDRE                                         r  data_count_reg[4]/C

Slack:                    inf
  Source:                 psdata
                            (input port)
  Destination:            data_inter_reg/CE
                            (rising edge-triggered cell FDRE clocked by sys_clk_pin  {rise@0.000ns fall@4.000ns period=8.000ns})
  Path Group:             (none)
  Path Type:              Setup (Max at Slow Process Corner)
  Data Path Delay:        3.744ns  (logic 1.649ns (44.032%)  route 2.096ns (55.968%))
  Logic Levels:           2  (IBUF=1 LUT2=1)
  Clock Path Skew:        5.442ns (DCD - SCD + CPR)
    Destination Clock Delay (DCD):    5.442ns
    Source Clock Delay      (SCD):    0.000ns
    Clock Pessimism Removal (CPR):    0.000ns
  Clock Uncertainty:      0.025ns  ((TSJ^2 + TIJ^2)^1/2 + DJ) / 2 + PE
    Total System Jitter     (TSJ):    0.050ns
    Total Input Jitter      (TIJ):    0.000ns
    Discrete Jitter          (DJ):    0.000ns
    Phase Error              (PE):    0.000ns

    Location             Delay type                Incr(ns)  Path(ns)    Netlist Resource(s)
  -------------------------------------------------------------------    -------------------
    Y18                                               0.000     0.000 r  psdata (IN)
                         net (fo=0)                   0.000     0.000    psdata
    Y18                  IBUF (Prop_ibuf_I_O)         1.525     1.525 r  psdata_IBUF_inst/O
                         net (fo=3, routed)           1.665     3.190    psdata_IBUF
    SLICE_X112Y82        LUT2 (Prop_lut2_I1_O)        0.124     3.314 r  data_inter_i_1/O
                         net (fo=6, routed)           0.430     3.744    data_inter0
    SLICE_X112Y82        FDRE                                         r  data_inter_reg/CE
  -------------------------------------------------------------------    -------------------

                         (clock sys_clk_pin rise edge)
                                                      0.000     0.000 r  
    H16                                               0.000     0.000 r  clk_in (IN)
                         net (fo=0)                   0.000     0.000    clk_in
    H16                  IBUF (Prop_ibuf_I_O)         1.380     1.380 r  clk_in_IBUF_inst/O
                         net (fo=1, routed)           2.293     3.673    test_clk_OBUF
    BUFGCTRL_X0Y16       BUFG (Prop_bufg_I_O)         0.091     3.764 r  test_clk_OBUF_BUFG_inst/O
                         net (fo=161, routed)         1.678     5.442    test_clk_OBUF_BUFG
    SLICE_X112Y82        FDRE                                         r  data_inter_reg/C

Slack:                    inf
  Source:                 psdata
                            (input port)
  Destination:            ps2_data_clean_reg/D
                            (rising edge-triggered cell FDRE clocked by sys_clk_pin  {rise@0.000ns fall@4.000ns period=8.000ns})
  Path Group:             (none)
  Path Type:              Setup (Max at Slow Process Corner)
  Data Path Delay:        3.674ns  (logic 1.649ns (44.870%)  route 2.026ns (55.130%))
  Logic Levels:           2  (IBUF=1 LUT4=1)
  Clock Path Skew:        5.443ns (DCD - SCD + CPR)
    Destination Clock Delay (DCD):    5.443ns
    Source Clock Delay      (SCD):    0.000ns
    Clock Pessimism Removal (CPR):    0.000ns
  Clock Uncertainty:      0.025ns  ((TSJ^2 + TIJ^2)^1/2 + DJ) / 2 + PE
    Total System Jitter     (TSJ):    0.050ns
    Total Input Jitter      (TIJ):    0.000ns
    Discrete Jitter          (DJ):    0.000ns
    Phase Error              (PE):    0.000ns

    Location             Delay type                Incr(ns)  Path(ns)    Netlist Resource(s)
  -------------------------------------------------------------------    -------------------
    Y18                                               0.000     0.000 r  psdata (IN)
                         net (fo=0)                   0.000     0.000    psdata
    Y18                  IBUF (Prop_ibuf_I_O)         1.525     1.525 r  psdata_IBUF_inst/O
                         net (fo=3, routed)           2.026     3.550    psdata_IBUF
    SLICE_X111Y83        LUT4 (Prop_lut4_I1_O)        0.124     3.674 r  ps2_data_clean_i_1/O
                         net (fo=1, routed)           0.000     3.674    ps2_data_clean_i_1_n_0
    SLICE_X111Y83        FDRE                                         r  ps2_data_clean_reg/D
  -------------------------------------------------------------------    -------------------

                         (clock sys_clk_pin rise edge)
                                                      0.000     0.000 r  
    H16                                               0.000     0.000 r  clk_in (IN)
                         net (fo=0)                   0.000     0.000    clk_in
    H16                  IBUF (Prop_ibuf_I_O)         1.380     1.380 r  clk_in_IBUF_inst/O
                         net (fo=1, routed)           2.293     3.673    test_clk_OBUF
    BUFGCTRL_X0Y16       BUFG (Prop_bufg_I_O)         0.091     3.764 r  test_clk_OBUF_BUFG_inst/O
                         net (fo=161, routed)         1.679     5.443    test_clk_OBUF_BUFG
    SLICE_X111Y83        FDRE                                         r  ps2_data_clean_reg/C





Min Delay Paths
--------------------------------------------------------------------------------------
Slack:                    inf
  Source:                 psclock
                            (input port)
  Destination:            clk_inter_reg/D
                            (rising edge-triggered cell FDRE clocked by sys_clk_pin  {rise@0.000ns fall@4.000ns period=8.000ns})
  Path Group:             (none)
  Path Type:              Hold (Min at Fast Process Corner)
  Data Path Delay:        0.762ns  (logic 0.336ns (44.091%)  route 0.426ns (55.909%))
  Logic Levels:           1  (IBUF=1)
  Clock Path Skew:        2.245ns (DCD - SCD - CPR)
    Destination Clock Delay (DCD):    2.245ns
    Source Clock Delay      (SCD):    0.000ns
    Clock Pessimism Removal (CPR):    -0.000ns

    Location             Delay type                Incr(ns)  Path(ns)    Netlist Resource(s)
  -------------------------------------------------------------------    -------------------
    Y16                                               0.000     0.000 r  psclock (IN)
                         net (fo=0)                   0.000     0.000    psclock
    Y16                  IBUF (Prop_ibuf_I_O)         0.336     0.336 r  psclock_IBUF_inst/O
                         net (fo=3, routed)           0.426     0.762    psclock_IBUF
    SLICE_X111Y86        FDRE                                         r  clk_inter_reg/D
  -------------------------------------------------------------------    -------------------

                         (clock sys_clk_pin rise edge)
                                                      0.000     0.000 r  
    H16                                               0.000     0.000 r  clk_in (IN)
                         net (fo=0)                   0.000     0.000    clk_in
    H16                  IBUF (Prop_ibuf_I_O)         0.406     0.406 r  clk_in_IBUF_inst/O
                         net (fo=1, routed)           0.907     1.313    test_clk_OBUF
    BUFGCTRL_X0Y16       BUFG (Prop_bufg_I_O)         0.029     1.342 r  test_clk_OBUF_BUFG_inst/O
                         net (fo=161, routed)         0.903     2.245    test_clk_OBUF_BUFG
    SLICE_X111Y86        FDRE                                         r  clk_inter_reg/C

Slack:                    inf
  Source:                 psdata
                            (input port)
  Destination:            data_inter_reg/D
                            (rising edge-triggered cell FDRE clocked by sys_clk_pin  {rise@0.000ns fall@4.000ns period=8.000ns})
  Path Group:             (none)
  Path Type:              Hold (Min at Fast Process Corner)
  Data Path Delay:        0.896ns  (logic 0.292ns (32.615%)  route 0.603ns (67.385%))
  Logic Levels:           1  (IBUF=1)
  Clock Path Skew:        2.242ns (DCD - SCD - CPR)
    Destination Clock Delay (DCD):    2.242ns
    Source Clock Delay      (SCD):    0.000ns
    Clock Pessimism Removal (CPR):    -0.000ns

    Location             Delay type                Incr(ns)  Path(ns)    Netlist Resource(s)
  -------------------------------------------------------------------    -------------------
    Y18                                               0.000     0.000 r  psdata (IN)
                         net (fo=0)                   0.000     0.000    psdata
    Y18                  IBUF (Prop_ibuf_I_O)         0.292     0.292 r  psdata_IBUF_inst/O
                         net (fo=3, routed)           0.603     0.896    psdata_IBUF
    SLICE_X112Y82        FDRE                                         r  data_inter_reg/D
  -------------------------------------------------------------------    -------------------

                         (clock sys_clk_pin rise edge)
                                                      0.000     0.000 r  
    H16                                               0.000     0.000 r  clk_in (IN)
                         net (fo=0)                   0.000     0.000    clk_in
    H16                  IBUF (Prop_ibuf_I_O)         0.406     0.406 r  clk_in_IBUF_inst/O
                         net (fo=1, routed)           0.907     1.313    test_clk_OBUF
    BUFGCTRL_X0Y16       BUFG (Prop_bufg_I_O)         0.029     1.342 r  test_clk_OBUF_BUFG_inst/O
                         net (fo=161, routed)         0.900     2.242    test_clk_OBUF_BUFG
    SLICE_X112Y82        FDRE                                         r  data_inter_reg/C

Slack:                    inf
  Source:                 psclock
                            (input port)
  Destination:            ps2_clk_clean_reg/D
                            (rising edge-triggered cell FDRE clocked by sys_clk_pin  {rise@0.000ns fall@4.000ns period=8.000ns})
  Path Group:             (none)
  Path Type:              Hold (Min at Fast Process Corner)
  Data Path Delay:        0.910ns  (logic 0.381ns (41.878%)  route 0.529ns (58.122%))
  Logic Levels:           2  (IBUF=1 LUT4=1)
  Clock Path Skew:        2.245ns (DCD - SCD - CPR)
    Destination Clock Delay (DCD):    2.245ns
    Source Clock Delay      (SCD):    0.000ns
    Clock Pessimism Removal (CPR):    -0.000ns

    Location             Delay type                Incr(ns)  Path(ns)    Netlist Resource(s)
  -------------------------------------------------------------------    -------------------
    Y16                                               0.000     0.000 r  psclock (IN)
                         net (fo=0)                   0.000     0.000    psclock
    Y16                  IBUF (Prop_ibuf_I_O)         0.336     0.336 r  psclock_IBUF_inst/O
                         net (fo=3, routed)           0.529     0.865    psclock_IBUF
    SLICE_X110Y86        LUT4 (Prop_lut4_I1_O)        0.045     0.910 r  ps2_clk_clean_i_1/O
                         net (fo=1, routed)           0.000     0.910    ps2_clk_clean_i_1_n_0
    SLICE_X110Y86        FDRE                                         r  ps2_clk_clean_reg/D
  -------------------------------------------------------------------    -------------------

                         (clock sys_clk_pin rise edge)
                                                      0.000     0.000 r  
    H16                                               0.000     0.000 r  clk_in (IN)
                         net (fo=0)                   0.000     0.000    clk_in
    H16                  IBUF (Prop_ibuf_I_O)         0.406     0.406 r  clk_in_IBUF_inst/O
                         net (fo=1, routed)           0.907     1.313    test_clk_OBUF
    BUFGCTRL_X0Y16       BUFG (Prop_bufg_I_O)         0.029     1.342 r  test_clk_OBUF_BUFG_inst/O
                         net (fo=161, routed)         0.903     2.245    test_clk_OBUF_BUFG
    SLICE_X110Y86        FDRE                                         r  ps2_clk_clean_reg/C

Slack:                    inf
  Source:                 psclock
                            (input port)
  Destination:            clk_inter_reg/CE
                            (rising edge-triggered cell FDRE clocked by sys_clk_pin  {rise@0.000ns fall@4.000ns period=8.000ns})
  Path Group:             (none)
  Path Type:              Hold (Min at Fast Process Corner)
  Data Path Delay:        0.953ns  (logic 0.381ns (40.003%)  route 0.572ns (59.997%))
  Logic Levels:           2  (IBUF=1 LUT2=1)
  Clock Path Skew:        2.245ns (DCD - SCD - CPR)
    Destination Clock Delay (DCD):    2.245ns
    Source Clock Delay      (SCD):    0.000ns
    Clock Pessimism Removal (CPR):    -0.000ns

    Location             Delay type                Incr(ns)  Path(ns)    Netlist Resource(s)
  -------------------------------------------------------------------    -------------------
    Y16                                               0.000     0.000 r  psclock (IN)
                         net (fo=0)                   0.000     0.000    psclock
    Y16                  IBUF (Prop_ibuf_I_O)         0.336     0.336 r  psclock_IBUF_inst/O
                         net (fo=3, routed)           0.445     0.781    psclock_IBUF
    SLICE_X111Y86        LUT2 (Prop_lut2_I1_O)        0.045     0.826 r  clk_inter_i_1/O
                         net (fo=6, routed)           0.127     0.953    clk_inter0
    SLICE_X111Y86        FDRE                                         r  clk_inter_reg/CE
  -------------------------------------------------------------------    -------------------

                         (clock sys_clk_pin rise edge)
                                                      0.000     0.000 r  
    H16                                               0.000     0.000 r  clk_in (IN)
                         net (fo=0)                   0.000     0.000    clk_in
    H16                  IBUF (Prop_ibuf_I_O)         0.406     0.406 r  clk_in_IBUF_inst/O
                         net (fo=1, routed)           0.907     1.313    test_clk_OBUF
    BUFGCTRL_X0Y16       BUFG (Prop_bufg_I_O)         0.029     1.342 r  test_clk_OBUF_BUFG_inst/O
                         net (fo=161, routed)         0.903     2.245    test_clk_OBUF_BUFG
    SLICE_X111Y86        FDRE                                         r  clk_inter_reg/C

Slack:                    inf
  Source:                 psclock
                            (input port)
  Destination:            clk_count_reg[1]/R
                            (rising edge-triggered cell FDRE clocked by sys_clk_pin  {rise@0.000ns fall@4.000ns period=8.000ns})
  Path Group:             (none)
  Path Type:              Hold (Min at Fast Process Corner)
  Data Path Delay:        1.018ns  (logic 0.381ns (37.452%)  route 0.636ns (62.548%))
  Logic Levels:           2  (IBUF=1 LUT2=1)
  Clock Path Skew:        2.244ns (DCD - SCD - CPR)
    Destination Clock Delay (DCD):    2.244ns
    Source Clock Delay      (SCD):    0.000ns
    Clock Pessimism Removal (CPR):    -0.000ns

    Location             Delay type                Incr(ns)  Path(ns)    Netlist Resource(s)
  -------------------------------------------------------------------    -------------------
    Y16                                               0.000     0.000 r  psclock (IN)
                         net (fo=0)                   0.000     0.000    psclock
    Y16                  IBUF (Prop_ibuf_I_O)         0.336     0.336 r  psclock_IBUF_inst/O
                         net (fo=3, routed)           0.445     0.781    psclock_IBUF
    SLICE_X111Y86        LUT2 (Prop_lut2_I1_O)        0.045     0.826 r  clk_inter_i_1/O
                         net (fo=6, routed)           0.192     1.018    clk_inter0
    SLICE_X111Y84        FDRE                                         r  clk_count_reg[1]/R
  -------------------------------------------------------------------    -------------------

                         (clock sys_clk_pin rise edge)
                                                      0.000     0.000 r  
    H16                                               0.000     0.000 r  clk_in (IN)
                         net (fo=0)                   0.000     0.000    clk_in
    H16                  IBUF (Prop_ibuf_I_O)         0.406     0.406 r  clk_in_IBUF_inst/O
                         net (fo=1, routed)           0.907     1.313    test_clk_OBUF
    BUFGCTRL_X0Y16       BUFG (Prop_bufg_I_O)         0.029     1.342 r  test_clk_OBUF_BUFG_inst/O
                         net (fo=161, routed)         0.902     2.244    test_clk_OBUF_BUFG
    SLICE_X111Y84        FDRE                                         r  clk_count_reg[1]/C

Slack:                    inf
  Source:                 psclock
                            (input port)
  Destination:            clk_count_reg[2]/R
                            (rising edge-triggered cell FDRE clocked by sys_clk_pin  {rise@0.000ns fall@4.000ns period=8.000ns})
  Path Group:             (none)
  Path Type:              Hold (Min at Fast Process Corner)
  Data Path Delay:        1.018ns  (logic 0.381ns (37.452%)  route 0.636ns (62.548%))
  Logic Levels:           2  (IBUF=1 LUT2=1)
  Clock Path Skew:        2.244ns (DCD - SCD - CPR)
    Destination Clock Delay (DCD):    2.244ns
    Source Clock Delay      (SCD):    0.000ns
    Clock Pessimism Removal (CPR):    -0.000ns

    Location             Delay type                Incr(ns)  Path(ns)    Netlist Resource(s)
  -------------------------------------------------------------------    -------------------
    Y16                                               0.000     0.000 r  psclock (IN)
                         net (fo=0)                   0.000     0.000    psclock
    Y16                  IBUF (Prop_ibuf_I_O)         0.336     0.336 r  psclock_IBUF_inst/O
                         net (fo=3, routed)           0.445     0.781    psclock_IBUF
    SLICE_X111Y86        LUT2 (Prop_lut2_I1_O)        0.045     0.826 r  clk_inter_i_1/O
                         net (fo=6, routed)           0.192     1.018    clk_inter0
    SLICE_X111Y84        FDRE                                         r  clk_count_reg[2]/R
  -------------------------------------------------------------------    -------------------

                         (clock sys_clk_pin rise edge)
                                                      0.000     0.000 r  
    H16                                               0.000     0.000 r  clk_in (IN)
                         net (fo=0)                   0.000     0.000    clk_in
    H16                  IBUF (Prop_ibuf_I_O)         0.406     0.406 r  clk_in_IBUF_inst/O
                         net (fo=1, routed)           0.907     1.313    test_clk_OBUF
    BUFGCTRL_X0Y16       BUFG (Prop_bufg_I_O)         0.029     1.342 r  test_clk_OBUF_BUFG_inst/O
                         net (fo=161, routed)         0.902     2.244    test_clk_OBUF_BUFG
    SLICE_X111Y84        FDRE                                         r  clk_count_reg[2]/C

Slack:                    inf
  Source:                 psclock
                            (input port)
  Destination:            clk_count_reg[3]/R
                            (rising edge-triggered cell FDRE clocked by sys_clk_pin  {rise@0.000ns fall@4.000ns period=8.000ns})
  Path Group:             (none)
  Path Type:              Hold (Min at Fast Process Corner)
  Data Path Delay:        1.018ns  (logic 0.381ns (37.452%)  route 0.636ns (62.548%))
  Logic Levels:           2  (IBUF=1 LUT2=1)
  Clock Path Skew:        2.244ns (DCD - SCD - CPR)
    Destination Clock Delay (DCD):    2.244ns
    Source Clock Delay      (SCD):    0.000ns
    Clock Pessimism Removal (CPR):    -0.000ns

    Location             Delay type                Incr(ns)  Path(ns)    Netlist Resource(s)
  -------------------------------------------------------------------    -------------------
    Y16                                               0.000     0.000 r  psclock (IN)
                         net (fo=0)                   0.000     0.000    psclock
    Y16                  IBUF (Prop_ibuf_I_O)         0.336     0.336 r  psclock_IBUF_inst/O
                         net (fo=3, routed)           0.445     0.781    psclock_IBUF
    SLICE_X111Y86        LUT2 (Prop_lut2_I1_O)        0.045     0.826 r  clk_inter_i_1/O
                         net (fo=6, routed)           0.192     1.018    clk_inter0
    SLICE_X111Y84        FDRE                                         r  clk_count_reg[3]/R
  -------------------------------------------------------------------    -------------------

                         (clock sys_clk_pin rise edge)
                                                      0.000     0.000 r  
    H16                                               0.000     0.000 r  clk_in (IN)
                         net (fo=0)                   0.000     0.000    clk_in
    H16                  IBUF (Prop_ibuf_I_O)         0.406     0.406 r  clk_in_IBUF_inst/O
                         net (fo=1, routed)           0.907     1.313    test_clk_OBUF
    BUFGCTRL_X0Y16       BUFG (Prop_bufg_I_O)         0.029     1.342 r  test_clk_OBUF_BUFG_inst/O
                         net (fo=161, routed)         0.902     2.244    test_clk_OBUF_BUFG
    SLICE_X111Y84        FDRE                                         r  clk_count_reg[3]/C

Slack:                    inf
  Source:                 psclock
                            (input port)
  Destination:            clk_count_reg[4]/R
                            (rising edge-triggered cell FDRE clocked by sys_clk_pin  {rise@0.000ns fall@4.000ns period=8.000ns})
  Path Group:             (none)
  Path Type:              Hold (Min at Fast Process Corner)
  Data Path Delay:        1.018ns  (logic 0.381ns (37.452%)  route 0.636ns (62.548%))
  Logic Levels:           2  (IBUF=1 LUT2=1)
  Clock Path Skew:        2.244ns (DCD - SCD - CPR)
    Destination Clock Delay (DCD):    2.244ns
    Source Clock Delay      (SCD):    0.000ns
    Clock Pessimism Removal (CPR):    -0.000ns

    Location             Delay type                Incr(ns)  Path(ns)    Netlist Resource(s)
  -------------------------------------------------------------------    -------------------
    Y16                                               0.000     0.000 r  psclock (IN)
                         net (fo=0)                   0.000     0.000    psclock
    Y16                  IBUF (Prop_ibuf_I_O)         0.336     0.336 r  psclock_IBUF_inst/O
                         net (fo=3, routed)           0.445     0.781    psclock_IBUF
    SLICE_X111Y86        LUT2 (Prop_lut2_I1_O)        0.045     0.826 r  clk_inter_i_1/O
                         net (fo=6, routed)           0.192     1.018    clk_inter0
    SLICE_X111Y84        FDRE                                         r  clk_count_reg[4]/R
  -------------------------------------------------------------------    -------------------

                         (clock sys_clk_pin rise edge)
                                                      0.000     0.000 r  
    H16                                               0.000     0.000 r  clk_in (IN)
                         net (fo=0)                   0.000     0.000    clk_in
    H16                  IBUF (Prop_ibuf_I_O)         0.406     0.406 r  clk_in_IBUF_inst/O
                         net (fo=1, routed)           0.907     1.313    test_clk_OBUF
    BUFGCTRL_X0Y16       BUFG (Prop_bufg_I_O)         0.029     1.342 r  test_clk_OBUF_BUFG_inst/O
                         net (fo=161, routed)         0.902     2.244    test_clk_OBUF_BUFG
    SLICE_X111Y84        FDRE                                         r  clk_count_reg[4]/C

Slack:                    inf
  Source:                 psdata
                            (input port)
  Destination:            ps2_data_clean_reg/D
                            (rising edge-triggered cell FDRE clocked by sys_clk_pin  {rise@0.000ns fall@4.000ns period=8.000ns})
  Path Group:             (none)
  Path Type:              Hold (Min at Fast Process Corner)
  Data Path Delay:        1.149ns  (logic 0.337ns (29.343%)  route 0.812ns (70.657%))
  Logic Levels:           2  (IBUF=1 LUT4=1)
  Clock Path Skew:        2.243ns (DCD - SCD - CPR)
    Destination Clock Delay (DCD):    2.243ns
    Source Clock Delay      (SCD):    0.000ns
    Clock Pessimism Removal (CPR):    -0.000ns

    Location             Delay type                Incr(ns)  Path(ns)    Netlist Resource(s)
  -------------------------------------------------------------------    -------------------
    Y18                                               0.000     0.000 r  psdata (IN)
                         net (fo=0)                   0.000     0.000    psdata
    Y18                  IBUF (Prop_ibuf_I_O)         0.292     0.292 r  psdata_IBUF_inst/O
                         net (fo=3, routed)           0.812     1.104    psdata_IBUF
    SLICE_X111Y83        LUT4 (Prop_lut4_I1_O)        0.045     1.149 r  ps2_data_clean_i_1/O
                         net (fo=1, routed)           0.000     1.149    ps2_data_clean_i_1_n_0
    SLICE_X111Y83        FDRE                                         r  ps2_data_clean_reg/D
  -------------------------------------------------------------------    -------------------

                         (clock sys_clk_pin rise edge)
                                                      0.000     0.000 r  
    H16                                               0.000     0.000 r  clk_in (IN)
                         net (fo=0)                   0.000     0.000    clk_in
    H16                  IBUF (Prop_ibuf_I_O)         0.406     0.406 r  clk_in_IBUF_inst/O
                         net (fo=1, routed)           0.907     1.313    test_clk_OBUF
    BUFGCTRL_X0Y16       BUFG (Prop_bufg_I_O)         0.029     1.342 r  test_clk_OBUF_BUFG_inst/O
                         net (fo=161, routed)         0.901     2.243    test_clk_OBUF_BUFG
    SLICE_X111Y83        FDRE                                         r  ps2_data_clean_reg/C

Slack:                    inf
  Source:                 psdata
                            (input port)
  Destination:            data_inter_reg/CE
                            (rising edge-triggered cell FDRE clocked by sys_clk_pin  {rise@0.000ns fall@4.000ns period=8.000ns})
  Path Group:             (none)
  Path Type:              Hold (Min at Fast Process Corner)
  Data Path Delay:        1.186ns  (logic 0.337ns (28.429%)  route 0.849ns (71.571%))
  Logic Levels:           2  (IBUF=1 LUT2=1)
  Clock Path Skew:        2.242ns (DCD - SCD - CPR)
    Destination Clock Delay (DCD):    2.242ns
    Source Clock Delay      (SCD):    0.000ns
    Clock Pessimism Removal (CPR):    -0.000ns

    Location             Delay type                Incr(ns)  Path(ns)    Netlist Resource(s)
  -------------------------------------------------------------------    -------------------
    Y18                                               0.000     0.000 r  psdata (IN)
                         net (fo=0)                   0.000     0.000    psdata
    Y18                  IBUF (Prop_ibuf_I_O)         0.292     0.292 r  psdata_IBUF_inst/O
                         net (fo=3, routed)           0.687     0.980    psdata_IBUF
    SLICE_X112Y82        LUT2 (Prop_lut2_I1_O)        0.045     1.025 r  data_inter_i_1/O
                         net (fo=6, routed)           0.161     1.186    data_inter0
    SLICE_X112Y82        FDRE                                         r  data_inter_reg/CE
  -------------------------------------------------------------------    -------------------

                         (clock sys_clk_pin rise edge)
                                                      0.000     0.000 r  
    H16                                               0.000     0.000 r  clk_in (IN)
                         net (fo=0)                   0.000     0.000    clk_in
    H16                  IBUF (Prop_ibuf_I_O)         0.406     0.406 r  clk_in_IBUF_inst/O
                         net (fo=1, routed)           0.907     1.313    test_clk_OBUF
    BUFGCTRL_X0Y16       BUFG (Prop_bufg_I_O)         0.029     1.342 r  test_clk_OBUF_BUFG_inst/O
                         net (fo=161, routed)         0.900     2.242    test_clk_OBUF_BUFG
    SLICE_X112Y82        FDRE                                         r  data_inter_reg/C





