Copyright 1986-2022 Xilinx, Inc. All Rights Reserved. Copyright 2022-2023 Advanced Micro Devices, Inc. All Rights Reserved.
---------------------------------------------------------------------------------------------------------------------------------------------------------------------------------------------------------------------
| Tool Version : Vivado v.2023.2 (win64) Build 4029153 Fri Oct 13 20:14:34 MDT 2023
| Date         : Mon Feb 23 07:32:42 2026
| Host         : progenorLaptop running 64-bit major release  (build 9200)
| Command      : report_timing_summary -max_paths 10 -report_unconstrained -file toplevel_timing_summary_routed.rpt -pb toplevel_timing_summary_routed.pb -rpx toplevel_timing_summary_routed.rpx -warn_on_violation
| Design       : toplevel
| Device       : 7z020-clg400
| Speed File   : -1  PRODUCTION 1.12 2019-11-22
| Design State : Routed
---------------------------------------------------------------------------------------------------------------------------------------------------------------------------------------------------------------------

Timing Summary Report

------------------------------------------------------------------------------------------------
| Timer Settings
| --------------
------------------------------------------------------------------------------------------------

  Enable Multi Corner Analysis               :  Yes
  Enable Pessimism Removal                   :  Yes
  Pessimism Removal Resolution               :  Nearest Common Node
  Enable Input Delay Default Clock           :  No
  Enable Preset / Clear Arcs                 :  No
  Disable Flight Delays                      :  No
  Ignore I/O Paths                           :  No
  Timing Early Launch at Borrowing Latches   :  No
  Borrow Time for Max Delay Exceptions       :  Yes
  Merge Timing Exceptions                    :  Yes
  Inter-SLR Compensation                     :  Conservative

  Corner  Analyze    Analyze    
  Name    Max Paths  Min Paths  
  ------  ---------  ---------  
  Slow    Yes        Yes        
  Fast    Yes        Yes        


------------------------------------------------------------------------------------------------
| Report Methodology
| ------------------
------------------------------------------------------------------------------------------------

Rule       Severity  Description                     Violations  
---------  --------  ------------------------------  ----------  
TIMING-18  Warning   Missing input or output delay   20          
TIMING-20  Warning   Non-clocked latch               66          
LATCH-1    Advisory  Existing latches in the design  1           

Note: This report is based on the most recent report_methodology run and may not be up-to-date. Run report_methodology on the current design for the latest report.



check_timing report

Table of Contents
-----------------
1. checking no_clock (402)
2. checking constant_clock (0)
3. checking pulse_width_clock (0)
4. checking unconstrained_internal_endpoints (84)
5. checking no_input_delay (5)
6. checking no_output_delay (15)
7. checking multiple_clock (0)
8. checking generated_clocks (0)
9. checking loops (0)
10. checking partial_input_delay (0)
11. checking partial_output_delay (0)
12. checking latch_loops (0)

1. checking no_clock (402)
--------------------------
 There are 30 register/latch pins with no clock driven by root clock pin: mem/ram_2k_generate.akv7.kcpsm6_rom/DOADO[12] (HIGH)

 There are 42 register/latch pins with no clock driven by root clock pin: mem/ram_2k_generate.akv7.kcpsm6_rom/DOADO[13] (HIGH)

 There are 42 register/latch pins with no clock driven by root clock pin: mem/ram_2k_generate.akv7.kcpsm6_rom/DOADO[14] (HIGH)

 There are 42 register/latch pins with no clock driven by root clock pin: mem/ram_2k_generate.akv7.kcpsm6_rom/DOADO[15] (HIGH)

 There are 42 register/latch pins with no clock driven by root clock pin: mem/ram_2k_generate.akv7.kcpsm6_rom/DOPADOP[0] (HIGH)

 There are 42 register/latch pins with no clock driven by root clock pin: mem/ram_2k_generate.akv7.kcpsm6_rom/DOPADOP[1] (HIGH)

 There are 18 register/latch pins with no clock driven by root clock pin: processor/PFC_inst/Execute_reg/Q (HIGH)

 There are 48 register/latch pins with no clock driven by root clock pin: processor/PFC_inst/phasenum_reg[0]/Q (HIGH)

 There are 48 register/latch pins with no clock driven by root clock pin: processor/PFC_inst/phasenum_reg[1]/Q (HIGH)

 There are 48 register/latch pins with no clock driven by root clock pin: processor/PFC_inst/phasenum_reg[2]/Q (HIGH)


2. checking constant_clock (0)
------------------------------
 There are 0 register/latch pins with constant_clock.


3. checking pulse_width_clock (0)
---------------------------------
 There are 0 register/latch pins which need pulse_width check


4. checking unconstrained_internal_endpoints (84)
-------------------------------------------------
 There are 66 pins that are not constrained for maximum delay. (HIGH)

 There are 18 pins that are not constrained for maximum delay due to constant clock. (MEDIUM)


5. checking no_input_delay (5)
------------------------------
 There are 5 input ports with no input delay specified. (HIGH)

 There are 0 input ports with no input delay but user has a false path constraint.


6. checking no_output_delay (15)
--------------------------------
 There are 15 ports with no output delay specified. (HIGH)

 There are 0 ports with no output delay but user has a false path constraint

 There are 0 ports with no output delay but with a timing clock defined on it or propagating through it


7. checking multiple_clock (0)
------------------------------
 There are 0 register/latch pins with multiple clocks.


8. checking generated_clocks (0)
--------------------------------
 There are 0 generated clocks that are not connected to a clock source.


9. checking loops (0)
---------------------
 There are 0 combinational loops in the design.


10. checking partial_input_delay (0)
------------------------------------
 There are 0 input ports with partial input delay specified.


11. checking partial_output_delay (0)
-------------------------------------
 There are 0 ports with partial output delay specified.


12. checking latch_loops (0)
----------------------------
 There are 0 combinational latch loops in the design through latch input



------------------------------------------------------------------------------------------------
| Design Timing Summary
| ---------------------
------------------------------------------------------------------------------------------------

    WNS(ns)      TNS(ns)  TNS Failing Endpoints  TNS Total Endpoints      WHS(ns)      THS(ns)  THS Failing Endpoints  THS Total Endpoints     WPWS(ns)     TPWS(ns)  TPWS Failing Endpoints  TPWS Total Endpoints  
    -------      -------  ---------------------  -------------------      -------      -------  ---------------------  -------------------     --------     --------  ----------------------  --------------------  
     -0.332       -6.006                     76                 3627        0.049        0.000                      0                 3627        3.500        0.000                       0                  1817  


Timing constraints are not met.


------------------------------------------------------------------------------------------------
| Clock Summary
| -------------
------------------------------------------------------------------------------------------------

Clock        Waveform(ns)         Period(ns)      Frequency(MHz)
-----        ------------         ----------      --------------
sys_clk_pin  {0.000 4.000}        8.000           125.000         


------------------------------------------------------------------------------------------------
| Intra Clock Table
| -----------------
------------------------------------------------------------------------------------------------

Clock             WNS(ns)      TNS(ns)  TNS Failing Endpoints  TNS Total Endpoints      WHS(ns)      THS(ns)  THS Failing Endpoints  THS Total Endpoints     WPWS(ns)     TPWS(ns)  TPWS Failing Endpoints  TPWS Total Endpoints  
-----             -------      -------  ---------------------  -------------------      -------      -------  ---------------------  -------------------     --------     --------  ----------------------  --------------------  
sys_clk_pin        -0.332       -6.006                     76                 3627        0.049        0.000                      0                 3627        3.500        0.000                       0                  1817  


------------------------------------------------------------------------------------------------
| Inter Clock Table
| -----------------
------------------------------------------------------------------------------------------------

From Clock    To Clock          WNS(ns)      TNS(ns)  TNS Failing Endpoints  TNS Total Endpoints      WHS(ns)      THS(ns)  THS Failing Endpoints  THS Total Endpoints  
----------    --------          -------      -------  ---------------------  -------------------      -------      -------  ---------------------  -------------------  


------------------------------------------------------------------------------------------------
| Other Path Groups Table
| -----------------------
------------------------------------------------------------------------------------------------

Path Group    From Clock    To Clock          WNS(ns)      TNS(ns)  TNS Failing Endpoints  TNS Total Endpoints      WHS(ns)      THS(ns)  THS Failing Endpoints  THS Total Endpoints  
----------    ----------    --------          -------      -------  ---------------------  -------------------      -------      -------  ---------------------  -------------------  


------------------------------------------------------------------------------------------------
| User Ignored Path Table
| -----------------------
------------------------------------------------------------------------------------------------

Path Group    From Clock    To Clock    
----------    ----------    --------    


------------------------------------------------------------------------------------------------
| Unconstrained Path Table
| ------------------------
------------------------------------------------------------------------------------------------

Path Group    From Clock    To Clock    
----------    ----------    --------    
(none)                                    
(none)        sys_clk_pin                 
(none)                      sys_clk_pin   


------------------------------------------------------------------------------------------------
| Timing Details
| --------------
------------------------------------------------------------------------------------------------


---------------------------------------------------------------------------------------------------
From Clock:  sys_clk_pin
  To Clock:  sys_clk_pin

Setup :           76  Failing Endpoints,  Worst Slack       -0.332ns,  Total Violation       -6.006ns
Hold  :            0  Failing Endpoints,  Worst Slack        0.049ns,  Total Violation        0.000ns
PW    :            0  Failing Endpoints,  Worst Slack        3.500ns,  Total Violation        0.000ns
---------------------------------------------------------------------------------------------------


Max Delay Paths
--------------------------------------------------------------------------------------
Slack (VIOLATED) :        -0.332ns  (required time - arrival time)
  Source:                 processor/PFC_inst/RETURNstatus_reg/C
                            (rising edge-triggered cell FDRE clocked by sys_clk_pin  {rise@0.000ns fall@4.000ns period=8.000ns})
  Destination:            processor/PFC_inst/programflowcontrol.programcounter_reg[3]/D
                            (falling edge-triggered cell FDRE clocked by sys_clk_pin  {rise@0.000ns fall@4.000ns period=8.000ns})
  Path Group:             sys_clk_pin
  Path Type:              Setup (Max at Slow Process Corner)
  Requirement:            4.000ns  (sys_clk_pin fall@4.000ns - sys_clk_pin rise@0.000ns)
  Data Path Delay:        4.307ns  (logic 1.014ns (23.541%)  route 3.293ns (76.459%))
  Logic Levels:           4  (LUT5=1 LUT6=3)
  Clock Path Skew:        -0.023ns (DCD - SCD + CPR)
    Destination Clock Delay (DCD):    5.249ns = ( 9.249 - 4.000 ) 
    Source Clock Delay      (SCD):    5.730ns
    Clock Pessimism Removal (CPR):    0.458ns
  Clock Uncertainty:      0.035ns  ((TSJ^2 + TIJ^2)^1/2 + DJ) / 2 + PE
    Total System Jitter     (TSJ):    0.071ns
    Total Input Jitter      (TIJ):    0.000ns
    Discrete Jitter          (DJ):    0.000ns
    Phase Error              (PE):    0.000ns

    Location             Delay type                Incr(ns)  Path(ns)    Netlist Resource(s)
  -------------------------------------------------------------------    -------------------
                         (clock sys_clk_pin rise edge)
                                                      0.000     0.000 r  
    H16                                               0.000     0.000 r  clk (IN)
                         net (fo=0)                   0.000     0.000    clk
    H16                  IBUF (Prop_ibuf_I_O)         1.451     1.451 r  clk_IBUF_inst/O
                         net (fo=1, routed)           2.522     3.973    test_clk_OBUF
    BUFGCTRL_X0Y16       BUFG (Prop_bufg_I_O)         0.101     4.074 r  test_clk_OBUF_BUFG_inst/O
                         net (fo=1817, routed)        1.656     5.730    processor/PFC_inst/test_clk_OBUF_BUFG
    SLICE_X36Y20         FDRE                                         r  processor/PFC_inst/RETURNstatus_reg/C
  -------------------------------------------------------------------    -------------------
    SLICE_X36Y20         FDRE (Prop_fdre_C_Q)         0.518     6.248 r  processor/PFC_inst/RETURNstatus_reg/Q
                         net (fo=52, routed)          0.832     7.080    processor/PFC_inst/RETURNstatus_reg_n_0
    SLICE_X37Y22         LUT6 (Prop_lut6_I2_O)        0.124     7.204 r  processor/PFC_inst/programflowcontrol.programcounter[11]_i_38/O
                         net (fo=12, routed)          0.951     8.155    processor/PFC_inst/programflowcontrol.programcounter[11]_i_38_n_0
    SLICE_X42Y23         LUT6 (Prop_lut6_I0_O)        0.124     8.279 r  processor/PFC_inst/programflowcontrol.programcounter[3]_i_11/O
                         net (fo=1, routed)           0.788     9.067    processor/PFC_inst/programflowcontrol.programcounter[3]_i_11_n_0
    SLICE_X41Y20         LUT6 (Prop_lut6_I2_O)        0.124     9.191 r  processor/PFC_inst/programflowcontrol.programcounter[3]_i_6/O
                         net (fo=1, routed)           0.722     9.913    processor/PFC_inst/programflowcontrol.programcounter[3]_i_6_n_0
    SLICE_X37Y19         LUT5 (Prop_lut5_I4_O)        0.124    10.037 r  processor/PFC_inst/programflowcontrol.programcounter[3]_i_1/O
                         net (fo=1, routed)           0.000    10.037    processor/PFC_inst/programflowcontrol.programcounter[3]_i_1_n_0
    SLICE_X37Y19         FDRE                                         r  processor/PFC_inst/programflowcontrol.programcounter_reg[3]/D
  -------------------------------------------------------------------    -------------------

                         (clock sys_clk_pin fall edge)
                                                      4.000     4.000 f  
    H16                                               0.000     4.000 f  clk (IN)
                         net (fo=0)                   0.000     4.000    clk
    H16                  IBUF (Prop_ibuf_I_O)         1.380     5.380 f  clk_IBUF_inst/O
                         net (fo=1, routed)           2.293     7.673    test_clk_OBUF
    BUFGCTRL_X0Y16       BUFG (Prop_bufg_I_O)         0.091     7.764 f  test_clk_OBUF_BUFG_inst/O
                         net (fo=1817, routed)        1.484     9.249    processor/PFC_inst/test_clk_OBUF_BUFG
    SLICE_X37Y19         FDRE                                         r  processor/PFC_inst/programflowcontrol.programcounter_reg[3]/C  (IS_INVERTED)
                         clock pessimism              0.458     9.707    
                         clock uncertainty           -0.035     9.671    
    SLICE_X37Y19         FDRE (Setup_fdre_C_D)        0.034     9.705    processor/PFC_inst/programflowcontrol.programcounter_reg[3]
  -------------------------------------------------------------------
                         required time                          9.705    
                         arrival time                         -10.037    
  -------------------------------------------------------------------
                         slack                                 -0.332    

Slack (VIOLATED) :        -0.324ns  (required time - arrival time)
  Source:                 processor/PFC_inst/Sel_Addr_reg/C
                            (rising edge-triggered cell FDRE clocked by sys_clk_pin  {rise@0.000ns fall@4.000ns period=8.000ns})
  Destination:            processor/DataMemory_inst/Tarolo_reg[42][10]/CE
                            (falling edge-triggered cell FDRE clocked by sys_clk_pin  {rise@0.000ns fall@4.000ns period=8.000ns})
  Path Group:             sys_clk_pin
  Path Type:              Setup (Max at Slow Process Corner)
  Requirement:            4.000ns  (sys_clk_pin fall@4.000ns - sys_clk_pin rise@0.000ns)
  Data Path Delay:        3.742ns  (logic 0.918ns (24.535%)  route 2.824ns (75.465%))
  Logic Levels:           3  (LUT3=1 LUT5=1 LUT6=1)
  Clock Path Skew:        -0.143ns (DCD - SCD + CPR)
    Destination Clock Delay (DCD):    5.290ns = ( 9.290 - 4.000 ) 
    Source Clock Delay      (SCD):    5.743ns
    Clock Pessimism Removal (CPR):    0.309ns
  Clock Uncertainty:      0.035ns  ((TSJ^2 + TIJ^2)^1/2 + DJ) / 2 + PE
    Total System Jitter     (TSJ):    0.071ns
    Total Input Jitter      (TIJ):    0.000ns
    Discrete Jitter          (DJ):    0.000ns
    Phase Error              (PE):    0.000ns

    Location             Delay type                Incr(ns)  Path(ns)    Netlist Resource(s)
  -------------------------------------------------------------------    -------------------
                         (clock sys_clk_pin rise edge)
                                                      0.000     0.000 r  
    H16                                               0.000     0.000 r  clk (IN)
                         net (fo=0)                   0.000     0.000    clk
    H16                  IBUF (Prop_ibuf_I_O)         1.451     1.451 r  clk_IBUF_inst/O
                         net (fo=1, routed)           2.522     3.973    test_clk_OBUF
    BUFGCTRL_X0Y16       BUFG (Prop_bufg_I_O)         0.101     4.074 r  test_clk_OBUF_BUFG_inst/O
                         net (fo=1817, routed)        1.669     5.743    processor/PFC_inst/test_clk_OBUF_BUFG
    SLICE_X32Y43         FDRE                                         r  processor/PFC_inst/Sel_Addr_reg/C
  -------------------------------------------------------------------    -------------------
    SLICE_X32Y43         FDRE (Prop_fdre_C_Q)         0.518     6.261 r  processor/PFC_inst/Sel_Addr_reg/Q
                         net (fo=18, routed)          0.519     6.780    processor/RegisterBlock_inst/Sel_Addr
    SLICE_X33Y45         LUT3 (Prop_lut3_I1_O)        0.124     6.904 f  processor/RegisterBlock_inst/Tarolo[19][15]_i_3/O
                         net (fo=109, routed)         0.824     7.728    processor/PFC_inst/Tarolo_reg[43][15]
    SLICE_X31Y46         LUT6 (Prop_lut6_I5_O)        0.124     7.852 r  processor/PFC_inst/Tarolo[32][15]_i_2/O
                         net (fo=6, routed)           0.841     8.693    processor/RegisterBlock_inst/Tarolo_reg[43][15]
    SLICE_X31Y48         LUT5 (Prop_lut5_I0_O)        0.152     8.845 r  processor/RegisterBlock_inst/Tarolo[42][15]_i_1/O
                         net (fo=16, routed)          0.639     9.484    processor/DataMemory_inst/Tarolo[42]_132
    SLICE_X31Y50         FDRE                                         r  processor/DataMemory_inst/Tarolo_reg[42][10]/CE
  -------------------------------------------------------------------    -------------------

                         (clock sys_clk_pin fall edge)
                                                      4.000     4.000 f  
    H16                                               0.000     4.000 f  clk (IN)
                         net (fo=0)                   0.000     4.000    clk
    H16                  IBUF (Prop_ibuf_I_O)         1.380     5.380 f  clk_IBUF_inst/O
                         net (fo=1, routed)           2.293     7.673    test_clk_OBUF
    BUFGCTRL_X0Y16       BUFG (Prop_bufg_I_O)         0.091     7.764 f  test_clk_OBUF_BUFG_inst/O
                         net (fo=1817, routed)        1.526     9.290    processor/DataMemory_inst/test_clk_OBUF_BUFG
    SLICE_X31Y50         FDRE                                         r  processor/DataMemory_inst/Tarolo_reg[42][10]/C  (IS_INVERTED)
                         clock pessimism              0.309     9.599    
                         clock uncertainty           -0.035     9.564    
    SLICE_X31Y50         FDRE (Setup_fdre_C_CE)      -0.404     9.160    processor/DataMemory_inst/Tarolo_reg[42][10]
  -------------------------------------------------------------------
                         required time                          9.160    
                         arrival time                          -9.484    
  -------------------------------------------------------------------
                         slack                                 -0.324    

Slack (VIOLATED) :        -0.324ns  (required time - arrival time)
  Source:                 processor/PFC_inst/Sel_Addr_reg/C
                            (rising edge-triggered cell FDRE clocked by sys_clk_pin  {rise@0.000ns fall@4.000ns period=8.000ns})
  Destination:            processor/DataMemory_inst/Tarolo_reg[42][13]/CE
                            (falling edge-triggered cell FDRE clocked by sys_clk_pin  {rise@0.000ns fall@4.000ns period=8.000ns})
  Path Group:             sys_clk_pin
  Path Type:              Setup (Max at Slow Process Corner)
  Requirement:            4.000ns  (sys_clk_pin fall@4.000ns - sys_clk_pin rise@0.000ns)
  Data Path Delay:        3.742ns  (logic 0.918ns (24.535%)  route 2.824ns (75.465%))
  Logic Levels:           3  (LUT3=1 LUT5=1 LUT6=1)
  Clock Path Skew:        -0.143ns (DCD - SCD + CPR)
    Destination Clock Delay (DCD):    5.290ns = ( 9.290 - 4.000 ) 
    Source Clock Delay      (SCD):    5.743ns
    Clock Pessimism Removal (CPR):    0.309ns
  Clock Uncertainty:      0.035ns  ((TSJ^2 + TIJ^2)^1/2 + DJ) / 2 + PE
    Total System Jitter     (TSJ):    0.071ns
    Total Input Jitter      (TIJ):    0.000ns
    Discrete Jitter          (DJ):    0.000ns
    Phase Error              (PE):    0.000ns

    Location             Delay type                Incr(ns)  Path(ns)    Netlist Resource(s)
  -------------------------------------------------------------------    -------------------
                         (clock sys_clk_pin rise edge)
                                                      0.000     0.000 r  
    H16                                               0.000     0.000 r  clk (IN)
                         net (fo=0)                   0.000     0.000    clk
    H16                  IBUF (Prop_ibuf_I_O)         1.451     1.451 r  clk_IBUF_inst/O
                         net (fo=1, routed)           2.522     3.973    test_clk_OBUF
    BUFGCTRL_X0Y16       BUFG (Prop_bufg_I_O)         0.101     4.074 r  test_clk_OBUF_BUFG_inst/O
                         net (fo=1817, routed)        1.669     5.743    processor/PFC_inst/test_clk_OBUF_BUFG
    SLICE_X32Y43         FDRE                                         r  processor/PFC_inst/Sel_Addr_reg/C
  -------------------------------------------------------------------    -------------------
    SLICE_X32Y43         FDRE (Prop_fdre_C_Q)         0.518     6.261 r  processor/PFC_inst/Sel_Addr_reg/Q
                         net (fo=18, routed)          0.519     6.780    processor/RegisterBlock_inst/Sel_Addr
    SLICE_X33Y45         LUT3 (Prop_lut3_I1_O)        0.124     6.904 f  processor/RegisterBlock_inst/Tarolo[19][15]_i_3/O
                         net (fo=109, routed)         0.824     7.728    processor/PFC_inst/Tarolo_reg[43][15]
    SLICE_X31Y46         LUT6 (Prop_lut6_I5_O)        0.124     7.852 r  processor/PFC_inst/Tarolo[32][15]_i_2/O
                         net (fo=6, routed)           0.841     8.693    processor/RegisterBlock_inst/Tarolo_reg[43][15]
    SLICE_X31Y48         LUT5 (Prop_lut5_I0_O)        0.152     8.845 r  processor/RegisterBlock_inst/Tarolo[42][15]_i_1/O
                         net (fo=16, routed)          0.639     9.484    processor/DataMemory_inst/Tarolo[42]_132
    SLICE_X31Y50         FDRE                                         r  processor/DataMemory_inst/Tarolo_reg[42][13]/CE
  -------------------------------------------------------------------    -------------------

                         (clock sys_clk_pin fall edge)
                                                      4.000     4.000 f  
    H16                                               0.000     4.000 f  clk (IN)
                         net (fo=0)                   0.000     4.000    clk
    H16                  IBUF (Prop_ibuf_I_O)         1.380     5.380 f  clk_IBUF_inst/O
                         net (fo=1, routed)           2.293     7.673    test_clk_OBUF
    BUFGCTRL_X0Y16       BUFG (Prop_bufg_I_O)         0.091     7.764 f  test_clk_OBUF_BUFG_inst/O
                         net (fo=1817, routed)        1.526     9.290    processor/DataMemory_inst/test_clk_OBUF_BUFG
    SLICE_X31Y50         FDRE                                         r  processor/DataMemory_inst/Tarolo_reg[42][13]/C  (IS_INVERTED)
                         clock pessimism              0.309     9.599    
                         clock uncertainty           -0.035     9.564    
    SLICE_X31Y50         FDRE (Setup_fdre_C_CE)      -0.404     9.160    processor/DataMemory_inst/Tarolo_reg[42][13]
  -------------------------------------------------------------------
                         required time                          9.160    
                         arrival time                          -9.484    
  -------------------------------------------------------------------
                         slack                                 -0.324    

Slack (VIOLATED) :        -0.324ns  (required time - arrival time)
  Source:                 processor/PFC_inst/Sel_Addr_reg/C
                            (rising edge-triggered cell FDRE clocked by sys_clk_pin  {rise@0.000ns fall@4.000ns period=8.000ns})
  Destination:            processor/DataMemory_inst/Tarolo_reg[42][8]/CE
                            (falling edge-triggered cell FDRE clocked by sys_clk_pin  {rise@0.000ns fall@4.000ns period=8.000ns})
  Path Group:             sys_clk_pin
  Path Type:              Setup (Max at Slow Process Corner)
  Requirement:            4.000ns  (sys_clk_pin fall@4.000ns - sys_clk_pin rise@0.000ns)
  Data Path Delay:        3.742ns  (logic 0.918ns (24.535%)  route 2.824ns (75.465%))
  Logic Levels:           3  (LUT3=1 LUT5=1 LUT6=1)
  Clock Path Skew:        -0.143ns (DCD - SCD + CPR)
    Destination Clock Delay (DCD):    5.290ns = ( 9.290 - 4.000 ) 
    Source Clock Delay      (SCD):    5.743ns
    Clock Pessimism Removal (CPR):    0.309ns
  Clock Uncertainty:      0.035ns  ((TSJ^2 + TIJ^2)^1/2 + DJ) / 2 + PE
    Total System Jitter     (TSJ):    0.071ns
    Total Input Jitter      (TIJ):    0.000ns
    Discrete Jitter          (DJ):    0.000ns
    Phase Error              (PE):    0.000ns

    Location             Delay type                Incr(ns)  Path(ns)    Netlist Resource(s)
  -------------------------------------------------------------------    -------------------
                         (clock sys_clk_pin rise edge)
                                                      0.000     0.000 r  
    H16                                               0.000     0.000 r  clk (IN)
                         net (fo=0)                   0.000     0.000    clk
    H16                  IBUF (Prop_ibuf_I_O)         1.451     1.451 r  clk_IBUF_inst/O
                         net (fo=1, routed)           2.522     3.973    test_clk_OBUF
    BUFGCTRL_X0Y16       BUFG (Prop_bufg_I_O)         0.101     4.074 r  test_clk_OBUF_BUFG_inst/O
                         net (fo=1817, routed)        1.669     5.743    processor/PFC_inst/test_clk_OBUF_BUFG
    SLICE_X32Y43         FDRE                                         r  processor/PFC_inst/Sel_Addr_reg/C
  -------------------------------------------------------------------    -------------------
    SLICE_X32Y43         FDRE (Prop_fdre_C_Q)         0.518     6.261 r  processor/PFC_inst/Sel_Addr_reg/Q
                         net (fo=18, routed)          0.519     6.780    processor/RegisterBlock_inst/Sel_Addr
    SLICE_X33Y45         LUT3 (Prop_lut3_I1_O)        0.124     6.904 f  processor/RegisterBlock_inst/Tarolo[19][15]_i_3/O
                         net (fo=109, routed)         0.824     7.728    processor/PFC_inst/Tarolo_reg[43][15]
    SLICE_X31Y46         LUT6 (Prop_lut6_I5_O)        0.124     7.852 r  processor/PFC_inst/Tarolo[32][15]_i_2/O
                         net (fo=6, routed)           0.841     8.693    processor/RegisterBlock_inst/Tarolo_reg[43][15]
    SLICE_X31Y48         LUT5 (Prop_lut5_I0_O)        0.152     8.845 r  processor/RegisterBlock_inst/Tarolo[42][15]_i_1/O
                         net (fo=16, routed)          0.639     9.484    processor/DataMemory_inst/Tarolo[42]_132
    SLICE_X31Y50         FDRE                                         r  processor/DataMemory_inst/Tarolo_reg[42][8]/CE
  -------------------------------------------------------------------    -------------------

                         (clock sys_clk_pin fall edge)
                                                      4.000     4.000 f  
    H16                                               0.000     4.000 f  clk (IN)
                         net (fo=0)                   0.000     4.000    clk
    H16                  IBUF (Prop_ibuf_I_O)         1.380     5.380 f  clk_IBUF_inst/O
                         net (fo=1, routed)           2.293     7.673    test_clk_OBUF
    BUFGCTRL_X0Y16       BUFG (Prop_bufg_I_O)         0.091     7.764 f  test_clk_OBUF_BUFG_inst/O
                         net (fo=1817, routed)        1.526     9.290    processor/DataMemory_inst/test_clk_OBUF_BUFG
    SLICE_X31Y50         FDRE                                         r  processor/DataMemory_inst/Tarolo_reg[42][8]/C  (IS_INVERTED)
                         clock pessimism              0.309     9.599    
                         clock uncertainty           -0.035     9.564    
    SLICE_X31Y50         FDRE (Setup_fdre_C_CE)      -0.404     9.160    processor/DataMemory_inst/Tarolo_reg[42][8]
  -------------------------------------------------------------------
                         required time                          9.160    
                         arrival time                          -9.484    
  -------------------------------------------------------------------
                         slack                                 -0.324    

Slack (VIOLATED) :        -0.282ns  (required time - arrival time)
  Source:                 processor/PFC_inst/Sel_Addr_reg/C
                            (rising edge-triggered cell FDRE clocked by sys_clk_pin  {rise@0.000ns fall@4.000ns period=8.000ns})
  Destination:            processor/DataMemory_inst/Tarolo_reg[42][14]/CE
                            (falling edge-triggered cell FDRE clocked by sys_clk_pin  {rise@0.000ns fall@4.000ns period=8.000ns})
  Path Group:             sys_clk_pin
  Path Type:              Setup (Max at Slow Process Corner)
  Requirement:            4.000ns  (sys_clk_pin fall@4.000ns - sys_clk_pin rise@0.000ns)
  Data Path Delay:        3.738ns  (logic 0.918ns (24.560%)  route 2.820ns (75.440%))
  Logic Levels:           3  (LUT3=1 LUT5=1 LUT6=1)
  Clock Path Skew:        -0.143ns (DCD - SCD + CPR)
    Destination Clock Delay (DCD):    5.290ns = ( 9.290 - 4.000 ) 
    Source Clock Delay      (SCD):    5.743ns
    Clock Pessimism Removal (CPR):    0.309ns
  Clock Uncertainty:      0.035ns  ((TSJ^2 + TIJ^2)^1/2 + DJ) / 2 + PE
    Total System Jitter     (TSJ):    0.071ns
    Total Input Jitter      (TIJ):    0.000ns
    Discrete Jitter          (DJ):    0.000ns
    Phase Error              (PE):    0.000ns

    Location             Delay type                Incr(ns)  Path(ns)    Netlist Resource(s)
  -------------------------------------------------------------------    -------------------
                         (clock sys_clk_pin rise edge)
                                                      0.000     0.000 r  
    H16                                               0.000     0.000 r  clk (IN)
                         net (fo=0)                   0.000     0.000    clk
    H16                  IBUF (Prop_ibuf_I_O)         1.451     1.451 r  clk_IBUF_inst/O
                         net (fo=1, routed)           2.522     3.973    test_clk_OBUF
    BUFGCTRL_X0Y16       BUFG (Prop_bufg_I_O)         0.101     4.074 r  test_clk_OBUF_BUFG_inst/O
                         net (fo=1817, routed)        1.669     5.743    processor/PFC_inst/test_clk_OBUF_BUFG
    SLICE_X32Y43         FDRE                                         r  processor/PFC_inst/Sel_Addr_reg/C
  -------------------------------------------------------------------    -------------------
    SLICE_X32Y43         FDRE (Prop_fdre_C_Q)         0.518     6.261 r  processor/PFC_inst/Sel_Addr_reg/Q
                         net (fo=18, routed)          0.519     6.780    processor/RegisterBlock_inst/Sel_Addr
    SLICE_X33Y45         LUT3 (Prop_lut3_I1_O)        0.124     6.904 f  processor/RegisterBlock_inst/Tarolo[19][15]_i_3/O
                         net (fo=109, routed)         0.824     7.728    processor/PFC_inst/Tarolo_reg[43][15]
    SLICE_X31Y46         LUT6 (Prop_lut6_I5_O)        0.124     7.852 r  processor/PFC_inst/Tarolo[32][15]_i_2/O
                         net (fo=6, routed)           0.841     8.693    processor/RegisterBlock_inst/Tarolo_reg[43][15]
    SLICE_X31Y48         LUT5 (Prop_lut5_I0_O)        0.152     8.845 r  processor/RegisterBlock_inst/Tarolo[42][15]_i_1/O
                         net (fo=16, routed)          0.636     9.480    processor/DataMemory_inst/Tarolo[42]_132
    SLICE_X30Y52         FDRE                                         r  processor/DataMemory_inst/Tarolo_reg[42][14]/CE
  -------------------------------------------------------------------    -------------------

                         (clock sys_clk_pin fall edge)
                                                      4.000     4.000 f  
    H16                                               0.000     4.000 f  clk (IN)
                         net (fo=0)                   0.000     4.000    clk
    H16                  IBUF (Prop_ibuf_I_O)         1.380     5.380 f  clk_IBUF_inst/O
                         net (fo=1, routed)           2.293     7.673    test_clk_OBUF
    BUFGCTRL_X0Y16       BUFG (Prop_bufg_I_O)         0.091     7.764 f  test_clk_OBUF_BUFG_inst/O
                         net (fo=1817, routed)        1.526     9.290    processor/DataMemory_inst/test_clk_OBUF_BUFG
    SLICE_X30Y52         FDRE                                         r  processor/DataMemory_inst/Tarolo_reg[42][14]/C  (IS_INVERTED)
                         clock pessimism              0.309     9.599    
                         clock uncertainty           -0.035     9.564    
    SLICE_X30Y52         FDRE (Setup_fdre_C_CE)      -0.366     9.198    processor/DataMemory_inst/Tarolo_reg[42][14]
  -------------------------------------------------------------------
                         required time                          9.198    
                         arrival time                          -9.480    
  -------------------------------------------------------------------
                         slack                                 -0.282    

Slack (VIOLATED) :        -0.282ns  (required time - arrival time)
  Source:                 processor/PFC_inst/Sel_Addr_reg/C
                            (rising edge-triggered cell FDRE clocked by sys_clk_pin  {rise@0.000ns fall@4.000ns period=8.000ns})
  Destination:            processor/DataMemory_inst/Tarolo_reg[42][2]/CE
                            (falling edge-triggered cell FDRE clocked by sys_clk_pin  {rise@0.000ns fall@4.000ns period=8.000ns})
  Path Group:             sys_clk_pin
  Path Type:              Setup (Max at Slow Process Corner)
  Requirement:            4.000ns  (sys_clk_pin fall@4.000ns - sys_clk_pin rise@0.000ns)
  Data Path Delay:        3.738ns  (logic 0.918ns (24.560%)  route 2.820ns (75.440%))
  Logic Levels:           3  (LUT3=1 LUT5=1 LUT6=1)
  Clock Path Skew:        -0.143ns (DCD - SCD + CPR)
    Destination Clock Delay (DCD):    5.290ns = ( 9.290 - 4.000 ) 
    Source Clock Delay      (SCD):    5.743ns
    Clock Pessimism Removal (CPR):    0.309ns
  Clock Uncertainty:      0.035ns  ((TSJ^2 + TIJ^2)^1/2 + DJ) / 2 + PE
    Total System Jitter     (TSJ):    0.071ns
    Total Input Jitter      (TIJ):    0.000ns
    Discrete Jitter          (DJ):    0.000ns
    Phase Error              (PE):    0.000ns

    Location             Delay type                Incr(ns)  Path(ns)    Netlist Resource(s)
  -------------------------------------------------------------------    -------------------
                         (clock sys_clk_pin rise edge)
                                                      0.000     0.000 r  
    H16                                               0.000     0.000 r  clk (IN)
                         net (fo=0)                   0.000     0.000    clk
    H16                  IBUF (Prop_ibuf_I_O)         1.451     1.451 r  clk_IBUF_inst/O
                         net (fo=1, routed)           2.522     3.973    test_clk_OBUF
    BUFGCTRL_X0Y16       BUFG (Prop_bufg_I_O)         0.101     4.074 r  test_clk_OBUF_BUFG_inst/O
                         net (fo=1817, routed)        1.669     5.743    processor/PFC_inst/test_clk_OBUF_BUFG
    SLICE_X32Y43         FDRE                                         r  processor/PFC_inst/Sel_Addr_reg/C
  -------------------------------------------------------------------    -------------------
    SLICE_X32Y43         FDRE (Prop_fdre_C_Q)         0.518     6.261 r  processor/PFC_inst/Sel_Addr_reg/Q
                         net (fo=18, routed)          0.519     6.780    processor/RegisterBlock_inst/Sel_Addr
    SLICE_X33Y45         LUT3 (Prop_lut3_I1_O)        0.124     6.904 f  processor/RegisterBlock_inst/Tarolo[19][15]_i_3/O
                         net (fo=109, routed)         0.824     7.728    processor/PFC_inst/Tarolo_reg[43][15]
    SLICE_X31Y46         LUT6 (Prop_lut6_I5_O)        0.124     7.852 r  processor/PFC_inst/Tarolo[32][15]_i_2/O
                         net (fo=6, routed)           0.841     8.693    processor/RegisterBlock_inst/Tarolo_reg[43][15]
    SLICE_X31Y48         LUT5 (Prop_lut5_I0_O)        0.152     8.845 r  processor/RegisterBlock_inst/Tarolo[42][15]_i_1/O
                         net (fo=16, routed)          0.636     9.480    processor/DataMemory_inst/Tarolo[42]_132
    SLICE_X30Y52         FDRE                                         r  processor/DataMemory_inst/Tarolo_reg[42][2]/CE
  -------------------------------------------------------------------    -------------------

                         (clock sys_clk_pin fall edge)
                                                      4.000     4.000 f  
    H16                                               0.000     4.000 f  clk (IN)
                         net (fo=0)                   0.000     4.000    clk
    H16                  IBUF (Prop_ibuf_I_O)         1.380     5.380 f  clk_IBUF_inst/O
                         net (fo=1, routed)           2.293     7.673    test_clk_OBUF
    BUFGCTRL_X0Y16       BUFG (Prop_bufg_I_O)         0.091     7.764 f  test_clk_OBUF_BUFG_inst/O
                         net (fo=1817, routed)        1.526     9.290    processor/DataMemory_inst/test_clk_OBUF_BUFG
    SLICE_X30Y52         FDRE                                         r  processor/DataMemory_inst/Tarolo_reg[42][2]/C  (IS_INVERTED)
                         clock pessimism              0.309     9.599    
                         clock uncertainty           -0.035     9.564    
    SLICE_X30Y52         FDRE (Setup_fdre_C_CE)      -0.366     9.198    processor/DataMemory_inst/Tarolo_reg[42][2]
  -------------------------------------------------------------------
                         required time                          9.198    
                         arrival time                          -9.480    
  -------------------------------------------------------------------
                         slack                                 -0.282    

Slack (VIOLATED) :        -0.282ns  (required time - arrival time)
  Source:                 processor/PFC_inst/Sel_Addr_reg/C
                            (rising edge-triggered cell FDRE clocked by sys_clk_pin  {rise@0.000ns fall@4.000ns period=8.000ns})
  Destination:            processor/DataMemory_inst/Tarolo_reg[42][5]/CE
                            (falling edge-triggered cell FDRE clocked by sys_clk_pin  {rise@0.000ns fall@4.000ns period=8.000ns})
  Path Group:             sys_clk_pin
  Path Type:              Setup (Max at Slow Process Corner)
  Requirement:            4.000ns  (sys_clk_pin fall@4.000ns - sys_clk_pin rise@0.000ns)
  Data Path Delay:        3.738ns  (logic 0.918ns (24.560%)  route 2.820ns (75.440%))
  Logic Levels:           3  (LUT3=1 LUT5=1 LUT6=1)
  Clock Path Skew:        -0.143ns (DCD - SCD + CPR)
    Destination Clock Delay (DCD):    5.290ns = ( 9.290 - 4.000 ) 
    Source Clock Delay      (SCD):    5.743ns
    Clock Pessimism Removal (CPR):    0.309ns
  Clock Uncertainty:      0.035ns  ((TSJ^2 + TIJ^2)^1/2 + DJ) / 2 + PE
    Total System Jitter     (TSJ):    0.071ns
    Total Input Jitter      (TIJ):    0.000ns
    Discrete Jitter          (DJ):    0.000ns
    Phase Error              (PE):    0.000ns

    Location             Delay type                Incr(ns)  Path(ns)    Netlist Resource(s)
  -------------------------------------------------------------------    -------------------
                         (clock sys_clk_pin rise edge)
                                                      0.000     0.000 r  
    H16                                               0.000     0.000 r  clk (IN)
                         net (fo=0)                   0.000     0.000    clk
    H16                  IBUF (Prop_ibuf_I_O)         1.451     1.451 r  clk_IBUF_inst/O
                         net (fo=1, routed)           2.522     3.973    test_clk_OBUF
    BUFGCTRL_X0Y16       BUFG (Prop_bufg_I_O)         0.101     4.074 r  test_clk_OBUF_BUFG_inst/O
                         net (fo=1817, routed)        1.669     5.743    processor/PFC_inst/test_clk_OBUF_BUFG
    SLICE_X32Y43         FDRE                                         r  processor/PFC_inst/Sel_Addr_reg/C
  -------------------------------------------------------------------    -------------------
    SLICE_X32Y43         FDRE (Prop_fdre_C_Q)         0.518     6.261 r  processor/PFC_inst/Sel_Addr_reg/Q
                         net (fo=18, routed)          0.519     6.780    processor/RegisterBlock_inst/Sel_Addr
    SLICE_X33Y45         LUT3 (Prop_lut3_I1_O)        0.124     6.904 f  processor/RegisterBlock_inst/Tarolo[19][15]_i_3/O
                         net (fo=109, routed)         0.824     7.728    processor/PFC_inst/Tarolo_reg[43][15]
    SLICE_X31Y46         LUT6 (Prop_lut6_I5_O)        0.124     7.852 r  processor/PFC_inst/Tarolo[32][15]_i_2/O
                         net (fo=6, routed)           0.841     8.693    processor/RegisterBlock_inst/Tarolo_reg[43][15]
    SLICE_X31Y48         LUT5 (Prop_lut5_I0_O)        0.152     8.845 r  processor/RegisterBlock_inst/Tarolo[42][15]_i_1/O
                         net (fo=16, routed)          0.636     9.480    processor/DataMemory_inst/Tarolo[42]_132
    SLICE_X30Y52         FDRE                                         r  processor/DataMemory_inst/Tarolo_reg[42][5]/CE
  -------------------------------------------------------------------    -------------------

                         (clock sys_clk_pin fall edge)
                                                      4.000     4.000 f  
    H16                                               0.000     4.000 f  clk (IN)
                         net (fo=0)                   0.000     4.000    clk
    H16                  IBUF (Prop_ibuf_I_O)         1.380     5.380 f  clk_IBUF_inst/O
                         net (fo=1, routed)           2.293     7.673    test_clk_OBUF
    BUFGCTRL_X0Y16       BUFG (Prop_bufg_I_O)         0.091     7.764 f  test_clk_OBUF_BUFG_inst/O
                         net (fo=1817, routed)        1.526     9.290    processor/DataMemory_inst/test_clk_OBUF_BUFG
    SLICE_X30Y52         FDRE                                         r  processor/DataMemory_inst/Tarolo_reg[42][5]/C  (IS_INVERTED)
                         clock pessimism              0.309     9.599    
                         clock uncertainty           -0.035     9.564    
    SLICE_X30Y52         FDRE (Setup_fdre_C_CE)      -0.366     9.198    processor/DataMemory_inst/Tarolo_reg[42][5]
  -------------------------------------------------------------------
                         required time                          9.198    
                         arrival time                          -9.480    
  -------------------------------------------------------------------
                         slack                                 -0.282    

Slack (VIOLATED) :        -0.282ns  (required time - arrival time)
  Source:                 processor/PFC_inst/Sel_Addr_reg/C
                            (rising edge-triggered cell FDRE clocked by sys_clk_pin  {rise@0.000ns fall@4.000ns period=8.000ns})
  Destination:            processor/DataMemory_inst/Tarolo_reg[42][9]/CE
                            (falling edge-triggered cell FDRE clocked by sys_clk_pin  {rise@0.000ns fall@4.000ns period=8.000ns})
  Path Group:             sys_clk_pin
  Path Type:              Setup (Max at Slow Process Corner)
  Requirement:            4.000ns  (sys_clk_pin fall@4.000ns - sys_clk_pin rise@0.000ns)
  Data Path Delay:        3.738ns  (logic 0.918ns (24.560%)  route 2.820ns (75.440%))
  Logic Levels:           3  (LUT3=1 LUT5=1 LUT6=1)
  Clock Path Skew:        -0.143ns (DCD - SCD + CPR)
    Destination Clock Delay (DCD):    5.290ns = ( 9.290 - 4.000 ) 
    Source Clock Delay      (SCD):    5.743ns
    Clock Pessimism Removal (CPR):    0.309ns
  Clock Uncertainty:      0.035ns  ((TSJ^2 + TIJ^2)^1/2 + DJ) / 2 + PE
    Total System Jitter     (TSJ):    0.071ns
    Total Input Jitter      (TIJ):    0.000ns
    Discrete Jitter          (DJ):    0.000ns
    Phase Error              (PE):    0.000ns

    Location             Delay type                Incr(ns)  Path(ns)    Netlist Resource(s)
  -------------------------------------------------------------------    -------------------
                         (clock sys_clk_pin rise edge)
                                                      0.000     0.000 r  
    H16                                               0.000     0.000 r  clk (IN)
                         net (fo=0)                   0.000     0.000    clk
    H16                  IBUF (Prop_ibuf_I_O)         1.451     1.451 r  clk_IBUF_inst/O
                         net (fo=1, routed)           2.522     3.973    test_clk_OBUF
    BUFGCTRL_X0Y16       BUFG (Prop_bufg_I_O)         0.101     4.074 r  test_clk_OBUF_BUFG_inst/O
                         net (fo=1817, routed)        1.669     5.743    processor/PFC_inst/test_clk_OBUF_BUFG
    SLICE_X32Y43         FDRE                                         r  processor/PFC_inst/Sel_Addr_reg/C
  -------------------------------------------------------------------    -------------------
    SLICE_X32Y43         FDRE (Prop_fdre_C_Q)         0.518     6.261 r  processor/PFC_inst/Sel_Addr_reg/Q
                         net (fo=18, routed)          0.519     6.780    processor/RegisterBlock_inst/Sel_Addr
    SLICE_X33Y45         LUT3 (Prop_lut3_I1_O)        0.124     6.904 f  processor/RegisterBlock_inst/Tarolo[19][15]_i_3/O
                         net (fo=109, routed)         0.824     7.728    processor/PFC_inst/Tarolo_reg[43][15]
    SLICE_X31Y46         LUT6 (Prop_lut6_I5_O)        0.124     7.852 r  processor/PFC_inst/Tarolo[32][15]_i_2/O
                         net (fo=6, routed)           0.841     8.693    processor/RegisterBlock_inst/Tarolo_reg[43][15]
    SLICE_X31Y48         LUT5 (Prop_lut5_I0_O)        0.152     8.845 r  processor/RegisterBlock_inst/Tarolo[42][15]_i_1/O
                         net (fo=16, routed)          0.636     9.480    processor/DataMemory_inst/Tarolo[42]_132
    SLICE_X30Y52         FDRE                                         r  processor/DataMemory_inst/Tarolo_reg[42][9]/CE
  -------------------------------------------------------------------    -------------------

                         (clock sys_clk_pin fall edge)
                                                      4.000     4.000 f  
    H16                                               0.000     4.000 f  clk (IN)
                         net (fo=0)                   0.000     4.000    clk
    H16                  IBUF (Prop_ibuf_I_O)         1.380     5.380 f  clk_IBUF_inst/O
                         net (fo=1, routed)           2.293     7.673    test_clk_OBUF
    BUFGCTRL_X0Y16       BUFG (Prop_bufg_I_O)         0.091     7.764 f  test_clk_OBUF_BUFG_inst/O
                         net (fo=1817, routed)        1.526     9.290    processor/DataMemory_inst/test_clk_OBUF_BUFG
    SLICE_X30Y52         FDRE                                         r  processor/DataMemory_inst/Tarolo_reg[42][9]/C  (IS_INVERTED)
                         clock pessimism              0.309     9.599    
                         clock uncertainty           -0.035     9.564    
    SLICE_X30Y52         FDRE (Setup_fdre_C_CE)      -0.366     9.198    processor/DataMemory_inst/Tarolo_reg[42][9]
  -------------------------------------------------------------------
                         required time                          9.198    
                         arrival time                          -9.480    
  -------------------------------------------------------------------
                         slack                                 -0.282    

Slack (VIOLATED) :        -0.265ns  (required time - arrival time)
  Source:                 processor/RegisterBlock_inst/Data_Out_y_reg[2]/C
                            (falling edge-triggered cell FDRE clocked by sys_clk_pin  {rise@0.000ns fall@4.000ns period=8.000ns})
  Destination:            processor/ALU_inst/ZeroFlag_reg/D
                            (falling edge-triggered cell FDRE clocked by sys_clk_pin  {rise@0.000ns fall@4.000ns period=8.000ns})
  Path Group:             sys_clk_pin
  Path Type:              Setup (Max at Slow Process Corner)
  Requirement:            8.000ns  (sys_clk_pin fall@12.000ns - sys_clk_pin fall@4.000ns)
  Data Path Delay:        8.207ns  (logic 3.518ns (42.865%)  route 4.689ns (57.135%))
  Logic Levels:           13  (CARRY4=4 LUT4=3 LUT5=2 LUT6=4)
  Clock Path Skew:        -0.056ns (DCD - SCD + CPR)
    Destination Clock Delay (DCD):    5.255ns = ( 17.255 - 12.000 ) 
    Source Clock Delay      (SCD):    5.735ns = ( 9.735 - 4.000 ) 
    Clock Pessimism Removal (CPR):    0.424ns
  Clock Uncertainty:      0.035ns  ((TSJ^2 + TIJ^2)^1/2 + DJ) / 2 + PE
    Total System Jitter     (TSJ):    0.071ns
    Total Input Jitter      (TIJ):    0.000ns
    Discrete Jitter          (DJ):    0.000ns
    Phase Error              (PE):    0.000ns

    Location             Delay type                Incr(ns)  Path(ns)    Netlist Resource(s)
  -------------------------------------------------------------------    -------------------
                         (clock sys_clk_pin fall edge)
                                                      4.000     4.000 f  
    H16                                               0.000     4.000 f  clk (IN)
                         net (fo=0)                   0.000     4.000    clk
    H16                  IBUF (Prop_ibuf_I_O)         1.451     5.451 f  clk_IBUF_inst/O
                         net (fo=1, routed)           2.522     7.973    test_clk_OBUF
    BUFGCTRL_X0Y16       BUFG (Prop_bufg_I_O)         0.101     8.074 f  test_clk_OBUF_BUFG_inst/O
                         net (fo=1817, routed)        1.661     9.735    processor/RegisterBlock_inst/test_clk_OBUF_BUFG
    SLICE_X46Y34         FDRE                                         r  processor/RegisterBlock_inst/Data_Out_y_reg[2]/C  (IS_INVERTED)
  -------------------------------------------------------------------    -------------------
    SLICE_X46Y34         FDRE (Prop_fdre_C_Q)         0.524    10.259 r  processor/RegisterBlock_inst/Data_Out_y_reg[2]/Q
                         net (fo=31, routed)          1.122    11.380    processor/RegisterBlock_inst/Q[2]
    SLICE_X45Y37         LUT6 (Prop_lut6_I3_O)        0.124    11.504 r  processor/RegisterBlock_inst/multOp__0_carry__0_i_4/O
                         net (fo=2, routed)           0.697    12.201    processor/RegisterBlock_inst/Data_Out_x_reg[2]_2[0]
    SLICE_X43Y37         LUT6 (Prop_lut6_I0_O)        0.124    12.325 r  processor/RegisterBlock_inst/multOp__0_carry__0_i_8/O
                         net (fo=1, routed)           0.000    12.325    processor/ALU_inst/multOp__60_carry_1[0]
    SLICE_X43Y37         CARRY4 (Prop_carry4_S[0]_CO[3])
                                                      0.532    12.857 r  processor/ALU_inst/multOp__0_carry__0/CO[3]
                         net (fo=1, routed)           0.000    12.857    processor/ALU_inst/multOp__0_carry__0_n_0
    SLICE_X43Y38         CARRY4 (Prop_carry4_CI_CO[2])
                                                      0.228    13.085 r  processor/ALU_inst/multOp__0_carry__1/CO[2]
                         net (fo=2, routed)           0.443    13.529    processor/RegisterBlock_inst/multOp__60_carry__1_i_8_1[0]
    SLICE_X42Y39         LUT4 (Prop_lut4_I2_O)        0.313    13.842 r  processor/RegisterBlock_inst/multOp__60_carry__0_i_13/O
                         net (fo=2, routed)           0.607    14.449    processor/RegisterBlock_inst/multOp__60_carry__0_i_13_n_0
    SLICE_X44Y38         LUT4 (Prop_lut4_I3_O)        0.124    14.573 r  processor/RegisterBlock_inst/multOp__60_carry__1_i_4/O
                         net (fo=2, routed)           0.456    15.029    processor/RegisterBlock_inst/Data_Out_y_reg[6]_0[0]
    SLICE_X41Y39         LUT5 (Prop_lut5_I0_O)        0.124    15.153 r  processor/RegisterBlock_inst/multOp__60_carry__1_i_8/O
                         net (fo=1, routed)           0.000    15.153    processor/ALU_inst/Result_reg[14]_1[0]
    SLICE_X41Y39         CARRY4 (Prop_carry4_S[0]_CO[3])
                                                      0.532    15.685 r  processor/ALU_inst/multOp__60_carry__1/CO[3]
                         net (fo=1, routed)           0.000    15.685    processor/ALU_inst/multOp__60_carry__1_n_0
    SLICE_X41Y40         CARRY4 (Prop_carry4_CI_O[0])
                                                      0.222    15.907 f  processor/ALU_inst/multOp__60_carry__2/O[0]
                         net (fo=2, routed)           0.630    16.537    processor/ALU_inst/Data_Out_y_reg[7]_3[0]
    SLICE_X39Y39         LUT4 (Prop_lut4_I2_O)        0.299    16.836 f  processor/ALU_inst/ZeroFlag_i_27/O
                         net (fo=1, routed)           0.151    16.987    processor/ALU_inst/ZeroFlag_i_27_n_0
    SLICE_X39Y39         LUT5 (Prop_lut5_I4_O)        0.124    17.111 f  processor/ALU_inst/ZeroFlag_i_11/O
                         net (fo=1, routed)           0.290    17.401    processor/ALU_inst/ZeroFlag_i_11_n_0
    SLICE_X39Y38         LUT6 (Prop_lut6_I4_O)        0.124    17.525 r  processor/ALU_inst/ZeroFlag_i_2/O
                         net (fo=1, routed)           0.293    17.818    processor/IfAndDec_inst/ZeroFlag_reg_0
    SLICE_X39Y36         LUT6 (Prop_lut6_I0_O)        0.124    17.942 r  processor/IfAndDec_inst/ZeroFlag_i_1/O
                         net (fo=1, routed)           0.000    17.942    processor/ALU_inst/ZeroFlag_reg_1
    SLICE_X39Y36         FDRE                                         r  processor/ALU_inst/ZeroFlag_reg/D
  -------------------------------------------------------------------    -------------------

                         (clock sys_clk_pin fall edge)
                                                     12.000    12.000 f  
    H16                                               0.000    12.000 f  clk (IN)
                         net (fo=0)                   0.000    12.000    clk
    H16                  IBUF (Prop_ibuf_I_O)         1.380    13.380 f  clk_IBUF_inst/O
                         net (fo=1, routed)           2.293    15.673    test_clk_OBUF
    BUFGCTRL_X0Y16       BUFG (Prop_bufg_I_O)         0.091    15.764 f  test_clk_OBUF_BUFG_inst/O
                         net (fo=1817, routed)        1.490    17.255    processor/ALU_inst/test_clk_OBUF_BUFG
    SLICE_X39Y36         FDRE                                         r  processor/ALU_inst/ZeroFlag_reg/C  (IS_INVERTED)
                         clock pessimism              0.424    17.679    
                         clock uncertainty           -0.035    17.643    
    SLICE_X39Y36         FDRE (Setup_fdre_C_D)        0.034    17.677    processor/ALU_inst/ZeroFlag_reg
  -------------------------------------------------------------------
                         required time                         17.677    
                         arrival time                         -17.942    
  -------------------------------------------------------------------
                         slack                                 -0.265    

Slack (VIOLATED) :        -0.261ns  (required time - arrival time)
  Source:                 processor/PFC_inst/RETURNstatus_reg/C
                            (rising edge-triggered cell FDRE clocked by sys_clk_pin  {rise@0.000ns fall@4.000ns period=8.000ns})
  Destination:            processor/PFC_inst/programflowcontrol.programcounter_reg[9]/D
                            (falling edge-triggered cell FDRE clocked by sys_clk_pin  {rise@0.000ns fall@4.000ns period=8.000ns})
  Path Group:             sys_clk_pin
  Path Type:              Setup (Max at Slow Process Corner)
  Requirement:            4.000ns  (sys_clk_pin fall@4.000ns - sys_clk_pin rise@0.000ns)
  Data Path Delay:        4.233ns  (logic 1.014ns (23.953%)  route 3.219ns (76.047%))
  Logic Levels:           4  (LUT5=1 LUT6=3)
  Clock Path Skew:        -0.027ns (DCD - SCD + CPR)
    Destination Clock Delay (DCD):    5.245ns = ( 9.245 - 4.000 ) 
    Source Clock Delay      (SCD):    5.730ns
    Clock Pessimism Removal (CPR):    0.458ns
  Clock Uncertainty:      0.035ns  ((TSJ^2 + TIJ^2)^1/2 + DJ) / 2 + PE
    Total System Jitter     (TSJ):    0.071ns
    Total Input Jitter      (TIJ):    0.000ns
    Discrete Jitter          (DJ):    0.000ns
    Phase Error              (PE):    0.000ns

    Location             Delay type                Incr(ns)  Path(ns)    Netlist Resource(s)
  -------------------------------------------------------------------    -------------------
                         (clock sys_clk_pin rise edge)
                                                      0.000     0.000 r  
    H16                                               0.000     0.000 r  clk (IN)
                         net (fo=0)                   0.000     0.000    clk
    H16                  IBUF (Prop_ibuf_I_O)         1.451     1.451 r  clk_IBUF_inst/O
                         net (fo=1, routed)           2.522     3.973    test_clk_OBUF
    BUFGCTRL_X0Y16       BUFG (Prop_bufg_I_O)         0.101     4.074 r  test_clk_OBUF_BUFG_inst/O
                         net (fo=1817, routed)        1.656     5.730    processor/PFC_inst/test_clk_OBUF_BUFG
    SLICE_X36Y20         FDRE                                         r  processor/PFC_inst/RETURNstatus_reg/C
  -------------------------------------------------------------------    -------------------
    SLICE_X36Y20         FDRE (Prop_fdre_C_Q)         0.518     6.248 r  processor/PFC_inst/RETURNstatus_reg/Q
                         net (fo=52, routed)          1.044     7.292    processor/PFC_inst/RETURNstatus_reg_n_0
    SLICE_X40Y22         LUT6 (Prop_lut6_I2_O)        0.124     7.416 r  processor/PFC_inst/programflowcontrol.programcounter[11]_i_43/O
                         net (fo=12, routed)          0.783     8.199    processor/PFC_inst/programflowcontrol.programcounter[11]_i_43_n_0
    SLICE_X39Y18         LUT6 (Prop_lut6_I5_O)        0.124     8.323 r  processor/PFC_inst/programflowcontrol.programcounter[9]_i_12/O
                         net (fo=1, routed)           1.096     9.419    processor/PFC_inst/programflowcontrol.programcounter[9]_i_12_n_0
    SLICE_X38Y23         LUT6 (Prop_lut6_I3_O)        0.124     9.543 r  processor/PFC_inst/programflowcontrol.programcounter[9]_i_6/O
                         net (fo=1, routed)           0.296     9.839    processor/PFC_inst/programflowcontrol.programcounter[9]_i_6_n_0
    SLICE_X39Y23         LUT5 (Prop_lut5_I4_O)        0.124     9.963 r  processor/PFC_inst/programflowcontrol.programcounter[9]_i_1/O
                         net (fo=1, routed)           0.000     9.963    processor/PFC_inst/programflowcontrol.programcounter[9]_i_1_n_0
    SLICE_X39Y23         FDRE                                         r  processor/PFC_inst/programflowcontrol.programcounter_reg[9]/D
  -------------------------------------------------------------------    -------------------

                         (clock sys_clk_pin fall edge)
                                                      4.000     4.000 f  
    H16                                               0.000     4.000 f  clk (IN)
                         net (fo=0)                   0.000     4.000    clk
    H16                  IBUF (Prop_ibuf_I_O)         1.380     5.380 f  clk_IBUF_inst/O
                         net (fo=1, routed)           2.293     7.673    test_clk_OBUF
    BUFGCTRL_X0Y16       BUFG (Prop_bufg_I_O)         0.091     7.764 f  test_clk_OBUF_BUFG_inst/O
                         net (fo=1817, routed)        1.480     9.245    processor/PFC_inst/test_clk_OBUF_BUFG
    SLICE_X39Y23         FDRE                                         r  processor/PFC_inst/programflowcontrol.programcounter_reg[9]/C  (IS_INVERTED)
                         clock pessimism              0.458     9.703    
                         clock uncertainty           -0.035     9.667    
    SLICE_X39Y23         FDRE (Setup_fdre_C_D)        0.035     9.702    processor/PFC_inst/programflowcontrol.programcounter_reg[9]
  -------------------------------------------------------------------
                         required time                          9.702    
                         arrival time                          -9.963    
  -------------------------------------------------------------------
                         slack                                 -0.261    





Min Delay Paths
--------------------------------------------------------------------------------------
Slack (MET) :             0.049ns  (arrival time - required time)
  Source:                 processor/RegisterBlock_inst/Tarolo_reg[2][10]/C
                            (falling edge-triggered cell FDRE clocked by sys_clk_pin  {rise@0.000ns fall@4.000ns period=8.000ns})
  Destination:            processor/RegisterBlock_inst/Data_Out_x_reg[10]/D
                            (falling edge-triggered cell FDRE clocked by sys_clk_pin  {rise@0.000ns fall@4.000ns period=8.000ns})
  Path Group:             sys_clk_pin
  Path Type:              Hold (Min at Fast Process Corner)
  Requirement:            0.000ns  (sys_clk_pin fall@4.000ns - sys_clk_pin fall@4.000ns)
  Data Path Delay:        0.445ns  (logic 0.286ns (64.222%)  route 0.159ns (35.778%))
  Logic Levels:           3  (LUT6=1 MUXF7=1 MUXF8=1)
  Clock Path Skew:        0.258ns (DCD - SCD - CPR)
    Destination Clock Delay (DCD):    2.162ns = ( 6.162 - 4.000 ) 
    Source Clock Delay      (SCD):    1.643ns = ( 5.643 - 4.000 ) 
    Clock Pessimism Removal (CPR):    0.261ns

    Location             Delay type                Incr(ns)  Path(ns)    Netlist Resource(s)
  -------------------------------------------------------------------    -------------------
                         (clock sys_clk_pin fall edge)
                                                      4.000     4.000 f  
    H16                                               0.000     4.000 f  clk (IN)
                         net (fo=0)                   0.000     4.000    clk
    H16                  IBUF (Prop_ibuf_I_O)         0.219     4.219 f  clk_IBUF_inst/O
                         net (fo=1, routed)           0.842     5.060    test_clk_OBUF
    BUFGCTRL_X0Y16       BUFG (Prop_bufg_I_O)         0.026     5.086 f  test_clk_OBUF_BUFG_inst/O
                         net (fo=1817, routed)        0.557     5.643    processor/RegisterBlock_inst/test_clk_OBUF_BUFG
    SLICE_X49Y36         FDRE                                         r  processor/RegisterBlock_inst/Tarolo_reg[2][10]/C  (IS_INVERTED)
  -------------------------------------------------------------------    -------------------
    SLICE_X49Y36         FDRE (Prop_fdre_C_Q)         0.146     5.789 r  processor/RegisterBlock_inst/Tarolo_reg[2][10]/Q
                         net (fo=2, routed)           0.159     5.948    processor/RegisterBlock_inst/Tarolo_reg[2]_66[10]
    SLICE_X50Y35         LUT6 (Prop_lut6_I1_O)        0.045     5.993 r  processor/RegisterBlock_inst/Data_Out_x[10]_i_4/O
                         net (fo=1, routed)           0.000     5.993    processor/RegisterBlock_inst/Data_Out_x[10]_i_4_n_0
    SLICE_X50Y35         MUXF7 (Prop_muxf7_I0_O)      0.073     6.066 r  processor/RegisterBlock_inst/Data_Out_x_reg[10]_i_2/O
                         net (fo=1, routed)           0.000     6.066    processor/RegisterBlock_inst/Data_Out_x_reg[10]_i_2_n_0
    SLICE_X50Y35         MUXF8 (Prop_muxf8_I0_O)      0.022     6.088 r  processor/RegisterBlock_inst/Data_Out_x_reg[10]_i_1/O
                         net (fo=1, routed)           0.000     6.088    processor/RegisterBlock_inst/Tarolo[0]_95[10]
    SLICE_X50Y35         FDRE                                         r  processor/RegisterBlock_inst/Data_Out_x_reg[10]/D
  -------------------------------------------------------------------    -------------------

                         (clock sys_clk_pin fall edge)
                                                      4.000     4.000 f  
    H16                                               0.000     4.000 f  clk (IN)
                         net (fo=0)                   0.000     4.000    clk
    H16                  IBUF (Prop_ibuf_I_O)         0.406     4.406 f  clk_IBUF_inst/O
                         net (fo=1, routed)           0.907     5.313    test_clk_OBUF
    BUFGCTRL_X0Y16       BUFG (Prop_bufg_I_O)         0.029     5.342 f  test_clk_OBUF_BUFG_inst/O
                         net (fo=1817, routed)        0.820     6.162    processor/RegisterBlock_inst/test_clk_OBUF_BUFG
    SLICE_X50Y35         FDRE                                         r  processor/RegisterBlock_inst/Data_Out_x_reg[10]/C  (IS_INVERTED)
                         clock pessimism             -0.261     5.901    
    SLICE_X50Y35         FDRE (Hold_fdre_C_D)         0.138     6.039    processor/RegisterBlock_inst/Data_Out_x_reg[10]
  -------------------------------------------------------------------
                         required time                         -6.039    
                         arrival time                           6.088    
  -------------------------------------------------------------------
                         slack                                  0.049    

Slack (MET) :             0.051ns  (arrival time - required time)
  Source:                 processor/RegisterBlock_inst/Tarolo_reg[2][12]/C
                            (falling edge-triggered cell FDRE clocked by sys_clk_pin  {rise@0.000ns fall@4.000ns period=8.000ns})
  Destination:            processor/RegisterBlock_inst/Data_Out_x_reg[12]/D
                            (falling edge-triggered cell FDRE clocked by sys_clk_pin  {rise@0.000ns fall@4.000ns period=8.000ns})
  Path Group:             sys_clk_pin
  Path Type:              Hold (Min at Fast Process Corner)
  Requirement:            0.000ns  (sys_clk_pin fall@4.000ns - sys_clk_pin fall@4.000ns)
  Data Path Delay:        0.446ns  (logic 0.286ns (64.148%)  route 0.160ns (35.852%))
  Logic Levels:           3  (LUT6=1 MUXF7=1 MUXF8=1)
  Clock Path Skew:        0.256ns (DCD - SCD - CPR)
    Destination Clock Delay (DCD):    2.159ns = ( 6.159 - 4.000 ) 
    Source Clock Delay      (SCD):    1.642ns = ( 5.642 - 4.000 ) 
    Clock Pessimism Removal (CPR):    0.261ns

    Location             Delay type                Incr(ns)  Path(ns)    Netlist Resource(s)
  -------------------------------------------------------------------    -------------------
                         (clock sys_clk_pin fall edge)
                                                      4.000     4.000 f  
    H16                                               0.000     4.000 f  clk (IN)
                         net (fo=0)                   0.000     4.000    clk
    H16                  IBUF (Prop_ibuf_I_O)         0.219     4.219 f  clk_IBUF_inst/O
                         net (fo=1, routed)           0.842     5.060    test_clk_OBUF
    BUFGCTRL_X0Y16       BUFG (Prop_bufg_I_O)         0.026     5.086 f  test_clk_OBUF_BUFG_inst/O
                         net (fo=1817, routed)        0.556     5.642    processor/RegisterBlock_inst/test_clk_OBUF_BUFG
    SLICE_X49Y33         FDRE                                         r  processor/RegisterBlock_inst/Tarolo_reg[2][12]/C  (IS_INVERTED)
  -------------------------------------------------------------------    -------------------
    SLICE_X49Y33         FDRE (Prop_fdre_C_Q)         0.146     5.788 r  processor/RegisterBlock_inst/Tarolo_reg[2][12]/Q
                         net (fo=2, routed)           0.160     5.948    processor/RegisterBlock_inst/Tarolo_reg[2]_66[12]
    SLICE_X50Y32         LUT6 (Prop_lut6_I1_O)        0.045     5.993 r  processor/RegisterBlock_inst/Data_Out_x[12]_i_4/O
                         net (fo=1, routed)           0.000     5.993    processor/RegisterBlock_inst/Data_Out_x[12]_i_4_n_0
    SLICE_X50Y32         MUXF7 (Prop_muxf7_I0_O)      0.073     6.066 r  processor/RegisterBlock_inst/Data_Out_x_reg[12]_i_2/O
                         net (fo=1, routed)           0.000     6.066    processor/RegisterBlock_inst/Data_Out_x_reg[12]_i_2_n_0
    SLICE_X50Y32         MUXF8 (Prop_muxf8_I0_O)      0.022     6.088 r  processor/RegisterBlock_inst/Data_Out_x_reg[12]_i_1/O
                         net (fo=1, routed)           0.000     6.088    processor/RegisterBlock_inst/Tarolo[0]_95[12]
    SLICE_X50Y32         FDRE                                         r  processor/RegisterBlock_inst/Data_Out_x_reg[12]/D
  -------------------------------------------------------------------    -------------------

                         (clock sys_clk_pin fall edge)
                                                      4.000     4.000 f  
    H16                                               0.000     4.000 f  clk (IN)
                         net (fo=0)                   0.000     4.000    clk
    H16                  IBUF (Prop_ibuf_I_O)         0.406     4.406 f  clk_IBUF_inst/O
                         net (fo=1, routed)           0.907     5.313    test_clk_OBUF
    BUFGCTRL_X0Y16       BUFG (Prop_bufg_I_O)         0.029     5.342 f  test_clk_OBUF_BUFG_inst/O
                         net (fo=1817, routed)        0.817     6.159    processor/RegisterBlock_inst/test_clk_OBUF_BUFG
    SLICE_X50Y32         FDRE                                         r  processor/RegisterBlock_inst/Data_Out_x_reg[12]/C  (IS_INVERTED)
                         clock pessimism             -0.261     5.898    
    SLICE_X50Y32         FDRE (Hold_fdre_C_D)         0.138     6.036    processor/RegisterBlock_inst/Data_Out_x_reg[12]
  -------------------------------------------------------------------
                         required time                         -6.036    
                         arrival time                           6.088    
  -------------------------------------------------------------------
                         slack                                  0.051    

Slack (MET) :             0.061ns  (arrival time - required time)
  Source:                 processor/RegisterBlock_inst/Tarolo_reg[11][12]/C
                            (falling edge-triggered cell FDRE clocked by sys_clk_pin  {rise@0.000ns fall@4.000ns period=8.000ns})
  Destination:            processor/RegisterBlock_inst/Data_Out_y_reg[12]/D
                            (falling edge-triggered cell FDRE clocked by sys_clk_pin  {rise@0.000ns fall@4.000ns period=8.000ns})
  Path Group:             sys_clk_pin
  Path Type:              Hold (Min at Fast Process Corner)
  Requirement:            0.000ns  (sys_clk_pin fall@4.000ns - sys_clk_pin fall@4.000ns)
  Data Path Delay:        0.430ns  (logic 0.272ns (63.215%)  route 0.158ns (36.785%))
  Logic Levels:           3  (LUT6=1 MUXF7=1 MUXF8=1)
  Clock Path Skew:        0.257ns (DCD - SCD - CPR)
    Destination Clock Delay (DCD):    2.159ns = ( 6.159 - 4.000 ) 
    Source Clock Delay      (SCD):    1.641ns = ( 5.641 - 4.000 ) 
    Clock Pessimism Removal (CPR):    0.261ns

    Location             Delay type                Incr(ns)  Path(ns)    Netlist Resource(s)
  -------------------------------------------------------------------    -------------------
                         (clock sys_clk_pin fall edge)
                                                      4.000     4.000 f  
    H16                                               0.000     4.000 f  clk (IN)
                         net (fo=0)                   0.000     4.000    clk
    H16                  IBUF (Prop_ibuf_I_O)         0.219     4.219 f  clk_IBUF_inst/O
                         net (fo=1, routed)           0.842     5.060    test_clk_OBUF
    BUFGCTRL_X0Y16       BUFG (Prop_bufg_I_O)         0.026     5.086 f  test_clk_OBUF_BUFG_inst/O
                         net (fo=1817, routed)        0.555     5.641    processor/RegisterBlock_inst/test_clk_OBUF_BUFG
    SLICE_X48Y32         FDRE                                         r  processor/RegisterBlock_inst/Tarolo_reg[11][12]/C  (IS_INVERTED)
  -------------------------------------------------------------------    -------------------
    SLICE_X48Y32         FDRE (Prop_fdre_C_Q)         0.146     5.787 r  processor/RegisterBlock_inst/Tarolo_reg[11][12]/Q
                         net (fo=2, routed)           0.158     5.945    processor/RegisterBlock_inst/Tarolo_reg[11]_75[12]
    SLICE_X51Y32         LUT6 (Prop_lut6_I0_O)        0.045     5.990 r  processor/RegisterBlock_inst/Data_Out_y[12]_i_6/O
                         net (fo=1, routed)           0.000     5.990    processor/RegisterBlock_inst/Data_Out_y[12]_i_6_n_0
    SLICE_X51Y32         MUXF7 (Prop_muxf7_I0_O)      0.062     6.052 r  processor/RegisterBlock_inst/Data_Out_y_reg[12]_i_3/O
                         net (fo=1, routed)           0.000     6.052    processor/RegisterBlock_inst/Data_Out_y_reg[12]_i_3_n_0
    SLICE_X51Y32         MUXF8 (Prop_muxf8_I1_O)      0.019     6.071 r  processor/RegisterBlock_inst/Data_Out_y_reg[12]_i_1/O
                         net (fo=1, routed)           0.000     6.071    processor/RegisterBlock_inst/Data_Out_y_reg[12]_i_1_n_0
    SLICE_X51Y32         FDRE                                         r  processor/RegisterBlock_inst/Data_Out_y_reg[12]/D
  -------------------------------------------------------------------    -------------------

                         (clock sys_clk_pin fall edge)
                                                      4.000     4.000 f  
    H16                                               0.000     4.000 f  clk (IN)
                         net (fo=0)                   0.000     4.000    clk
    H16                  IBUF (Prop_ibuf_I_O)         0.406     4.406 f  clk_IBUF_inst/O
                         net (fo=1, routed)           0.907     5.313    test_clk_OBUF
    BUFGCTRL_X0Y16       BUFG (Prop_bufg_I_O)         0.029     5.342 f  test_clk_OBUF_BUFG_inst/O
                         net (fo=1817, routed)        0.817     6.159    processor/RegisterBlock_inst/test_clk_OBUF_BUFG
    SLICE_X51Y32         FDRE                                         r  processor/RegisterBlock_inst/Data_Out_y_reg[12]/C  (IS_INVERTED)
                         clock pessimism             -0.261     5.898    
    SLICE_X51Y32         FDRE (Hold_fdre_C_D)         0.112     6.010    processor/RegisterBlock_inst/Data_Out_y_reg[12]
  -------------------------------------------------------------------
                         required time                         -6.010    
                         arrival time                           6.071    
  -------------------------------------------------------------------
                         slack                                  0.061    

Slack (MET) :             0.080ns  (arrival time - required time)
  Source:                 processor/RegisterBlock_inst/Tarolo_reg[12][15]/C
                            (falling edge-triggered cell FDRE clocked by sys_clk_pin  {rise@0.000ns fall@4.000ns period=8.000ns})
  Destination:            processor/RegisterBlock_inst/Data_Out_y_reg[15]/D
                            (falling edge-triggered cell FDRE clocked by sys_clk_pin  {rise@0.000ns fall@4.000ns period=8.000ns})
  Path Group:             sys_clk_pin
  Path Type:              Hold (Min at Fast Process Corner)
  Requirement:            0.000ns  (sys_clk_pin fall@4.000ns - sys_clk_pin fall@4.000ns)
  Data Path Delay:        0.456ns  (logic 0.275ns (60.287%)  route 0.181ns (39.713%))
  Logic Levels:           3  (LUT6=1 MUXF7=1 MUXF8=1)
  Clock Path Skew:        0.264ns (DCD - SCD - CPR)
    Destination Clock Delay (DCD):    2.161ns = ( 6.161 - 4.000 ) 
    Source Clock Delay      (SCD):    1.636ns = ( 5.636 - 4.000 ) 
    Clock Pessimism Removal (CPR):    0.261ns

    Location             Delay type                Incr(ns)  Path(ns)    Netlist Resource(s)
  -------------------------------------------------------------------    -------------------
                         (clock sys_clk_pin fall edge)
                                                      4.000     4.000 f  
    H16                                               0.000     4.000 f  clk (IN)
                         net (fo=0)                   0.000     4.000    clk
    H16                  IBUF (Prop_ibuf_I_O)         0.219     4.219 f  clk_IBUF_inst/O
                         net (fo=1, routed)           0.842     5.060    test_clk_OBUF
    BUFGCTRL_X0Y16       BUFG (Prop_bufg_I_O)         0.026     5.086 f  test_clk_OBUF_BUFG_inst/O
                         net (fo=1817, routed)        0.550     5.636    processor/RegisterBlock_inst/test_clk_OBUF_BUFG
    SLICE_X52Y30         FDRE                                         r  processor/RegisterBlock_inst/Tarolo_reg[12][15]/C  (IS_INVERTED)
  -------------------------------------------------------------------    -------------------
    SLICE_X52Y30         FDRE (Prop_fdre_C_Q)         0.146     5.782 r  processor/RegisterBlock_inst/Tarolo_reg[12][15]/Q
                         net (fo=2, routed)           0.181     5.963    processor/RegisterBlock_inst/Tarolo_reg[12]_76[15]
    SLICE_X48Y30         LUT6 (Prop_lut6_I5_O)        0.045     6.008 r  processor/RegisterBlock_inst/Data_Out_y[15]_i_7/O
                         net (fo=1, routed)           0.000     6.008    processor/RegisterBlock_inst/Data_Out_y[15]_i_7_n_0
    SLICE_X48Y30         MUXF7 (Prop_muxf7_I1_O)      0.065     6.073 r  processor/RegisterBlock_inst/Data_Out_y_reg[15]_i_3/O
                         net (fo=1, routed)           0.000     6.073    processor/RegisterBlock_inst/Data_Out_y_reg[15]_i_3_n_0
    SLICE_X48Y30         MUXF8 (Prop_muxf8_I1_O)      0.019     6.092 r  processor/RegisterBlock_inst/Data_Out_y_reg[15]_i_1/O
                         net (fo=1, routed)           0.000     6.092    processor/RegisterBlock_inst/Data_Out_y_reg[15]_i_1_n_0
    SLICE_X48Y30         FDRE                                         r  processor/RegisterBlock_inst/Data_Out_y_reg[15]/D
  -------------------------------------------------------------------    -------------------

                         (clock sys_clk_pin fall edge)
                                                      4.000     4.000 f  
    H16                                               0.000     4.000 f  clk (IN)
                         net (fo=0)                   0.000     4.000    clk
    H16                  IBUF (Prop_ibuf_I_O)         0.406     4.406 f  clk_IBUF_inst/O
                         net (fo=1, routed)           0.907     5.313    test_clk_OBUF
    BUFGCTRL_X0Y16       BUFG (Prop_bufg_I_O)         0.029     5.342 f  test_clk_OBUF_BUFG_inst/O
                         net (fo=1817, routed)        0.819     6.161    processor/RegisterBlock_inst/test_clk_OBUF_BUFG
    SLICE_X48Y30         FDRE                                         r  processor/RegisterBlock_inst/Data_Out_y_reg[15]/C  (IS_INVERTED)
                         clock pessimism             -0.261     5.900    
    SLICE_X48Y30         FDRE (Hold_fdre_C_D)         0.112     6.012    processor/RegisterBlock_inst/Data_Out_y_reg[15]
  -------------------------------------------------------------------
                         required time                         -6.012    
                         arrival time                           6.092    
  -------------------------------------------------------------------
                         slack                                  0.080    

Slack (MET) :             0.109ns  (arrival time - required time)
  Source:                 processor/RegisterBlock_inst/Tarolo_reg[10][8]/C
                            (falling edge-triggered cell FDRE clocked by sys_clk_pin  {rise@0.000ns fall@4.000ns period=8.000ns})
  Destination:            processor/RegisterBlock_inst/Data_Out_y_reg[8]/D
                            (falling edge-triggered cell FDRE clocked by sys_clk_pin  {rise@0.000ns fall@4.000ns period=8.000ns})
  Path Group:             sys_clk_pin
  Path Type:              Hold (Min at Fast Process Corner)
  Requirement:            0.000ns  (sys_clk_pin fall@4.000ns - sys_clk_pin fall@4.000ns)
  Data Path Delay:        0.479ns  (logic 0.272ns (56.820%)  route 0.207ns (43.180%))
  Logic Levels:           3  (LUT6=1 MUXF7=1 MUXF8=1)
  Clock Path Skew:        0.257ns (DCD - SCD - CPR)
    Destination Clock Delay (DCD):    2.157ns = ( 6.157 - 4.000 ) 
    Source Clock Delay      (SCD):    1.639ns = ( 5.639 - 4.000 ) 
    Clock Pessimism Removal (CPR):    0.261ns

    Location             Delay type                Incr(ns)  Path(ns)    Netlist Resource(s)
  -------------------------------------------------------------------    -------------------
                         (clock sys_clk_pin fall edge)
                                                      4.000     4.000 f  
    H16                                               0.000     4.000 f  clk (IN)
                         net (fo=0)                   0.000     4.000    clk
    H16                  IBUF (Prop_ibuf_I_O)         0.219     4.219 f  clk_IBUF_inst/O
                         net (fo=1, routed)           0.842     5.060    test_clk_OBUF
    BUFGCTRL_X0Y16       BUFG (Prop_bufg_I_O)         0.026     5.086 f  test_clk_OBUF_BUFG_inst/O
                         net (fo=1817, routed)        0.553     5.639    processor/RegisterBlock_inst/test_clk_OBUF_BUFG
    SLICE_X49Y30         FDRE                                         r  processor/RegisterBlock_inst/Tarolo_reg[10][8]/C  (IS_INVERTED)
  -------------------------------------------------------------------    -------------------
    SLICE_X49Y30         FDRE (Prop_fdre_C_Q)         0.146     5.785 r  processor/RegisterBlock_inst/Tarolo_reg[10][8]/Q
                         net (fo=2, routed)           0.207     5.992    processor/RegisterBlock_inst/Tarolo_reg[10]_74[8]
    SLICE_X51Y30         LUT6 (Prop_lut6_I1_O)        0.045     6.037 r  processor/RegisterBlock_inst/Data_Out_y[8]_i_6/O
                         net (fo=1, routed)           0.000     6.037    processor/RegisterBlock_inst/Data_Out_y[8]_i_6_n_0
    SLICE_X51Y30         MUXF7 (Prop_muxf7_I0_O)      0.062     6.099 r  processor/RegisterBlock_inst/Data_Out_y_reg[8]_i_3/O
                         net (fo=1, routed)           0.000     6.099    processor/RegisterBlock_inst/Data_Out_y_reg[8]_i_3_n_0
    SLICE_X51Y30         MUXF8 (Prop_muxf8_I1_O)      0.019     6.118 r  processor/RegisterBlock_inst/Data_Out_y_reg[8]_i_1/O
                         net (fo=1, routed)           0.000     6.118    processor/RegisterBlock_inst/Data_Out_y_reg[8]_i_1_n_0
    SLICE_X51Y30         FDRE                                         r  processor/RegisterBlock_inst/Data_Out_y_reg[8]/D
  -------------------------------------------------------------------    -------------------

                         (clock sys_clk_pin fall edge)
                                                      4.000     4.000 f  
    H16                                               0.000     4.000 f  clk (IN)
                         net (fo=0)                   0.000     4.000    clk
    H16                  IBUF (Prop_ibuf_I_O)         0.406     4.406 f  clk_IBUF_inst/O
                         net (fo=1, routed)           0.907     5.313    test_clk_OBUF
    BUFGCTRL_X0Y16       BUFG (Prop_bufg_I_O)         0.029     5.342 f  test_clk_OBUF_BUFG_inst/O
                         net (fo=1817, routed)        0.815     6.157    processor/RegisterBlock_inst/test_clk_OBUF_BUFG
    SLICE_X51Y30         FDRE                                         r  processor/RegisterBlock_inst/Data_Out_y_reg[8]/C  (IS_INVERTED)
                         clock pessimism             -0.261     5.896    
    SLICE_X51Y30         FDRE (Hold_fdre_C_D)         0.112     6.008    processor/RegisterBlock_inst/Data_Out_y_reg[8]
  -------------------------------------------------------------------
                         required time                         -6.008    
                         arrival time                           6.118    
  -------------------------------------------------------------------
                         slack                                  0.109    

Slack (MET) :             0.119ns  (arrival time - required time)
  Source:                 processor/RegisterBlock_inst/Tarolo_reg[8][8]/C
                            (falling edge-triggered cell FDRE clocked by sys_clk_pin  {rise@0.000ns fall@4.000ns period=8.000ns})
  Destination:            processor/RegisterBlock_inst/Data_Out_x_reg[8]/D
                            (falling edge-triggered cell FDRE clocked by sys_clk_pin  {rise@0.000ns fall@4.000ns period=8.000ns})
  Path Group:             sys_clk_pin
  Path Type:              Hold (Min at Fast Process Corner)
  Requirement:            0.000ns  (sys_clk_pin fall@4.000ns - sys_clk_pin fall@4.000ns)
  Data Path Delay:        0.513ns  (logic 0.330ns (64.380%)  route 0.183ns (35.620%))
  Logic Levels:           3  (LUT6=1 MUXF7=1 MUXF8=1)
  Clock Path Skew:        0.255ns (DCD - SCD - CPR)
    Destination Clock Delay (DCD):    2.157ns = ( 6.157 - 4.000 ) 
    Source Clock Delay      (SCD):    1.641ns = ( 5.641 - 4.000 ) 
    Clock Pessimism Removal (CPR):    0.261ns

    Location             Delay type                Incr(ns)  Path(ns)    Netlist Resource(s)
  -------------------------------------------------------------------    -------------------
                         (clock sys_clk_pin fall edge)
                                                      4.000     4.000 f  
    H16                                               0.000     4.000 f  clk (IN)
                         net (fo=0)                   0.000     4.000    clk
    H16                  IBUF (Prop_ibuf_I_O)         0.219     4.219 f  clk_IBUF_inst/O
                         net (fo=1, routed)           0.842     5.060    test_clk_OBUF
    BUFGCTRL_X0Y16       BUFG (Prop_bufg_I_O)         0.026     5.086 f  test_clk_OBUF_BUFG_inst/O
                         net (fo=1817, routed)        0.555     5.641    processor/RegisterBlock_inst/test_clk_OBUF_BUFG
    SLICE_X46Y31         FDRE                                         r  processor/RegisterBlock_inst/Tarolo_reg[8][8]/C  (IS_INVERTED)
  -------------------------------------------------------------------    -------------------
    SLICE_X46Y31         FDRE (Prop_fdre_C_Q)         0.151     5.792 r  processor/RegisterBlock_inst/Tarolo_reg[8][8]/Q
                         net (fo=2, routed)           0.183     5.975    processor/RegisterBlock_inst/Tarolo_reg[8]_72[8]
    SLICE_X50Y30         LUT6 (Prop_lut6_I5_O)        0.098     6.073 r  processor/RegisterBlock_inst/Data_Out_x[8]_i_6/O
                         net (fo=1, routed)           0.000     6.073    processor/RegisterBlock_inst/Data_Out_x[8]_i_6_n_0
    SLICE_X50Y30         MUXF7 (Prop_muxf7_I0_O)      0.062     6.135 r  processor/RegisterBlock_inst/Data_Out_x_reg[8]_i_3/O
                         net (fo=1, routed)           0.000     6.135    processor/RegisterBlock_inst/Data_Out_x_reg[8]_i_3_n_0
    SLICE_X50Y30         MUXF8 (Prop_muxf8_I1_O)      0.019     6.154 r  processor/RegisterBlock_inst/Data_Out_x_reg[8]_i_1/O
                         net (fo=1, routed)           0.000     6.154    processor/RegisterBlock_inst/Tarolo[0]_95[8]
    SLICE_X50Y30         FDRE                                         r  processor/RegisterBlock_inst/Data_Out_x_reg[8]/D
  -------------------------------------------------------------------    -------------------

                         (clock sys_clk_pin fall edge)
                                                      4.000     4.000 f  
    H16                                               0.000     4.000 f  clk (IN)
                         net (fo=0)                   0.000     4.000    clk
    H16                  IBUF (Prop_ibuf_I_O)         0.406     4.406 f  clk_IBUF_inst/O
                         net (fo=1, routed)           0.907     5.313    test_clk_OBUF
    BUFGCTRL_X0Y16       BUFG (Prop_bufg_I_O)         0.029     5.342 f  test_clk_OBUF_BUFG_inst/O
                         net (fo=1817, routed)        0.815     6.157    processor/RegisterBlock_inst/test_clk_OBUF_BUFG
    SLICE_X50Y30         FDRE                                         r  processor/RegisterBlock_inst/Data_Out_x_reg[8]/C  (IS_INVERTED)
                         clock pessimism             -0.261     5.896    
    SLICE_X50Y30         FDRE (Hold_fdre_C_D)         0.138     6.034    processor/RegisterBlock_inst/Data_Out_x_reg[8]
  -------------------------------------------------------------------
                         required time                         -6.034    
                         arrival time                           6.154    
  -------------------------------------------------------------------
                         slack                                  0.119    

Slack (MET) :             0.140ns  (arrival time - required time)
  Source:                 processor/RegisterBlock_inst/Tarolo_reg[1][14]/C
                            (falling edge-triggered cell FDRE clocked by sys_clk_pin  {rise@0.000ns fall@4.000ns period=8.000ns})
  Destination:            processor/RegisterBlock_inst/Data_Out_y_reg[14]/D
                            (falling edge-triggered cell FDRE clocked by sys_clk_pin  {rise@0.000ns fall@4.000ns period=8.000ns})
  Path Group:             sys_clk_pin
  Path Type:              Hold (Min at Fast Process Corner)
  Requirement:            0.000ns  (sys_clk_pin fall@4.000ns - sys_clk_pin fall@4.000ns)
  Data Path Delay:        0.517ns  (logic 0.306ns (59.222%)  route 0.211ns (40.778%))
  Logic Levels:           3  (LUT6=1 MUXF7=1 MUXF8=1)
  Clock Path Skew:        0.264ns (DCD - SCD - CPR)
    Destination Clock Delay (DCD):    2.165ns = ( 6.165 - 4.000 ) 
    Source Clock Delay      (SCD):    1.640ns = ( 5.640 - 4.000 ) 
    Clock Pessimism Removal (CPR):    0.261ns

    Location             Delay type                Incr(ns)  Path(ns)    Netlist Resource(s)
  -------------------------------------------------------------------    -------------------
                         (clock sys_clk_pin fall edge)
                                                      4.000     4.000 f  
    H16                                               0.000     4.000 f  clk (IN)
                         net (fo=0)                   0.000     4.000    clk
    H16                  IBUF (Prop_ibuf_I_O)         0.219     4.219 f  clk_IBUF_inst/O
                         net (fo=1, routed)           0.842     5.060    test_clk_OBUF
    BUFGCTRL_X0Y16       BUFG (Prop_bufg_I_O)         0.026     5.086 f  test_clk_OBUF_BUFG_inst/O
                         net (fo=1817, routed)        0.554     5.640    processor/RegisterBlock_inst/test_clk_OBUF_BUFG
    SLICE_X50Y34         FDRE                                         r  processor/RegisterBlock_inst/Tarolo_reg[1][14]/C  (IS_INVERTED)
  -------------------------------------------------------------------    -------------------
    SLICE_X50Y34         FDRE (Prop_fdre_C_Q)         0.167     5.807 r  processor/RegisterBlock_inst/Tarolo_reg[1][14]/Q
                         net (fo=2, routed)           0.211     6.018    processor/RegisterBlock_inst/Tarolo_reg[1]_65[14]
    SLICE_X49Y34         LUT6 (Prop_lut6_I3_O)        0.045     6.063 r  processor/RegisterBlock_inst/Data_Out_y[14]_i_4/O
                         net (fo=1, routed)           0.000     6.063    processor/RegisterBlock_inst/Data_Out_y[14]_i_4_n_0
    SLICE_X49Y34         MUXF7 (Prop_muxf7_I0_O)      0.071     6.134 r  processor/RegisterBlock_inst/Data_Out_y_reg[14]_i_2/O
                         net (fo=1, routed)           0.000     6.134    processor/RegisterBlock_inst/Data_Out_y_reg[14]_i_2_n_0
    SLICE_X49Y34         MUXF8 (Prop_muxf8_I0_O)      0.023     6.157 r  processor/RegisterBlock_inst/Data_Out_y_reg[14]_i_1/O
                         net (fo=1, routed)           0.000     6.157    processor/RegisterBlock_inst/Data_Out_y_reg[14]_i_1_n_0
    SLICE_X49Y34         FDRE                                         r  processor/RegisterBlock_inst/Data_Out_y_reg[14]/D
  -------------------------------------------------------------------    -------------------

                         (clock sys_clk_pin fall edge)
                                                      4.000     4.000 f  
    H16                                               0.000     4.000 f  clk (IN)
                         net (fo=0)                   0.000     4.000    clk
    H16                  IBUF (Prop_ibuf_I_O)         0.406     4.406 f  clk_IBUF_inst/O
                         net (fo=1, routed)           0.907     5.313    test_clk_OBUF
    BUFGCTRL_X0Y16       BUFG (Prop_bufg_I_O)         0.029     5.342 f  test_clk_OBUF_BUFG_inst/O
                         net (fo=1817, routed)        0.823     6.165    processor/RegisterBlock_inst/test_clk_OBUF_BUFG
    SLICE_X49Y34         FDRE                                         r  processor/RegisterBlock_inst/Data_Out_y_reg[14]/C  (IS_INVERTED)
                         clock pessimism             -0.261     5.904    
    SLICE_X49Y34         FDRE (Hold_fdre_C_D)         0.112     6.016    processor/RegisterBlock_inst/Data_Out_y_reg[14]
  -------------------------------------------------------------------
                         required time                         -6.016    
                         arrival time                           6.157    
  -------------------------------------------------------------------
                         slack                                  0.140    

Slack (MET) :             0.153ns  (arrival time - required time)
  Source:                 processor/RegisterBlock_inst/Tarolo_reg[15][14]/C
                            (falling edge-triggered cell FDRE clocked by sys_clk_pin  {rise@0.000ns fall@4.000ns period=8.000ns})
  Destination:            processor/RegisterBlock_inst/Data_Out_x_reg[14]/D
                            (falling edge-triggered cell FDRE clocked by sys_clk_pin  {rise@0.000ns fall@4.000ns period=8.000ns})
  Path Group:             sys_clk_pin
  Path Type:              Hold (Min at Fast Process Corner)
  Requirement:            0.000ns  (sys_clk_pin fall@4.000ns - sys_clk_pin fall@4.000ns)
  Data Path Delay:        0.530ns  (logic 0.275ns (51.863%)  route 0.255ns (48.137%))
  Logic Levels:           3  (LUT6=1 MUXF7=1 MUXF8=1)
  Clock Path Skew:        0.265ns (DCD - SCD - CPR)
    Destination Clock Delay (DCD):    2.165ns = ( 6.165 - 4.000 ) 
    Source Clock Delay      (SCD):    1.639ns = ( 5.639 - 4.000 ) 
    Clock Pessimism Removal (CPR):    0.261ns

    Location             Delay type                Incr(ns)  Path(ns)    Netlist Resource(s)
  -------------------------------------------------------------------    -------------------
                         (clock sys_clk_pin fall edge)
                                                      4.000     4.000 f  
    H16                                               0.000     4.000 f  clk (IN)
                         net (fo=0)                   0.000     4.000    clk
    H16                  IBUF (Prop_ibuf_I_O)         0.219     4.219 f  clk_IBUF_inst/O
                         net (fo=1, routed)           0.842     5.060    test_clk_OBUF
    BUFGCTRL_X0Y16       BUFG (Prop_bufg_I_O)         0.026     5.086 f  test_clk_OBUF_BUFG_inst/O
                         net (fo=1817, routed)        0.553     5.639    processor/RegisterBlock_inst/test_clk_OBUF_BUFG
    SLICE_X51Y33         FDRE                                         r  processor/RegisterBlock_inst/Tarolo_reg[15][14]/C  (IS_INVERTED)
  -------------------------------------------------------------------    -------------------
    SLICE_X51Y33         FDRE (Prop_fdre_C_Q)         0.146     5.785 r  processor/RegisterBlock_inst/Tarolo_reg[15][14]/Q
                         net (fo=2, routed)           0.255     6.040    processor/RegisterBlock_inst/Tarolo_reg[15]_79[14]
    SLICE_X48Y34         LUT6 (Prop_lut6_I0_O)        0.045     6.085 r  processor/RegisterBlock_inst/Data_Out_x[14]_i_7/O
                         net (fo=1, routed)           0.000     6.085    processor/RegisterBlock_inst/Data_Out_x[14]_i_7_n_0
    SLICE_X48Y34         MUXF7 (Prop_muxf7_I1_O)      0.065     6.150 r  processor/RegisterBlock_inst/Data_Out_x_reg[14]_i_3/O
                         net (fo=1, routed)           0.000     6.150    processor/RegisterBlock_inst/Data_Out_x_reg[14]_i_3_n_0
    SLICE_X48Y34         MUXF8 (Prop_muxf8_I1_O)      0.019     6.169 r  processor/RegisterBlock_inst/Data_Out_x_reg[14]_i_1/O
                         net (fo=1, routed)           0.000     6.169    processor/RegisterBlock_inst/Tarolo[0]_95[14]
    SLICE_X48Y34         FDRE                                         r  processor/RegisterBlock_inst/Data_Out_x_reg[14]/D
  -------------------------------------------------------------------    -------------------

                         (clock sys_clk_pin fall edge)
                                                      4.000     4.000 f  
    H16                                               0.000     4.000 f  clk (IN)
                         net (fo=0)                   0.000     4.000    clk
    H16                  IBUF (Prop_ibuf_I_O)         0.406     4.406 f  clk_IBUF_inst/O
                         net (fo=1, routed)           0.907     5.313    test_clk_OBUF
    BUFGCTRL_X0Y16       BUFG (Prop_bufg_I_O)         0.029     5.342 f  test_clk_OBUF_BUFG_inst/O
                         net (fo=1817, routed)        0.823     6.165    processor/RegisterBlock_inst/test_clk_OBUF_BUFG
    SLICE_X48Y34         FDRE                                         r  processor/RegisterBlock_inst/Data_Out_x_reg[14]/C  (IS_INVERTED)
                         clock pessimism             -0.261     5.904    
    SLICE_X48Y34         FDRE (Hold_fdre_C_D)         0.112     6.016    processor/RegisterBlock_inst/Data_Out_x_reg[14]
  -------------------------------------------------------------------
                         required time                         -6.016    
                         arrival time                           6.169    
  -------------------------------------------------------------------
                         slack                                  0.153    

Slack (MET) :             0.162ns  (arrival time - required time)
  Source:                 processor/RegisterBlock_inst/Data_Out_x_reg[10]/C
                            (falling edge-triggered cell FDRE clocked by sys_clk_pin  {rise@0.000ns fall@4.000ns period=8.000ns})
  Destination:            processor/DataMemory_inst/Tarolo_reg[7][10]/D
                            (falling edge-triggered cell FDRE clocked by sys_clk_pin  {rise@0.000ns fall@4.000ns period=8.000ns})
  Path Group:             sys_clk_pin
  Path Type:              Hold (Min at Fast Process Corner)
  Requirement:            0.000ns  (sys_clk_pin fall@4.000ns - sys_clk_pin fall@4.000ns)
  Data Path Delay:        0.505ns  (logic 0.167ns (33.041%)  route 0.338ns (66.959%))
  Logic Levels:           0  
  Clock Path Skew:        0.270ns (DCD - SCD - CPR)
    Destination Clock Delay (DCD):    2.171ns = ( 6.171 - 4.000 ) 
    Source Clock Delay      (SCD):    1.640ns = ( 5.640 - 4.000 ) 
    Clock Pessimism Removal (CPR):    0.261ns

    Location             Delay type                Incr(ns)  Path(ns)    Netlist Resource(s)
  -------------------------------------------------------------------    -------------------
                         (clock sys_clk_pin fall edge)
                                                      4.000     4.000 f  
    H16                                               0.000     4.000 f  clk (IN)
                         net (fo=0)                   0.000     4.000    clk
    H16                  IBUF (Prop_ibuf_I_O)         0.219     4.219 f  clk_IBUF_inst/O
                         net (fo=1, routed)           0.842     5.060    test_clk_OBUF
    BUFGCTRL_X0Y16       BUFG (Prop_bufg_I_O)         0.026     5.086 f  test_clk_OBUF_BUFG_inst/O
                         net (fo=1817, routed)        0.554     5.640    processor/RegisterBlock_inst/test_clk_OBUF_BUFG
    SLICE_X50Y35         FDRE                                         r  processor/RegisterBlock_inst/Data_Out_x_reg[10]/C  (IS_INVERTED)
  -------------------------------------------------------------------    -------------------
    SLICE_X50Y35         FDRE (Prop_fdre_C_Q)         0.167     5.807 r  processor/RegisterBlock_inst/Data_Out_x_reg[10]/Q
                         net (fo=74, routed)          0.338     6.146    processor/DataMemory_inst/Data_Out_x[10]
    SLICE_X44Y45         FDRE                                         r  processor/DataMemory_inst/Tarolo_reg[7][10]/D
  -------------------------------------------------------------------    -------------------

                         (clock sys_clk_pin fall edge)
                                                      4.000     4.000 f  
    H16                                               0.000     4.000 f  clk (IN)
                         net (fo=0)                   0.000     4.000    clk
    H16                  IBUF (Prop_ibuf_I_O)         0.406     4.406 f  clk_IBUF_inst/O
                         net (fo=1, routed)           0.907     5.313    test_clk_OBUF
    BUFGCTRL_X0Y16       BUFG (Prop_bufg_I_O)         0.029     5.342 f  test_clk_OBUF_BUFG_inst/O
                         net (fo=1817, routed)        0.829     6.171    processor/DataMemory_inst/test_clk_OBUF_BUFG
    SLICE_X44Y45         FDRE                                         r  processor/DataMemory_inst/Tarolo_reg[7][10]/C  (IS_INVERTED)
                         clock pessimism             -0.261     5.910    
    SLICE_X44Y45         FDRE (Hold_fdre_C_D)         0.073     5.983    processor/DataMemory_inst/Tarolo_reg[7][10]
  -------------------------------------------------------------------
                         required time                         -5.983    
                         arrival time                           6.146    
  -------------------------------------------------------------------
                         slack                                  0.162    

Slack (MET) :             0.163ns  (arrival time - required time)
  Source:                 processor/DataMemory_inst/Tarolo_reg[56][9]/C
                            (falling edge-triggered cell FDRE clocked by sys_clk_pin  {rise@0.000ns fall@4.000ns period=8.000ns})
  Destination:            processor/DataMemory_inst/DataMemOut_reg[9]/D
                            (falling edge-triggered cell FDRE clocked by sys_clk_pin  {rise@0.000ns fall@4.000ns period=8.000ns})
  Path Group:             sys_clk_pin
  Path Type:              Hold (Min at Fast Process Corner)
  Requirement:            0.000ns  (sys_clk_pin fall@4.000ns - sys_clk_pin fall@4.000ns)
  Data Path Delay:        0.563ns  (logic 0.340ns (60.406%)  route 0.223ns (39.594%))
  Logic Levels:           4  (LUT6=2 MUXF7=1 MUXF8=1)
  Clock Path Skew:        0.261ns (DCD - SCD - CPR)
    Destination Clock Delay (DCD):    2.168ns = ( 6.168 - 4.000 ) 
    Source Clock Delay      (SCD):    1.651ns = ( 5.651 - 4.000 ) 
    Clock Pessimism Removal (CPR):    0.256ns

    Location             Delay type                Incr(ns)  Path(ns)    Netlist Resource(s)
  -------------------------------------------------------------------    -------------------
                         (clock sys_clk_pin fall edge)
                                                      4.000     4.000 f  
    H16                                               0.000     4.000 f  clk (IN)
                         net (fo=0)                   0.000     4.000    clk
    H16                  IBUF (Prop_ibuf_I_O)         0.219     4.219 f  clk_IBUF_inst/O
                         net (fo=1, routed)           0.842     5.060    test_clk_OBUF
    BUFGCTRL_X0Y16       BUFG (Prop_bufg_I_O)         0.026     5.086 f  test_clk_OBUF_BUFG_inst/O
                         net (fo=1817, routed)        0.565     5.651    processor/DataMemory_inst/test_clk_OBUF_BUFG
    SLICE_X32Y49         FDRE                                         r  processor/DataMemory_inst/Tarolo_reg[56][9]/C  (IS_INVERTED)
  -------------------------------------------------------------------    -------------------
    SLICE_X32Y49         FDRE (Prop_fdre_C_Q)         0.167     5.818 r  processor/DataMemory_inst/Tarolo_reg[56][9]/Q
                         net (fo=1, routed)           0.049     5.867    processor/DataMemory_inst/Tarolo_reg[56]_56[9]
    SLICE_X33Y49         LUT6 (Prop_lut6_I5_O)        0.045     5.912 f  processor/DataMemory_inst/DataMemOut[9]_i_22/O
                         net (fo=1, routed)           0.174     6.086    processor/DataMemory_inst/DataMemOut[9]_i_22_n_0
    SLICE_X32Y52         LUT6 (Prop_lut6_I4_O)        0.045     6.131 r  processor/DataMemory_inst/DataMemOut[9]_i_7/O
                         net (fo=1, routed)           0.000     6.131    processor/DataMemory_inst/DataMemOut[9]_i_7_n_0
    SLICE_X32Y52         MUXF7 (Prop_muxf7_I1_O)      0.064     6.195 r  processor/DataMemory_inst/DataMemOut_reg[9]_i_3/O
                         net (fo=1, routed)           0.000     6.195    processor/DataMemory_inst/DataMemOut_reg[9]_i_3_n_0
    SLICE_X32Y52         MUXF8 (Prop_muxf8_I1_O)      0.019     6.214 r  processor/DataMemory_inst/DataMemOut_reg[9]_i_1/O
                         net (fo=1, routed)           0.000     6.214    processor/DataMemory_inst/Tarolo[0]_128[9]
    SLICE_X32Y52         FDRE                                         r  processor/DataMemory_inst/DataMemOut_reg[9]/D
  -------------------------------------------------------------------    -------------------

                         (clock sys_clk_pin fall edge)
                                                      4.000     4.000 f  
    H16                                               0.000     4.000 f  clk (IN)
                         net (fo=0)                   0.000     4.000    clk
    H16                  IBUF (Prop_ibuf_I_O)         0.406     4.406 f  clk_IBUF_inst/O
                         net (fo=1, routed)           0.907     5.313    test_clk_OBUF
    BUFGCTRL_X0Y16       BUFG (Prop_bufg_I_O)         0.029     5.342 f  test_clk_OBUF_BUFG_inst/O
                         net (fo=1817, routed)        0.826     6.168    processor/DataMemory_inst/test_clk_OBUF_BUFG
    SLICE_X32Y52         FDRE                                         r  processor/DataMemory_inst/DataMemOut_reg[9]/C  (IS_INVERTED)
                         clock pessimism             -0.256     5.912    
    SLICE_X32Y52         FDRE (Hold_fdre_C_D)         0.138     6.050    processor/DataMemory_inst/DataMemOut_reg[9]
  -------------------------------------------------------------------
                         required time                         -6.050    
                         arrival time                           6.214    
  -------------------------------------------------------------------
                         slack                                  0.163    





Pulse Width Checks
--------------------------------------------------------------------------------------
Clock Name:         sys_clk_pin
Waveform(ns):       { 0.000 4.000 }
Period(ns):         8.000
Sources:            { clk }

Check Type        Corner  Lib Pin             Reference Pin  Required(ns)  Actual(ns)  Slack(ns)  Location        Pin
Min Period        n/a     RAMB36E1/CLKARDCLK  n/a            2.576         8.000       5.424      RAMB36_X2Y5     mem/ram_2k_generate.akv7.kcpsm6_rom/CLKARDCLK
Min Period        n/a     BUFG/I              n/a            2.155         8.000       5.845      BUFGCTRL_X0Y16  test_clk_OBUF_BUFG_inst/I
Min Period        n/a     FDRE/C              n/a            1.000         8.000       7.000      SLICE_X23Y25    data_count_reg[0]/C
Min Period        n/a     FDRE/C              n/a            1.000         8.000       7.000      SLICE_X23Y25    data_count_reg[1]/C
Min Period        n/a     FDRE/C              n/a            1.000         8.000       7.000      SLICE_X23Y25    data_count_reg[2]/C
Min Period        n/a     FDRE/C              n/a            1.000         8.000       7.000      SLICE_X23Y25    data_count_reg[3]/C
Min Period        n/a     FDRE/C              n/a            1.000         8.000       7.000      SLICE_X22Y25    data_count_reg[4]/C
Min Period        n/a     FDRE/C              n/a            1.000         8.000       7.000      SLICE_X22Y26    data_inter_reg/C
Min Period        n/a     FDRE/C              n/a            1.000         8.000       7.000      SLICE_X26Y32    inport_reg[0]/C
Min Period        n/a     FDRE/C              n/a            1.000         8.000       7.000      SLICE_X27Y34    inport_reg[1]/C
Low Pulse Width   Slow    FDRE/C              n/a            0.500         4.000       3.500      SLICE_X23Y25    data_count_reg[0]/C
Low Pulse Width   Fast    FDRE/C              n/a            0.500         4.000       3.500      SLICE_X23Y25    data_count_reg[0]/C
Low Pulse Width   Slow    FDRE/C              n/a            0.500         4.000       3.500      SLICE_X23Y25    data_count_reg[1]/C
Low Pulse Width   Fast    FDRE/C              n/a            0.500         4.000       3.500      SLICE_X23Y25    data_count_reg[1]/C
Low Pulse Width   Slow    FDRE/C              n/a            0.500         4.000       3.500      SLICE_X23Y25    data_count_reg[2]/C
Low Pulse Width   Fast    FDRE/C              n/a            0.500         4.000       3.500      SLICE_X23Y25    data_count_reg[2]/C
Low Pulse Width   Slow    FDRE/C              n/a            0.500         4.000       3.500      SLICE_X23Y25    data_count_reg[3]/C
Low Pulse Width   Fast    FDRE/C              n/a            0.500         4.000       3.500      SLICE_X23Y25    data_count_reg[3]/C
Low Pulse Width   Slow    FDRE/C              n/a            0.500         4.000       3.500      SLICE_X22Y25    data_count_reg[4]/C
Low Pulse Width   Fast    FDRE/C              n/a            0.500         4.000       3.500      SLICE_X22Y25    data_count_reg[4]/C
High Pulse Width  Slow    FDRE/C              n/a            0.500         4.000       3.500      SLICE_X23Y25    data_count_reg[0]/C
High Pulse Width  Fast    FDRE/C              n/a            0.500         4.000       3.500      SLICE_X23Y25    data_count_reg[0]/C
High Pulse Width  Slow    FDRE/C              n/a            0.500         4.000       3.500      SLICE_X23Y25    data_count_reg[1]/C
High Pulse Width  Fast    FDRE/C              n/a            0.500         4.000       3.500      SLICE_X23Y25    data_count_reg[1]/C
High Pulse Width  Slow    FDRE/C              n/a            0.500         4.000       3.500      SLICE_X23Y25    data_count_reg[2]/C
High Pulse Width  Fast    FDRE/C              n/a            0.500         4.000       3.500      SLICE_X23Y25    data_count_reg[2]/C
High Pulse Width  Slow    FDRE/C              n/a            0.500         4.000       3.500      SLICE_X23Y25    data_count_reg[3]/C
High Pulse Width  Fast    FDRE/C              n/a            0.500         4.000       3.500      SLICE_X23Y25    data_count_reg[3]/C
High Pulse Width  Slow    FDRE/C              n/a            0.500         4.000       3.500      SLICE_X22Y25    data_count_reg[4]/C
High Pulse Width  Fast    FDRE/C              n/a            0.500         4.000       3.500      SLICE_X22Y25    data_count_reg[4]/C



--------------------------------------------------------------------------------------
Path Group:  (none)
From Clock:  
  To Clock:  

Max Delay             4 Endpoints
Min Delay             4 Endpoints
--------------------------------------------------------------------------------------


Max Delay Paths
--------------------------------------------------------------------------------------
Slack:                    inf
  Source:                 LEDsw
                            (input port)
  Destination:            led[3]
                            (output port)
  Path Group:             (none)
  Path Type:              Max at Slow Process Corner
  Data Path Delay:        17.761ns  (logic 5.475ns (30.828%)  route 12.286ns (69.172%))
  Logic Levels:           3  (IBUF=1 LUT3=1 OBUF=1)

    Location             Delay type                Incr(ns)  Path(ns)    Netlist Resource(s)
  -------------------------------------------------------------------    -------------------
    M20                                               0.000     0.000 r  LEDsw (IN)
                         net (fo=0)                   0.000     0.000    LEDsw
    M20                  IBUF (Prop_ibuf_I_O)         1.542     1.542 r  LEDsw_IBUF_inst/O
                         net (fo=4, routed)           5.848     7.390    LEDsw_IBUF
    SLICE_X25Y31         LUT3 (Prop_lut3_I1_O)        0.150     7.540 r  led_OBUF[3]_inst_i_1/O
                         net (fo=1, routed)           6.438    13.978    led_OBUF[3]
    M14                  OBUF (Prop_obuf_I_O)         3.783    17.761 r  led_OBUF[3]_inst/O
                         net (fo=0)                   0.000    17.761    led[3]
    M14                                                               r  led[3] (OUT)
  -------------------------------------------------------------------    -------------------

Slack:                    inf
  Source:                 LEDsw
                            (input port)
  Destination:            led[0]
                            (output port)
  Path Group:             (none)
  Path Type:              Max at Slow Process Corner
  Data Path Delay:        17.578ns  (logic 5.426ns (30.869%)  route 12.152ns (69.131%))
  Logic Levels:           3  (IBUF=1 LUT3=1 OBUF=1)

    Location             Delay type                Incr(ns)  Path(ns)    Netlist Resource(s)
  -------------------------------------------------------------------    -------------------
    M20                                               0.000     0.000 r  LEDsw (IN)
                         net (fo=0)                   0.000     0.000    LEDsw
    M20                  IBUF (Prop_ibuf_I_O)         1.542     1.542 r  LEDsw_IBUF_inst/O
                         net (fo=4, routed)           6.068     7.610    LEDsw_IBUF
    SLICE_X25Y32         LUT3 (Prop_lut3_I1_O)        0.152     7.762 r  led_OBUF[0]_inst_i_1/O
                         net (fo=1, routed)           6.084    13.846    led_OBUF[0]
    R14                  OBUF (Prop_obuf_I_O)         3.732    17.578 r  led_OBUF[0]_inst/O
                         net (fo=0)                   0.000    17.578    led[0]
    R14                                                               r  led[0] (OUT)
  -------------------------------------------------------------------    -------------------

Slack:                    inf
  Source:                 LEDsw
                            (input port)
  Destination:            led[2]
                            (output port)
  Path Group:             (none)
  Path Type:              Max at Slow Process Corner
  Data Path Delay:        17.577ns  (logic 5.239ns (29.805%)  route 12.338ns (70.195%))
  Logic Levels:           3  (IBUF=1 LUT3=1 OBUF=1)

    Location             Delay type                Incr(ns)  Path(ns)    Netlist Resource(s)
  -------------------------------------------------------------------    -------------------
    M20                                               0.000     0.000 r  LEDsw (IN)
                         net (fo=0)                   0.000     0.000    LEDsw
    M20                  IBUF (Prop_ibuf_I_O)         1.542     1.542 r  LEDsw_IBUF_inst/O
                         net (fo=4, routed)           5.848     7.390    LEDsw_IBUF
    SLICE_X25Y31         LUT3 (Prop_lut3_I1_O)        0.124     7.514 r  led_OBUF[2]_inst_i_1/O
                         net (fo=1, routed)           6.490    14.004    led_OBUF[2]
    N16                  OBUF (Prop_obuf_I_O)         3.572    17.577 r  led_OBUF[2]_inst/O
                         net (fo=0)                   0.000    17.577    led[2]
    N16                                                               r  led[2] (OUT)
  -------------------------------------------------------------------    -------------------

Slack:                    inf
  Source:                 LEDsw
                            (input port)
  Destination:            led[1]
                            (output port)
  Path Group:             (none)
  Path Type:              Max at Slow Process Corner
  Data Path Delay:        17.192ns  (logic 5.224ns (30.384%)  route 11.968ns (69.616%))
  Logic Levels:           3  (IBUF=1 LUT3=1 OBUF=1)

    Location             Delay type                Incr(ns)  Path(ns)    Netlist Resource(s)
  -------------------------------------------------------------------    -------------------
    M20                                               0.000     0.000 r  LEDsw (IN)
                         net (fo=0)                   0.000     0.000    LEDsw
    M20                  IBUF (Prop_ibuf_I_O)         1.542     1.542 r  LEDsw_IBUF_inst/O
                         net (fo=4, routed)           6.068     7.610    LEDsw_IBUF
    SLICE_X25Y32         LUT3 (Prop_lut3_I1_O)        0.124     7.734 r  led_OBUF[1]_inst_i_1/O
                         net (fo=1, routed)           5.900    13.634    led_OBUF[1]
    P14                  OBUF (Prop_obuf_I_O)         3.557    17.192 r  led_OBUF[1]_inst/O
                         net (fo=0)                   0.000    17.192    led[1]
    P14                                                               r  led[1] (OUT)
  -------------------------------------------------------------------    -------------------





Min Delay Paths
--------------------------------------------------------------------------------------
Slack:                    inf
  Source:                 LEDsw
                            (input port)
  Destination:            led[1]
                            (output port)
  Path Group:             (none)
  Path Type:              Min at Fast Process Corner
  Data Path Delay:        6.630ns  (logic 1.612ns (24.322%)  route 5.017ns (75.678%))
  Logic Levels:           3  (IBUF=1 LUT3=1 OBUF=1)

    Location             Delay type                Incr(ns)  Path(ns)    Netlist Resource(s)
  -------------------------------------------------------------------    -------------------
    M20                                               0.000     0.000 r  LEDsw (IN)
                         net (fo=0)                   0.000     0.000    LEDsw
    M20                  IBUF (Prop_ibuf_I_O)         0.309     0.309 r  LEDsw_IBUF_inst/O
                         net (fo=4, routed)           2.695     3.004    LEDsw_IBUF
    SLICE_X25Y32         LUT3 (Prop_lut3_I1_O)        0.045     3.049 r  led_OBUF[1]_inst_i_1/O
                         net (fo=1, routed)           2.322     5.372    led_OBUF[1]
    P14                  OBUF (Prop_obuf_I_O)         1.258     6.630 r  led_OBUF[1]_inst/O
                         net (fo=0)                   0.000     6.630    led[1]
    P14                                                               r  led[1] (OUT)
  -------------------------------------------------------------------    -------------------

Slack:                    inf
  Source:                 LEDsw
                            (input port)
  Destination:            led[0]
                            (output port)
  Path Group:             (none)
  Path Type:              Min at Fast Process Corner
  Data Path Delay:        6.738ns  (logic 1.646ns (24.431%)  route 5.092ns (75.569%))
  Logic Levels:           3  (IBUF=1 LUT3=1 OBUF=1)

    Location             Delay type                Incr(ns)  Path(ns)    Netlist Resource(s)
  -------------------------------------------------------------------    -------------------
    M20                                               0.000     0.000 r  LEDsw (IN)
                         net (fo=0)                   0.000     0.000    LEDsw
    M20                  IBUF (Prop_ibuf_I_O)         0.309     0.309 r  LEDsw_IBUF_inst/O
                         net (fo=4, routed)           2.695     3.004    LEDsw_IBUF
    SLICE_X25Y32         LUT3 (Prop_lut3_I1_O)        0.044     3.048 r  led_OBUF[0]_inst_i_1/O
                         net (fo=1, routed)           2.397     5.445    led_OBUF[0]
    R14                  OBUF (Prop_obuf_I_O)         1.293     6.738 r  led_OBUF[0]_inst/O
                         net (fo=0)                   0.000     6.738    led[0]
    R14                                                               r  led[0] (OUT)
  -------------------------------------------------------------------    -------------------

Slack:                    inf
  Source:                 LEDsw
                            (input port)
  Destination:            led[2]
                            (output port)
  Path Group:             (none)
  Path Type:              Min at Fast Process Corner
  Data Path Delay:        6.896ns  (logic 1.627ns (23.597%)  route 5.269ns (76.403%))
  Logic Levels:           3  (IBUF=1 LUT3=1 OBUF=1)

    Location             Delay type                Incr(ns)  Path(ns)    Netlist Resource(s)
  -------------------------------------------------------------------    -------------------
    M20                                               0.000     0.000 r  LEDsw (IN)
                         net (fo=0)                   0.000     0.000    LEDsw
    M20                  IBUF (Prop_ibuf_I_O)         0.309     0.309 r  LEDsw_IBUF_inst/O
                         net (fo=4, routed)           2.602     2.911    LEDsw_IBUF
    SLICE_X25Y31         LUT3 (Prop_lut3_I1_O)        0.045     2.956 r  led_OBUF[2]_inst_i_1/O
                         net (fo=1, routed)           2.667     5.624    led_OBUF[2]
    N16                  OBUF (Prop_obuf_I_O)         1.273     6.896 r  led_OBUF[2]_inst/O
                         net (fo=0)                   0.000     6.896    led[2]
    N16                                                               r  led[2] (OUT)
  -------------------------------------------------------------------    -------------------

Slack:                    inf
  Source:                 LEDsw
                            (input port)
  Destination:            led[3]
                            (output port)
  Path Group:             (none)
  Path Type:              Min at Fast Process Corner
  Data Path Delay:        6.945ns  (logic 1.699ns (24.460%)  route 5.247ns (75.540%))
  Logic Levels:           3  (IBUF=1 LUT3=1 OBUF=1)

    Location             Delay type                Incr(ns)  Path(ns)    Netlist Resource(s)
  -------------------------------------------------------------------    -------------------
    M20                                               0.000     0.000 r  LEDsw (IN)
                         net (fo=0)                   0.000     0.000    LEDsw
    M20                  IBUF (Prop_ibuf_I_O)         0.309     0.309 r  LEDsw_IBUF_inst/O
                         net (fo=4, routed)           2.602     2.911    LEDsw_IBUF
    SLICE_X25Y31         LUT3 (Prop_lut3_I1_O)        0.046     2.957 r  led_OBUF[3]_inst_i_1/O
                         net (fo=1, routed)           2.645     5.602    led_OBUF[3]
    M14                  OBUF (Prop_obuf_I_O)         1.343     6.945 r  led_OBUF[3]_inst/O
                         net (fo=0)                   0.000     6.945    led[3]
    M14                                                               r  led[3] (OUT)
  -------------------------------------------------------------------    -------------------





--------------------------------------------------------------------------------------
Path Group:  (none)
From Clock:  sys_clk_pin
  To Clock:  

Max Delay            82 Endpoints
Min Delay            82 Endpoints
--------------------------------------------------------------------------------------


Max Delay Paths
--------------------------------------------------------------------------------------
Slack:                    inf
  Source:                 psdatabuff_reg[3]/C
                            (rising edge-triggered cell FDRE clocked by sys_clk_pin  {rise@0.000ns fall@4.000ns period=8.000ns})
  Destination:            led[3]
                            (output port)
  Path Group:             (none)
  Path Type:              Max at Slow Process Corner
  Data Path Delay:        11.470ns  (logic 4.389ns (38.265%)  route 7.081ns (61.735%))
  Logic Levels:           2  (LUT3=1 OBUF=1)
  Clock Uncertainty:      0.025ns  ((TSJ^2 + TIJ^2)^1/2 + DJ) / 2 + PE
    Total System Jitter     (TSJ):    0.050ns
    Total Input Jitter      (TIJ):    0.000ns
    Discrete Jitter          (DJ):    0.000ns
    Phase Error              (PE):    0.000ns

    Location             Delay type                Incr(ns)  Path(ns)    Netlist Resource(s)
  -------------------------------------------------------------------    -------------------
                         (clock sys_clk_pin rise edge)
                                                      0.000     0.000 r  
    H16                                               0.000     0.000 r  clk (IN)
                         net (fo=0)                   0.000     0.000    clk
    H16                  IBUF (Prop_ibuf_I_O)         1.451     1.451 r  clk_IBUF_inst/O
                         net (fo=1, routed)           2.522     3.973    test_clk_OBUF
    BUFGCTRL_X0Y16       BUFG (Prop_bufg_I_O)         0.101     4.074 r  test_clk_OBUF_BUFG_inst/O
                         net (fo=1817, routed)        1.738     5.812    test_clk_OBUF_BUFG
    SLICE_X25Y31         FDRE                                         r  psdatabuff_reg[3]/C
  -------------------------------------------------------------------    -------------------
    SLICE_X25Y31         FDRE (Prop_fdre_C_Q)         0.456     6.268 r  psdatabuff_reg[3]/Q
                         net (fo=1, routed)           0.643     6.911    psdatabuff_reg_n_0_[3]
    SLICE_X25Y31         LUT3 (Prop_lut3_I2_O)        0.150     7.061 r  led_OBUF[3]_inst_i_1/O
                         net (fo=1, routed)           6.438    13.499    led_OBUF[3]
    M14                  OBUF (Prop_obuf_I_O)         3.783    17.282 r  led_OBUF[3]_inst/O
                         net (fo=0)                   0.000    17.282    led[3]
    M14                                                               r  led[3] (OUT)
  -------------------------------------------------------------------    -------------------

Slack:                    inf
  Source:                 psdatabuff_reg[6]/C
                            (rising edge-triggered cell FDRE clocked by sys_clk_pin  {rise@0.000ns fall@4.000ns period=8.000ns})
  Destination:            led[2]
                            (output port)
  Path Group:             (none)
  Path Type:              Max at Slow Process Corner
  Data Path Delay:        11.446ns  (logic 4.287ns (37.457%)  route 7.159ns (62.543%))
  Logic Levels:           2  (LUT3=1 OBUF=1)
  Clock Uncertainty:      0.025ns  ((TSJ^2 + TIJ^2)^1/2 + DJ) / 2 + PE
    Total System Jitter     (TSJ):    0.050ns
    Total Input Jitter      (TIJ):    0.000ns
    Discrete Jitter          (DJ):    0.000ns
    Phase Error              (PE):    0.000ns

    Location             Delay type                Incr(ns)  Path(ns)    Netlist Resource(s)
  -------------------------------------------------------------------    -------------------
                         (clock sys_clk_pin rise edge)
                                                      0.000     0.000 r  
    H16                                               0.000     0.000 r  clk (IN)
                         net (fo=0)                   0.000     0.000    clk
    H16                  IBUF (Prop_ibuf_I_O)         1.451     1.451 r  clk_IBUF_inst/O
                         net (fo=1, routed)           2.522     3.973    test_clk_OBUF
    BUFGCTRL_X0Y16       BUFG (Prop_bufg_I_O)         0.101     4.074 r  test_clk_OBUF_BUFG_inst/O
                         net (fo=1817, routed)        1.738     5.812    test_clk_OBUF_BUFG
    SLICE_X25Y31         FDRE                                         r  psdatabuff_reg[6]/C
  -------------------------------------------------------------------    -------------------
    SLICE_X25Y31         FDRE (Prop_fdre_C_Q)         0.419     6.231 r  psdatabuff_reg[6]/Q
                         net (fo=1, routed)           0.669     6.899    psdatabuff_reg_n_0_[6]
    SLICE_X25Y31         LUT3 (Prop_lut3_I0_O)        0.296     7.195 r  led_OBUF[2]_inst_i_1/O
                         net (fo=1, routed)           6.490    13.685    led_OBUF[2]
    N16                  OBUF (Prop_obuf_I_O)         3.572    17.258 r  led_OBUF[2]_inst/O
                         net (fo=0)                   0.000    17.258    led[2]
    N16                                                               r  led[2] (OUT)
  -------------------------------------------------------------------    -------------------

Slack:                    inf
  Source:                 psdatabuff_reg[0]/C
                            (rising edge-triggered cell FDRE clocked by sys_clk_pin  {rise@0.000ns fall@4.000ns period=8.000ns})
  Destination:            led[0]
                            (output port)
  Path Group:             (none)
  Path Type:              Max at Slow Process Corner
  Data Path Delay:        11.057ns  (logic 4.338ns (39.231%)  route 6.719ns (60.769%))
  Logic Levels:           2  (LUT3=1 OBUF=1)
  Clock Uncertainty:      0.025ns  ((TSJ^2 + TIJ^2)^1/2 + DJ) / 2 + PE
    Total System Jitter     (TSJ):    0.050ns
    Total Input Jitter      (TIJ):    0.000ns
    Discrete Jitter          (DJ):    0.000ns
    Phase Error              (PE):    0.000ns

    Location             Delay type                Incr(ns)  Path(ns)    Netlist Resource(s)
  -------------------------------------------------------------------    -------------------
                         (clock sys_clk_pin rise edge)
                                                      0.000     0.000 r  
    H16                                               0.000     0.000 r  clk (IN)
                         net (fo=0)                   0.000     0.000    clk
    H16                  IBUF (Prop_ibuf_I_O)         1.451     1.451 r  clk_IBUF_inst/O
                         net (fo=1, routed)           2.522     3.973    test_clk_OBUF
    BUFGCTRL_X0Y16       BUFG (Prop_bufg_I_O)         0.101     4.074 r  test_clk_OBUF_BUFG_inst/O
                         net (fo=1817, routed)        1.738     5.812    test_clk_OBUF_BUFG
    SLICE_X25Y31         FDRE                                         r  psdatabuff_reg[0]/C
  -------------------------------------------------------------------    -------------------
    SLICE_X25Y31         FDRE (Prop_fdre_C_Q)         0.456     6.268 r  psdatabuff_reg[0]/Q
                         net (fo=1, routed)           0.635     6.903    psdatabuff_reg_n_0_[0]
    SLICE_X25Y32         LUT3 (Prop_lut3_I2_O)        0.150     7.053 r  led_OBUF[0]_inst_i_1/O
                         net (fo=1, routed)           6.084    13.137    led_OBUF[0]
    R14                  OBUF (Prop_obuf_I_O)         3.732    16.869 r  led_OBUF[0]_inst/O
                         net (fo=0)                   0.000    16.869    led[0]
    R14                                                               r  led[0] (OUT)
  -------------------------------------------------------------------    -------------------

Slack:                    inf
  Source:                 psdatabuff_reg[5]/C
                            (rising edge-triggered cell FDRE clocked by sys_clk_pin  {rise@0.000ns fall@4.000ns period=8.000ns})
  Destination:            led[1]
                            (output port)
  Path Group:             (none)
  Path Type:              Max at Slow Process Corner
  Data Path Delay:        10.835ns  (logic 4.137ns (38.186%)  route 6.698ns (61.814%))
  Logic Levels:           2  (LUT3=1 OBUF=1)
  Clock Uncertainty:      0.025ns  ((TSJ^2 + TIJ^2)^1/2 + DJ) / 2 + PE
    Total System Jitter     (TSJ):    0.050ns
    Total Input Jitter      (TIJ):    0.000ns
    Discrete Jitter          (DJ):    0.000ns
    Phase Error              (PE):    0.000ns

    Location             Delay type                Incr(ns)  Path(ns)    Netlist Resource(s)
  -------------------------------------------------------------------    -------------------
                         (clock sys_clk_pin rise edge)
                                                      0.000     0.000 r  
    H16                                               0.000     0.000 r  clk (IN)
                         net (fo=0)                   0.000     0.000    clk
    H16                  IBUF (Prop_ibuf_I_O)         1.451     1.451 r  clk_IBUF_inst/O
                         net (fo=1, routed)           2.522     3.973    test_clk_OBUF
    BUFGCTRL_X0Y16       BUFG (Prop_bufg_I_O)         0.101     4.074 r  test_clk_OBUF_BUFG_inst/O
                         net (fo=1817, routed)        1.738     5.812    test_clk_OBUF_BUFG
    SLICE_X25Y31         FDRE                                         r  psdatabuff_reg[5]/C
  -------------------------------------------------------------------    -------------------
    SLICE_X25Y31         FDRE (Prop_fdre_C_Q)         0.456     6.268 r  psdatabuff_reg[5]/Q
                         net (fo=1, routed)           0.797     7.065    psdatabuff_reg_n_0_[5]
    SLICE_X25Y32         LUT3 (Prop_lut3_I0_O)        0.124     7.189 r  led_OBUF[1]_inst_i_1/O
                         net (fo=1, routed)           5.900    13.089    led_OBUF[1]
    P14                  OBUF (Prop_obuf_I_O)         3.557    16.647 r  led_OBUF[1]_inst/O
                         net (fo=0)                   0.000    16.647    led[1]
    P14                                                               r  led[1] (OUT)
  -------------------------------------------------------------------    -------------------

Slack:                    inf
  Source:                 clk
                            (clock source 'sys_clk_pin'  {rise@0.000ns fall@4.000ns period=8.000ns})
  Destination:            test_clk
                            (output port)
  Path Group:             (none)
  Path Type:              Max at Slow Process Corner
  Data Path Delay:        9.870ns  (logic 4.215ns (42.709%)  route 5.655ns (57.291%))
  Logic Levels:           3  (BUFG=1 IBUF=1 OBUF=1)
  Clock Uncertainty:      0.025ns  ((TSJ^2 + TIJ^2)^1/2 + DJ) / 2 + PE
    Total System Jitter     (TSJ):    0.050ns
    Total Input Jitter      (TIJ):    0.000ns
    Discrete Jitter          (DJ):    0.000ns
    Phase Error              (PE):    0.000ns

    Location             Delay type                Incr(ns)  Path(ns)    Netlist Resource(s)
  -------------------------------------------------------------------    -------------------
                         (clock sys_clk_pin fall edge)
                                                      4.000     4.000 f  
    H16                                               0.000     4.000 f  clk (IN)
                         net (fo=0)                   0.000     4.000    clk
    H16                  IBUF (Prop_ibuf_I_O)         1.451     5.451 f  clk_IBUF_inst/O
                         net (fo=1, routed)           2.522     7.973    test_clk_OBUF
    BUFGCTRL_X0Y16       BUFG (Prop_bufg_I_O)         0.101     8.074 f  test_clk_OBUF_BUFG_inst/O
                         net (fo=1817, routed)        3.133    11.206    test_clk_OBUF_BUFG
    W9                   OBUF (Prop_obuf_I_O)         2.664    13.870 f  test_clk_OBUF_inst/O
                         net (fo=0)                   0.000    13.870    test_clk
    W9                                                                f  test_clk (OUT)
  -------------------------------------------------------------------    -------------------

Slack:                    inf
  Source:                 lcd_data_buff_reg[1]/C
                            (rising edge-triggered cell FDRE clocked by sys_clk_pin  {rise@0.000ns fall@4.000ns period=8.000ns})
  Destination:            lcd_data[1]
                            (output port)
  Path Group:             (none)
  Path Type:              Max at Slow Process Corner
  Data Path Delay:        6.262ns  (logic 3.109ns (49.642%)  route 3.153ns (50.358%))
  Logic Levels:           1  (OBUF=1)
  Clock Uncertainty:      0.025ns  ((TSJ^2 + TIJ^2)^1/2 + DJ) / 2 + PE
    Total System Jitter     (TSJ):    0.050ns
    Total Input Jitter      (TIJ):    0.000ns
    Discrete Jitter          (DJ):    0.000ns
    Phase Error              (PE):    0.000ns

    Location             Delay type                Incr(ns)  Path(ns)    Netlist Resource(s)
  -------------------------------------------------------------------    -------------------
                         (clock sys_clk_pin rise edge)
                                                      0.000     0.000 r  
    H16                                               0.000     0.000 r  clk (IN)
                         net (fo=0)                   0.000     0.000    clk
    H16                  IBUF (Prop_ibuf_I_O)         1.451     1.451 r  clk_IBUF_inst/O
                         net (fo=1, routed)           2.522     3.973    test_clk_OBUF
    BUFGCTRL_X0Y16       BUFG (Prop_bufg_I_O)         0.101     4.074 r  test_clk_OBUF_BUFG_inst/O
                         net (fo=1817, routed)        1.739     5.813    test_clk_OBUF_BUFG
    SLICE_X23Y28         FDRE                                         r  lcd_data_buff_reg[1]/C
  -------------------------------------------------------------------    -------------------
    SLICE_X23Y28         FDRE (Prop_fdre_C_Q)         0.456     6.269 r  lcd_data_buff_reg[1]/Q
                         net (fo=1, routed)           3.153     9.422    lcd_data_OBUF[1]
    V10                  OBUF (Prop_obuf_I_O)         2.653    12.075 r  lcd_data_OBUF[1]_inst/O
                         net (fo=0)                   0.000    12.075    lcd_data[1]
    V10                                                               r  lcd_data[1] (OUT)
  -------------------------------------------------------------------    -------------------

Slack:                    inf
  Source:                 lcd_data_buff_reg[4]/C
                            (rising edge-triggered cell FDRE clocked by sys_clk_pin  {rise@0.000ns fall@4.000ns period=8.000ns})
  Destination:            lcd_data[4]
                            (output port)
  Path Group:             (none)
  Path Type:              Max at Slow Process Corner
  Data Path Delay:        6.257ns  (logic 3.289ns (52.566%)  route 2.968ns (47.434%))
  Logic Levels:           1  (OBUF=1)
  Clock Uncertainty:      0.025ns  ((TSJ^2 + TIJ^2)^1/2 + DJ) / 2 + PE
    Total System Jitter     (TSJ):    0.050ns
    Total Input Jitter      (TIJ):    0.000ns
    Discrete Jitter          (DJ):    0.000ns
    Phase Error              (PE):    0.000ns

    Location             Delay type                Incr(ns)  Path(ns)    Netlist Resource(s)
  -------------------------------------------------------------------    -------------------
                         (clock sys_clk_pin rise edge)
                                                      0.000     0.000 r  
    H16                                               0.000     0.000 r  clk (IN)
                         net (fo=0)                   0.000     0.000    clk
    H16                  IBUF (Prop_ibuf_I_O)         1.451     1.451 r  clk_IBUF_inst/O
                         net (fo=1, routed)           2.522     3.973    test_clk_OBUF
    BUFGCTRL_X0Y16       BUFG (Prop_bufg_I_O)         0.101     4.074 r  test_clk_OBUF_BUFG_inst/O
                         net (fo=1817, routed)        1.739     5.813    test_clk_OBUF_BUFG
    SLICE_X23Y28         FDRE                                         r  lcd_data_buff_reg[4]/C
  -------------------------------------------------------------------    -------------------
    SLICE_X23Y28         FDRE (Prop_fdre_C_Q)         0.419     6.232 r  lcd_data_buff_reg[4]/Q
                         net (fo=1, routed)           2.968     9.199    lcd_data_OBUF[4]
    Y12                  OBUF (Prop_obuf_I_O)         2.870    12.069 r  lcd_data_OBUF[4]_inst/O
                         net (fo=0)                   0.000    12.069    lcd_data[4]
    Y12                                                               r  lcd_data[4] (OUT)
  -------------------------------------------------------------------    -------------------

Slack:                    inf
  Source:                 lcd_data_buff_reg[5]/C
                            (rising edge-triggered cell FDRE clocked by sys_clk_pin  {rise@0.000ns fall@4.000ns period=8.000ns})
  Destination:            lcd_data[5]
                            (output port)
  Path Group:             (none)
  Path Type:              Max at Slow Process Corner
  Data Path Delay:        6.208ns  (logic 3.197ns (51.489%)  route 3.012ns (48.511%))
  Logic Levels:           1  (OBUF=1)
  Clock Uncertainty:      0.025ns  ((TSJ^2 + TIJ^2)^1/2 + DJ) / 2 + PE
    Total System Jitter     (TSJ):    0.050ns
    Total Input Jitter      (TIJ):    0.000ns
    Discrete Jitter          (DJ):    0.000ns
    Phase Error              (PE):    0.000ns

    Location             Delay type                Incr(ns)  Path(ns)    Netlist Resource(s)
  -------------------------------------------------------------------    -------------------
                         (clock sys_clk_pin rise edge)
                                                      0.000     0.000 r  
    H16                                               0.000     0.000 r  clk (IN)
                         net (fo=0)                   0.000     0.000    clk
    H16                  IBUF (Prop_ibuf_I_O)         1.451     1.451 r  clk_IBUF_inst/O
                         net (fo=1, routed)           2.522     3.973    test_clk_OBUF
    BUFGCTRL_X0Y16       BUFG (Prop_bufg_I_O)         0.101     4.074 r  test_clk_OBUF_BUFG_inst/O
                         net (fo=1817, routed)        1.739     5.813    test_clk_OBUF_BUFG
    SLICE_X23Y28         FDRE                                         r  lcd_data_buff_reg[5]/C
  -------------------------------------------------------------------    -------------------
    SLICE_X23Y28         FDRE (Prop_fdre_C_Q)         0.419     6.232 r  lcd_data_buff_reg[5]/Q
                         net (fo=1, routed)           3.012     9.243    lcd_data_OBUF[5]
    U5                   OBUF (Prop_obuf_I_O)         2.778    12.021 r  lcd_data_OBUF[5]_inst/O
                         net (fo=0)                   0.000    12.021    lcd_data[5]
    U5                                                                r  lcd_data[5] (OUT)
  -------------------------------------------------------------------    -------------------

Slack:                    inf
  Source:                 lcd_data_buff_reg[3]/C
                            (rising edge-triggered cell FDRE clocked by sys_clk_pin  {rise@0.000ns fall@4.000ns period=8.000ns})
  Destination:            lcd_data[3]
                            (output port)
  Path Group:             (none)
  Path Type:              Max at Slow Process Corner
  Data Path Delay:        6.131ns  (logic 3.152ns (51.416%)  route 2.979ns (48.584%))
  Logic Levels:           1  (OBUF=1)
  Clock Uncertainty:      0.025ns  ((TSJ^2 + TIJ^2)^1/2 + DJ) / 2 + PE
    Total System Jitter     (TSJ):    0.050ns
    Total Input Jitter      (TIJ):    0.000ns
    Discrete Jitter          (DJ):    0.000ns
    Phase Error              (PE):    0.000ns

    Location             Delay type                Incr(ns)  Path(ns)    Netlist Resource(s)
  -------------------------------------------------------------------    -------------------
                         (clock sys_clk_pin rise edge)
                                                      0.000     0.000 r  
    H16                                               0.000     0.000 r  clk (IN)
                         net (fo=0)                   0.000     0.000    clk
    H16                  IBUF (Prop_ibuf_I_O)         1.451     1.451 r  clk_IBUF_inst/O
                         net (fo=1, routed)           2.522     3.973    test_clk_OBUF
    BUFGCTRL_X0Y16       BUFG (Prop_bufg_I_O)         0.101     4.074 r  test_clk_OBUF_BUFG_inst/O
                         net (fo=1817, routed)        1.739     5.813    test_clk_OBUF_BUFG
    SLICE_X23Y28         FDRE                                         r  lcd_data_buff_reg[3]/C
  -------------------------------------------------------------------    -------------------
    SLICE_X23Y28         FDRE (Prop_fdre_C_Q)         0.456     6.269 r  lcd_data_buff_reg[3]/Q
                         net (fo=1, routed)           2.979     9.247    lcd_data_OBUF[3]
    Y13                  OBUF (Prop_obuf_I_O)         2.696    11.944 r  lcd_data_OBUF[3]_inst/O
                         net (fo=0)                   0.000    11.944    lcd_data[3]
    Y13                                                               r  lcd_data[3] (OUT)
  -------------------------------------------------------------------    -------------------

Slack:                    inf
  Source:                 lcd_data_buff_reg[2]/C
                            (rising edge-triggered cell FDRE clocked by sys_clk_pin  {rise@0.000ns fall@4.000ns period=8.000ns})
  Destination:            lcd_data[2]
                            (output port)
  Path Group:             (none)
  Path Type:              Max at Slow Process Corner
  Data Path Delay:        6.102ns  (logic 3.110ns (50.975%)  route 2.992ns (49.025%))
  Logic Levels:           1  (OBUF=1)
  Clock Uncertainty:      0.025ns  ((TSJ^2 + TIJ^2)^1/2 + DJ) / 2 + PE
    Total System Jitter     (TSJ):    0.050ns
    Total Input Jitter      (TIJ):    0.000ns
    Discrete Jitter          (DJ):    0.000ns
    Phase Error              (PE):    0.000ns

    Location             Delay type                Incr(ns)  Path(ns)    Netlist Resource(s)
  -------------------------------------------------------------------    -------------------
                         (clock sys_clk_pin rise edge)
                                                      0.000     0.000 r  
    H16                                               0.000     0.000 r  clk (IN)
                         net (fo=0)                   0.000     0.000    clk
    H16                  IBUF (Prop_ibuf_I_O)         1.451     1.451 r  clk_IBUF_inst/O
                         net (fo=1, routed)           2.522     3.973    test_clk_OBUF
    BUFGCTRL_X0Y16       BUFG (Prop_bufg_I_O)         0.101     4.074 r  test_clk_OBUF_BUFG_inst/O
                         net (fo=1817, routed)        1.739     5.813    test_clk_OBUF_BUFG
    SLICE_X23Y28         FDRE                                         r  lcd_data_buff_reg[2]/C
  -------------------------------------------------------------------    -------------------
    SLICE_X23Y28         FDRE (Prop_fdre_C_Q)         0.456     6.269 r  lcd_data_buff_reg[2]/Q
                         net (fo=1, routed)           2.992     9.260    lcd_data_OBUF[2]
    V11                  OBUF (Prop_obuf_I_O)         2.654    11.915 r  lcd_data_OBUF[2]_inst/O
                         net (fo=0)                   0.000    11.915    lcd_data[2]
    V11                                                               r  lcd_data[2] (OUT)
  -------------------------------------------------------------------    -------------------





Min Delay Paths
--------------------------------------------------------------------------------------
Slack:                    inf
  Source:                 mem/ram_2k_generate.akv7.kcpsm6_rom/CLKARDCLK
                            (rising edge-triggered cell RAMB36E1 clocked by sys_clk_pin  {rise@0.000ns fall@4.000ns period=8.000ns})
  Destination:            processor/IfAndDec_inst/SY_Addr_reg[1]/D
  Path Group:             (none)
  Path Type:              Min at Fast Process Corner
  Data Path Delay:        0.830ns  (logic 0.630ns (75.945%)  route 0.200ns (24.055%))
  Logic Levels:           1  (LUT6=1)
  Clock Uncertainty:      0.025ns  ((TSJ^2 + TIJ^2)^1/2 + DJ) / 2 + PE
    Total System Jitter     (TSJ):    0.050ns
    Total Input Jitter      (TIJ):    0.000ns
    Discrete Jitter          (DJ):    0.000ns
    Phase Error              (PE):    0.000ns

    Location             Delay type                Incr(ns)  Path(ns)    Netlist Resource(s)
  -------------------------------------------------------------------    -------------------
                         (clock sys_clk_pin rise edge)
                                                      0.000     0.000 r  
    H16                                               0.000     0.000 r  clk (IN)
                         net (fo=0)                   0.000     0.000    clk
    H16                  IBUF (Prop_ibuf_I_O)         0.219     0.219 r  clk_IBUF_inst/O
                         net (fo=1, routed)           0.842     1.060    test_clk_OBUF
    BUFGCTRL_X0Y16       BUFG (Prop_bufg_I_O)         0.026     1.086 r  test_clk_OBUF_BUFG_inst/O
                         net (fo=1817, routed)        0.596     1.683    mem/test_clk_OBUF_BUFG
    RAMB36_X2Y5          RAMB36E1                                     r  mem/ram_2k_generate.akv7.kcpsm6_rom/CLKARDCLK
  -------------------------------------------------------------------    -------------------
    RAMB36_X2Y5          RAMB36E1 (Prop_ramb36e1_CLKARDCLK_DOADO[5])
                                                      0.585     2.268 r  mem/ram_2k_generate.akv7.kcpsm6_rom/DOADO[5]
                         net (fo=5, routed)           0.200     2.467    mem/instruction[5]
    SLICE_X33Y28         LUT6 (Prop_lut6_I5_O)        0.045     2.512 r  mem/SY_Addr_reg[1]_i_1/O
                         net (fo=1, routed)           0.000     2.512    processor/IfAndDec_inst/Data_Out_y_reg[0][1]
    SLICE_X33Y28         LDCE                                         r  processor/IfAndDec_inst/SY_Addr_reg[1]/D
  -------------------------------------------------------------------    -------------------

Slack:                    inf
  Source:                 mem/ram_2k_generate.akv7.kcpsm6_rom/CLKARDCLK
                            (rising edge-triggered cell RAMB36E1 clocked by sys_clk_pin  {rise@0.000ns fall@4.000ns period=8.000ns})
  Destination:            processor/IfAndDec_inst/SX_Addr_reg[3]/D
  Path Group:             (none)
  Path Type:              Min at Fast Process Corner
  Data Path Delay:        0.889ns  (logic 0.630ns (70.856%)  route 0.259ns (29.144%))
  Logic Levels:           1  (LUT6=1)
  Clock Uncertainty:      0.025ns  ((TSJ^2 + TIJ^2)^1/2 + DJ) / 2 + PE
    Total System Jitter     (TSJ):    0.050ns
    Total Input Jitter      (TIJ):    0.000ns
    Discrete Jitter          (DJ):    0.000ns
    Phase Error              (PE):    0.000ns

    Location             Delay type                Incr(ns)  Path(ns)    Netlist Resource(s)
  -------------------------------------------------------------------    -------------------
                         (clock sys_clk_pin rise edge)
                                                      0.000     0.000 r  
    H16                                               0.000     0.000 r  clk (IN)
                         net (fo=0)                   0.000     0.000    clk
    H16                  IBUF (Prop_ibuf_I_O)         0.219     0.219 r  clk_IBUF_inst/O
                         net (fo=1, routed)           0.842     1.060    test_clk_OBUF
    BUFGCTRL_X0Y16       BUFG (Prop_bufg_I_O)         0.026     1.086 r  test_clk_OBUF_BUFG_inst/O
                         net (fo=1817, routed)        0.596     1.683    mem/test_clk_OBUF_BUFG
    RAMB36_X2Y5          RAMB36E1                                     r  mem/ram_2k_generate.akv7.kcpsm6_rom/CLKARDCLK
  -------------------------------------------------------------------    -------------------
    RAMB36_X2Y5          RAMB36E1 (Prop_ramb36e1_CLKARDCLK_DOADO[15])
                                                      0.585     2.268 r  mem/ram_2k_generate.akv7.kcpsm6_rom/DOADO[15]
                         net (fo=43, routed)          0.259     2.527    mem/instruction[15]
    SLICE_X33Y29         LUT6 (Prop_lut6_I1_O)        0.045     2.572 r  mem/SX_Addr_reg[3]_i_1/O
                         net (fo=1, routed)           0.000     2.572    processor/IfAndDec_inst/Tarolo_reg[0][15][3]
    SLICE_X33Y29         LDCE                                         r  processor/IfAndDec_inst/SX_Addr_reg[3]/D
  -------------------------------------------------------------------    -------------------

Slack:                    inf
  Source:                 mem/ram_2k_generate.akv7.kcpsm6_rom/CLKARDCLK
                            (rising edge-triggered cell RAMB36E1 clocked by sys_clk_pin  {rise@0.000ns fall@4.000ns period=8.000ns})
  Destination:            processor/IfAndDec_inst/Branch_Addr_reg[10]/D
  Path Group:             (none)
  Path Type:              Min at Fast Process Corner
  Data Path Delay:        0.910ns  (logic 0.630ns (69.268%)  route 0.280ns (30.732%))
  Logic Levels:           1  (LUT2=1)
  Clock Uncertainty:      0.025ns  ((TSJ^2 + TIJ^2)^1/2 + DJ) / 2 + PE
    Total System Jitter     (TSJ):    0.050ns
    Total Input Jitter      (TIJ):    0.000ns
    Discrete Jitter          (DJ):    0.000ns
    Phase Error              (PE):    0.000ns

    Location             Delay type                Incr(ns)  Path(ns)    Netlist Resource(s)
  -------------------------------------------------------------------    -------------------
                         (clock sys_clk_pin rise edge)
                                                      0.000     0.000 r  
    H16                                               0.000     0.000 r  clk (IN)
                         net (fo=0)                   0.000     0.000    clk
    H16                  IBUF (Prop_ibuf_I_O)         0.219     0.219 r  clk_IBUF_inst/O
                         net (fo=1, routed)           0.842     1.060    test_clk_OBUF
    BUFGCTRL_X0Y16       BUFG (Prop_bufg_I_O)         0.026     1.086 r  test_clk_OBUF_BUFG_inst/O
                         net (fo=1817, routed)        0.596     1.683    mem/test_clk_OBUF_BUFG
    RAMB36_X2Y5          RAMB36E1                                     r  mem/ram_2k_generate.akv7.kcpsm6_rom/CLKARDCLK
  -------------------------------------------------------------------    -------------------
    RAMB36_X2Y5          RAMB36E1 (Prop_ramb36e1_CLKARDCLK_DOADO[10])
                                                      0.585     2.268 r  mem/ram_2k_generate.akv7.kcpsm6_rom/DOADO[10]
                         net (fo=2, routed)           0.280     2.547    mem/instruction[10]
    SLICE_X32Y26         LUT2 (Prop_lut2_I1_O)        0.045     2.592 r  mem/Branch_Addr_reg[10]_i_1/O
                         net (fo=1, routed)           0.000     2.592    processor/IfAndDec_inst/programflowcontrol.stackmem_reg[2][11][10]
    SLICE_X32Y26         LDCE                                         r  processor/IfAndDec_inst/Branch_Addr_reg[10]/D
  -------------------------------------------------------------------    -------------------

Slack:                    inf
  Source:                 mem/ram_2k_generate.akv7.kcpsm6_rom/CLKARDCLK
                            (rising edge-triggered cell RAMB36E1 clocked by sys_clk_pin  {rise@0.000ns fall@4.000ns period=8.000ns})
  Destination:            processor/IfAndDec_inst/Branch_Addr_reg[0]/D
  Path Group:             (none)
  Path Type:              Min at Fast Process Corner
  Data Path Delay:        0.951ns  (logic 0.633ns (66.549%)  route 0.318ns (33.451%))
  Logic Levels:           1  (LUT2=1)
  Clock Uncertainty:      0.025ns  ((TSJ^2 + TIJ^2)^1/2 + DJ) / 2 + PE
    Total System Jitter     (TSJ):    0.050ns
    Total Input Jitter      (TIJ):    0.000ns
    Discrete Jitter          (DJ):    0.000ns
    Phase Error              (PE):    0.000ns

    Location             Delay type                Incr(ns)  Path(ns)    Netlist Resource(s)
  -------------------------------------------------------------------    -------------------
                         (clock sys_clk_pin rise edge)
                                                      0.000     0.000 r  
    H16                                               0.000     0.000 r  clk (IN)
                         net (fo=0)                   0.000     0.000    clk
    H16                  IBUF (Prop_ibuf_I_O)         0.219     0.219 r  clk_IBUF_inst/O
                         net (fo=1, routed)           0.842     1.060    test_clk_OBUF
    BUFGCTRL_X0Y16       BUFG (Prop_bufg_I_O)         0.026     1.086 r  test_clk_OBUF_BUFG_inst/O
                         net (fo=1817, routed)        0.596     1.683    mem/test_clk_OBUF_BUFG
    RAMB36_X2Y5          RAMB36E1                                     r  mem/ram_2k_generate.akv7.kcpsm6_rom/CLKARDCLK
  -------------------------------------------------------------------    -------------------
    RAMB36_X2Y5          RAMB36E1 (Prop_ramb36e1_CLKARDCLK_DOADO[0])
                                                      0.585     2.268 r  mem/ram_2k_generate.akv7.kcpsm6_rom/DOADO[0]
                         net (fo=4, routed)           0.318     2.586    mem/instruction[0]
    SLICE_X30Y26         LUT2 (Prop_lut2_I1_O)        0.048     2.634 r  mem/Branch_Addr_reg[0]_i_1/O
                         net (fo=1, routed)           0.000     2.634    processor/IfAndDec_inst/programflowcontrol.stackmem_reg[2][11][0]
    SLICE_X30Y26         LDCE                                         r  processor/IfAndDec_inst/Branch_Addr_reg[0]/D
  -------------------------------------------------------------------    -------------------

Slack:                    inf
  Source:                 mem/ram_2k_generate.akv7.kcpsm6_rom/CLKARDCLK
                            (rising edge-triggered cell RAMB36E1 clocked by sys_clk_pin  {rise@0.000ns fall@4.000ns period=8.000ns})
  Destination:            processor/IfAndDec_inst/SX_Addr_reg[2]/D
  Path Group:             (none)
  Path Type:              Min at Fast Process Corner
  Data Path Delay:        0.969ns  (logic 0.630ns (64.999%)  route 0.339ns (35.001%))
  Logic Levels:           1  (LUT6=1)
  Clock Uncertainty:      0.025ns  ((TSJ^2 + TIJ^2)^1/2 + DJ) / 2 + PE
    Total System Jitter     (TSJ):    0.050ns
    Total Input Jitter      (TIJ):    0.000ns
    Discrete Jitter          (DJ):    0.000ns
    Phase Error              (PE):    0.000ns

    Location             Delay type                Incr(ns)  Path(ns)    Netlist Resource(s)
  -------------------------------------------------------------------    -------------------
                         (clock sys_clk_pin rise edge)
                                                      0.000     0.000 r  
    H16                                               0.000     0.000 r  clk (IN)
                         net (fo=0)                   0.000     0.000    clk
    H16                  IBUF (Prop_ibuf_I_O)         0.219     0.219 r  clk_IBUF_inst/O
                         net (fo=1, routed)           0.842     1.060    test_clk_OBUF
    BUFGCTRL_X0Y16       BUFG (Prop_bufg_I_O)         0.026     1.086 r  test_clk_OBUF_BUFG_inst/O
                         net (fo=1817, routed)        0.596     1.683    mem/test_clk_OBUF_BUFG
    RAMB36_X2Y5          RAMB36E1                                     r  mem/ram_2k_generate.akv7.kcpsm6_rom/CLKARDCLK
  -------------------------------------------------------------------    -------------------
    RAMB36_X2Y5          RAMB36E1 (Prop_ramb36e1_CLKARDCLK_DOADO[14])
                                                      0.585     2.268 r  mem/ram_2k_generate.akv7.kcpsm6_rom/DOADO[14]
                         net (fo=43, routed)          0.284     2.551    mem/instruction[14]
    SLICE_X32Y27         LUT6 (Prop_lut6_I2_O)        0.045     2.596 r  mem/SX_Addr_reg[2]_i_1/O
                         net (fo=1, routed)           0.056     2.652    processor/IfAndDec_inst/Tarolo_reg[0][15][2]
    SLICE_X33Y27         LDCE                                         r  processor/IfAndDec_inst/SX_Addr_reg[2]/D
  -------------------------------------------------------------------    -------------------

Slack:                    inf
  Source:                 mem/ram_2k_generate.akv7.kcpsm6_rom/CLKARDCLK
                            (rising edge-triggered cell RAMB36E1 clocked by sys_clk_pin  {rise@0.000ns fall@4.000ns period=8.000ns})
  Destination:            processor/IfAndDec_inst/SX_Addr_reg[1]/D
  Path Group:             (none)
  Path Type:              Min at Fast Process Corner
  Data Path Delay:        0.978ns  (logic 0.630ns (64.385%)  route 0.348ns (35.615%))
  Logic Levels:           1  (LUT6=1)
  Clock Uncertainty:      0.025ns  ((TSJ^2 + TIJ^2)^1/2 + DJ) / 2 + PE
    Total System Jitter     (TSJ):    0.050ns
    Total Input Jitter      (TIJ):    0.000ns
    Discrete Jitter          (DJ):    0.000ns
    Phase Error              (PE):    0.000ns

    Location             Delay type                Incr(ns)  Path(ns)    Netlist Resource(s)
  -------------------------------------------------------------------    -------------------
                         (clock sys_clk_pin rise edge)
                                                      0.000     0.000 r  
    H16                                               0.000     0.000 r  clk (IN)
                         net (fo=0)                   0.000     0.000    clk
    H16                  IBUF (Prop_ibuf_I_O)         0.219     0.219 r  clk_IBUF_inst/O
                         net (fo=1, routed)           0.842     1.060    test_clk_OBUF
    BUFGCTRL_X0Y16       BUFG (Prop_bufg_I_O)         0.026     1.086 r  test_clk_OBUF_BUFG_inst/O
                         net (fo=1817, routed)        0.596     1.683    mem/test_clk_OBUF_BUFG
    RAMB36_X2Y5          RAMB36E1                                     r  mem/ram_2k_generate.akv7.kcpsm6_rom/CLKARDCLK
  -------------------------------------------------------------------    -------------------
    RAMB36_X2Y5          RAMB36E1 (Prop_ramb36e1_CLKARDCLK_DOADO[9])
                                                      0.585     2.268 r  mem/ram_2k_generate.akv7.kcpsm6_rom/DOADO[9]
                         net (fo=2, routed)           0.348     2.616    mem/instruction[9]
    SLICE_X33Y27         LUT6 (Prop_lut6_I5_O)        0.045     2.661 r  mem/SX_Addr_reg[1]_i_1/O
                         net (fo=1, routed)           0.000     2.661    processor/IfAndDec_inst/Tarolo_reg[0][15][1]
    SLICE_X33Y27         LDCE                                         r  processor/IfAndDec_inst/SX_Addr_reg[1]/D
  -------------------------------------------------------------------    -------------------

Slack:                    inf
  Source:                 mem/ram_2k_generate.akv7.kcpsm6_rom/CLKARDCLK
                            (rising edge-triggered cell RAMB36E1 clocked by sys_clk_pin  {rise@0.000ns fall@4.000ns period=8.000ns})
  Destination:            processor/IfAndDec_inst/Branch_Addr_reg[2]/D
  Path Group:             (none)
  Path Type:              Min at Fast Process Corner
  Data Path Delay:        0.995ns  (logic 0.630ns (63.304%)  route 0.365ns (36.696%))
  Logic Levels:           1  (LUT2=1)
  Clock Uncertainty:      0.025ns  ((TSJ^2 + TIJ^2)^1/2 + DJ) / 2 + PE
    Total System Jitter     (TSJ):    0.050ns
    Total Input Jitter      (TIJ):    0.000ns
    Discrete Jitter          (DJ):    0.000ns
    Phase Error              (PE):    0.000ns

    Location             Delay type                Incr(ns)  Path(ns)    Netlist Resource(s)
  -------------------------------------------------------------------    -------------------
                         (clock sys_clk_pin rise edge)
                                                      0.000     0.000 r  
    H16                                               0.000     0.000 r  clk (IN)
                         net (fo=0)                   0.000     0.000    clk
    H16                  IBUF (Prop_ibuf_I_O)         0.219     0.219 r  clk_IBUF_inst/O
                         net (fo=1, routed)           0.842     1.060    test_clk_OBUF
    BUFGCTRL_X0Y16       BUFG (Prop_bufg_I_O)         0.026     1.086 r  test_clk_OBUF_BUFG_inst/O
                         net (fo=1817, routed)        0.596     1.683    mem/test_clk_OBUF_BUFG
    RAMB36_X2Y5          RAMB36E1                                     r  mem/ram_2k_generate.akv7.kcpsm6_rom/CLKARDCLK
  -------------------------------------------------------------------    -------------------
    RAMB36_X2Y5          RAMB36E1 (Prop_ramb36e1_CLKARDCLK_DOADO[2])
                                                      0.585     2.268 r  mem/ram_2k_generate.akv7.kcpsm6_rom/DOADO[2]
                         net (fo=4, routed)           0.365     2.633    mem/instruction[2]
    SLICE_X31Y26         LUT2 (Prop_lut2_I1_O)        0.045     2.678 r  mem/Branch_Addr_reg[2]_i_1/O
                         net (fo=1, routed)           0.000     2.678    processor/IfAndDec_inst/programflowcontrol.stackmem_reg[2][11][2]
    SLICE_X31Y26         LDCE                                         r  processor/IfAndDec_inst/Branch_Addr_reg[2]/D
  -------------------------------------------------------------------    -------------------

Slack:                    inf
  Source:                 mem/ram_2k_generate.akv7.kcpsm6_rom/CLKARDCLK
                            (rising edge-triggered cell RAMB36E1 clocked by sys_clk_pin  {rise@0.000ns fall@4.000ns period=8.000ns})
  Destination:            processor/IfAndDec_inst/SY_Addr_reg[0]/D
  Path Group:             (none)
  Path Type:              Min at Fast Process Corner
  Data Path Delay:        1.030ns  (logic 0.630ns (61.162%)  route 0.400ns (38.838%))
  Logic Levels:           1  (LUT6=1)
  Clock Uncertainty:      0.025ns  ((TSJ^2 + TIJ^2)^1/2 + DJ) / 2 + PE
    Total System Jitter     (TSJ):    0.050ns
    Total Input Jitter      (TIJ):    0.000ns
    Discrete Jitter          (DJ):    0.000ns
    Phase Error              (PE):    0.000ns

    Location             Delay type                Incr(ns)  Path(ns)    Netlist Resource(s)
  -------------------------------------------------------------------    -------------------
                         (clock sys_clk_pin rise edge)
                                                      0.000     0.000 r  
    H16                                               0.000     0.000 r  clk (IN)
                         net (fo=0)                   0.000     0.000    clk
    H16                  IBUF (Prop_ibuf_I_O)         0.219     0.219 r  clk_IBUF_inst/O
                         net (fo=1, routed)           0.842     1.060    test_clk_OBUF
    BUFGCTRL_X0Y16       BUFG (Prop_bufg_I_O)         0.026     1.086 r  test_clk_OBUF_BUFG_inst/O
                         net (fo=1817, routed)        0.596     1.683    mem/test_clk_OBUF_BUFG
    RAMB36_X2Y5          RAMB36E1                                     r  mem/ram_2k_generate.akv7.kcpsm6_rom/CLKARDCLK
  -------------------------------------------------------------------    -------------------
    RAMB36_X2Y5          RAMB36E1 (Prop_ramb36e1_CLKARDCLK_DOADO[14])
                                                      0.585     2.268 r  mem/ram_2k_generate.akv7.kcpsm6_rom/DOADO[14]
                         net (fo=43, routed)          0.344     2.611    mem/instruction[14]
    SLICE_X32Y28         LUT6 (Prop_lut6_I2_O)        0.045     2.656 r  mem/SY_Addr_reg[0]_i_1/O
                         net (fo=1, routed)           0.056     2.713    processor/IfAndDec_inst/Data_Out_y_reg[0][0]
    SLICE_X33Y28         LDCE                                         r  processor/IfAndDec_inst/SY_Addr_reg[0]/D
  -------------------------------------------------------------------    -------------------

Slack:                    inf
  Source:                 mem/ram_2k_generate.akv7.kcpsm6_rom/CLKARDCLK
                            (rising edge-triggered cell RAMB36E1 clocked by sys_clk_pin  {rise@0.000ns fall@4.000ns period=8.000ns})
  Destination:            processor/IfAndDec_inst/KK_const_reg[3]/D
  Path Group:             (none)
  Path Type:              Min at Fast Process Corner
  Data Path Delay:        1.035ns  (logic 0.630ns (60.897%)  route 0.405ns (39.103%))
  Logic Levels:           1  (LUT6=1)
  Clock Uncertainty:      0.025ns  ((TSJ^2 + TIJ^2)^1/2 + DJ) / 2 + PE
    Total System Jitter     (TSJ):    0.050ns
    Total Input Jitter      (TIJ):    0.000ns
    Discrete Jitter          (DJ):    0.000ns
    Phase Error              (PE):    0.000ns

    Location             Delay type                Incr(ns)  Path(ns)    Netlist Resource(s)
  -------------------------------------------------------------------    -------------------
                         (clock sys_clk_pin rise edge)
                                                      0.000     0.000 r  
    H16                                               0.000     0.000 r  clk (IN)
                         net (fo=0)                   0.000     0.000    clk
    H16                  IBUF (Prop_ibuf_I_O)         0.219     0.219 r  clk_IBUF_inst/O
                         net (fo=1, routed)           0.842     1.060    test_clk_OBUF
    BUFGCTRL_X0Y16       BUFG (Prop_bufg_I_O)         0.026     1.086 r  test_clk_OBUF_BUFG_inst/O
                         net (fo=1817, routed)        0.596     1.683    mem/test_clk_OBUF_BUFG
    RAMB36_X2Y5          RAMB36E1                                     r  mem/ram_2k_generate.akv7.kcpsm6_rom/CLKARDCLK
  -------------------------------------------------------------------    -------------------
    RAMB36_X2Y5          RAMB36E1 (Prop_ramb36e1_CLKARDCLK_DOADO[3])
                                                      0.585     2.268 r  mem/ram_2k_generate.akv7.kcpsm6_rom/DOADO[3]
                         net (fo=4, routed)           0.234     2.502    mem/instruction[3]
    SLICE_X32Y29         LUT6 (Prop_lut6_I5_O)        0.045     2.547 r  mem/KK_const_reg[3]_i_1/O
                         net (fo=1, routed)           0.171     2.717    processor/IfAndDec_inst/Tarolo[0][7]_i_2[3]
    SLICE_X32Y29         LDCE                                         r  processor/IfAndDec_inst/KK_const_reg[3]/D
  -------------------------------------------------------------------    -------------------

Slack:                    inf
  Source:                 mem/ram_2k_generate.akv7.kcpsm6_rom/CLKARDCLK
                            (rising edge-triggered cell RAMB36E1 clocked by sys_clk_pin  {rise@0.000ns fall@4.000ns period=8.000ns})
  Destination:            processor/IfAndDec_inst/Branch_Addr_reg[8]/D
  Path Group:             (none)
  Path Type:              Min at Fast Process Corner
  Data Path Delay:        1.035ns  (logic 0.630ns (60.846%)  route 0.405ns (39.154%))
  Logic Levels:           1  (LUT2=1)
  Clock Uncertainty:      0.025ns  ((TSJ^2 + TIJ^2)^1/2 + DJ) / 2 + PE
    Total System Jitter     (TSJ):    0.050ns
    Total Input Jitter      (TIJ):    0.000ns
    Discrete Jitter          (DJ):    0.000ns
    Phase Error              (PE):    0.000ns

    Location             Delay type                Incr(ns)  Path(ns)    Netlist Resource(s)
  -------------------------------------------------------------------    -------------------
                         (clock sys_clk_pin rise edge)
                                                      0.000     0.000 r  
    H16                                               0.000     0.000 r  clk (IN)
                         net (fo=0)                   0.000     0.000    clk
    H16                  IBUF (Prop_ibuf_I_O)         0.219     0.219 r  clk_IBUF_inst/O
                         net (fo=1, routed)           0.842     1.060    test_clk_OBUF
    BUFGCTRL_X0Y16       BUFG (Prop_bufg_I_O)         0.026     1.086 r  test_clk_OBUF_BUFG_inst/O
                         net (fo=1817, routed)        0.596     1.683    mem/test_clk_OBUF_BUFG
    RAMB36_X2Y5          RAMB36E1                                     r  mem/ram_2k_generate.akv7.kcpsm6_rom/CLKARDCLK
  -------------------------------------------------------------------    -------------------
    RAMB36_X2Y5          RAMB36E1 (Prop_ramb36e1_CLKARDCLK_DOADO[8])
                                                      0.585     2.268 r  mem/ram_2k_generate.akv7.kcpsm6_rom/DOADO[8]
                         net (fo=2, routed)           0.229     2.497    mem/instruction[8]
    SLICE_X32Y26         LUT2 (Prop_lut2_I1_O)        0.045     2.542 r  mem/Branch_Addr_reg[8]_i_1/O
                         net (fo=1, routed)           0.176     2.718    processor/IfAndDec_inst/programflowcontrol.stackmem_reg[2][11][8]
    SLICE_X32Y26         LDCE                                         r  processor/IfAndDec_inst/Branch_Addr_reg[8]/D
  -------------------------------------------------------------------    -------------------





--------------------------------------------------------------------------------------
Path Group:  (none)
From Clock:  
  To Clock:  sys_clk_pin

Max Delay          2071 Endpoints
Min Delay          2071 Endpoints
--------------------------------------------------------------------------------------


Max Delay Paths
--------------------------------------------------------------------------------------
Slack:                    inf
  Source:                 processor/IfAndDec_inst/KK_const_reg[5]/G
                            (positive level-sensitive latch)
  Destination:            processor/ALU_inst/ZeroFlag_reg/D
                            (falling edge-triggered cell FDRE clocked by sys_clk_pin  {rise@0.000ns fall@4.000ns period=8.000ns})
  Path Group:             (none)
  Path Type:              Setup (Max at Slow Process Corner)
  Data Path Delay:        10.464ns  (logic 3.377ns (32.272%)  route 7.087ns (67.728%))
  Logic Levels:           13  (CARRY4=3 LDCE=1 LUT4=3 LUT5=2 LUT6=4)
  Clock Uncertainty:      0.025ns  ((TSJ^2 + TIJ^2)^1/2 + DJ) / 2 + PE
    Total System Jitter     (TSJ):    0.050ns
    Total Input Jitter      (TIJ):    0.000ns
    Discrete Jitter          (DJ):    0.000ns
    Phase Error              (PE):    0.000ns

    Location             Delay type                Incr(ns)  Path(ns)    Netlist Resource(s)
  -------------------------------------------------------------------    -------------------
    SLICE_X30Y27         LDCE                         0.000     0.000 r  processor/IfAndDec_inst/KK_const_reg[5]/G
    SLICE_X30Y27         LDCE (EnToQ_ldce_G_Q)        0.625     0.625 r  processor/IfAndDec_inst/KK_const_reg[5]/Q
                         net (fo=34, routed)          3.375     4.000    processor/RegisterBlock_inst/multOp_inferred__0/i___30_carry__1[5]
    SLICE_X44Y38         LUT6 (Prop_lut6_I4_O)        0.124     4.124 r  processor/RegisterBlock_inst/i___0_carry__0_i_2/O
                         net (fo=2, routed)           0.639     4.763    processor/RegisterBlock_inst/Data_Out_x_reg[2]_3[1]
    SLICE_X40Y37         LUT6 (Prop_lut6_I0_O)        0.124     4.887 r  processor/RegisterBlock_inst/i___0_carry__0_i_6/O
                         net (fo=1, routed)           0.000     4.887    processor/ALU_inst/multOp_inferred__0/i___60_carry_1[2]
    SLICE_X40Y37         CARRY4 (Prop_carry4_S[2]_CO[3])
                                                      0.398     5.285 r  processor/ALU_inst/multOp_inferred__0/i___0_carry__0/CO[3]
                         net (fo=1, routed)           0.000     5.285    processor/ALU_inst/multOp_inferred__0/i___0_carry__0_n_0
    SLICE_X40Y38         CARRY4 (Prop_carry4_CI_O[1])
                                                      0.334     5.619 r  processor/ALU_inst/multOp_inferred__0/i___0_carry__1/O[1]
                         net (fo=2, routed)           0.590     6.210    processor/IfAndDec_inst/i___60_carry__0_i_5_0[1]
    SLICE_X39Y38         LUT4 (Prop_lut4_I1_O)        0.303     6.513 f  processor/IfAndDec_inst/i___60_carry__0_i_12/O
                         net (fo=2, routed)           0.474     6.987    processor/IfAndDec_inst/i___60_carry__0_i_12_n_0
    SLICE_X39Y37         LUT4 (Prop_lut4_I0_O)        0.124     7.111 r  processor/IfAndDec_inst/i___60_carry__1_i_4/O
                         net (fo=2, routed)           0.485     7.596    processor/IfAndDec_inst/Data_Out_x_reg[7]_2[0]
    SLICE_X37Y37         LUT5 (Prop_lut5_I0_O)        0.124     7.720 r  processor/IfAndDec_inst/i___60_carry__1_i_8/O
                         net (fo=1, routed)           0.000     7.720    processor/ALU_inst/Result_reg[14]_3[0]
    SLICE_X37Y37         CARRY4 (Prop_carry4_S[0]_O[2])
                                                      0.547     8.267 f  processor/ALU_inst/multOp_inferred__0/i___60_carry__1/O[2]
                         net (fo=2, routed)           0.674     8.942    processor/ALU_inst/L__0[13]
    SLICE_X36Y38         LUT4 (Prop_lut4_I0_O)        0.302     9.244 f  processor/ALU_inst/ZeroFlag_i_25/O
                         net (fo=1, routed)           0.161     9.405    processor/ALU_inst/ZeroFlag_i_25_n_0
    SLICE_X36Y38         LUT5 (Prop_lut5_I4_O)        0.124     9.529 f  processor/ALU_inst/ZeroFlag_i_8/O
                         net (fo=1, routed)           0.395     9.924    processor/ALU_inst/ZeroFlag_i_8_n_0
    SLICE_X39Y38         LUT6 (Prop_lut6_I1_O)        0.124    10.048 r  processor/ALU_inst/ZeroFlag_i_2/O
                         net (fo=1, routed)           0.293    10.340    processor/IfAndDec_inst/ZeroFlag_reg_0
    SLICE_X39Y36         LUT6 (Prop_lut6_I0_O)        0.124    10.464 r  processor/IfAndDec_inst/ZeroFlag_i_1/O
                         net (fo=1, routed)           0.000    10.464    processor/ALU_inst/ZeroFlag_reg_1
    SLICE_X39Y36         FDRE                                         r  processor/ALU_inst/ZeroFlag_reg/D
  -------------------------------------------------------------------    -------------------

                         (clock sys_clk_pin fall edge)
                                                      4.000     4.000 f  
    H16                                               0.000     4.000 f  clk (IN)
                         net (fo=0)                   0.000     4.000    clk
    H16                  IBUF (Prop_ibuf_I_O)         1.380     5.380 f  clk_IBUF_inst/O
                         net (fo=1, routed)           2.293     7.673    test_clk_OBUF
    BUFGCTRL_X0Y16       BUFG (Prop_bufg_I_O)         0.091     7.764 f  test_clk_OBUF_BUFG_inst/O
                         net (fo=1817, routed)        1.490     9.255    processor/ALU_inst/test_clk_OBUF_BUFG
    SLICE_X39Y36         FDRE                                         r  processor/ALU_inst/ZeroFlag_reg/C  (IS_INVERTED)

Slack:                    inf
  Source:                 processor/IfAndDec_inst/KK_const_reg[5]/G
                            (positive level-sensitive latch)
  Destination:            processor/ALU_inst/Result_reg[9]/D
                            (falling edge-triggered cell FDRE clocked by sys_clk_pin  {rise@0.000ns fall@4.000ns period=8.000ns})
  Path Group:             (none)
  Path Type:              Setup (Max at Slow Process Corner)
  Data Path Delay:        9.559ns  (logic 3.046ns (31.864%)  route 6.513ns (68.136%))
  Logic Levels:           11  (CARRY4=3 LDCE=1 LUT4=2 LUT5=1 LUT6=4)
  Clock Uncertainty:      0.025ns  ((TSJ^2 + TIJ^2)^1/2 + DJ) / 2 + PE
    Total System Jitter     (TSJ):    0.050ns
    Total Input Jitter      (TIJ):    0.000ns
    Discrete Jitter          (DJ):    0.000ns
    Phase Error              (PE):    0.000ns

    Location             Delay type                Incr(ns)  Path(ns)    Netlist Resource(s)
  -------------------------------------------------------------------    -------------------
    SLICE_X30Y27         LDCE                         0.000     0.000 r  processor/IfAndDec_inst/KK_const_reg[5]/G
    SLICE_X30Y27         LDCE (EnToQ_ldce_G_Q)        0.625     0.625 r  processor/IfAndDec_inst/KK_const_reg[5]/Q
                         net (fo=34, routed)          3.375     4.000    processor/RegisterBlock_inst/multOp_inferred__0/i___30_carry__1[5]
    SLICE_X44Y38         LUT6 (Prop_lut6_I4_O)        0.124     4.124 r  processor/RegisterBlock_inst/i___0_carry__0_i_2/O
                         net (fo=2, routed)           0.639     4.763    processor/RegisterBlock_inst/Data_Out_x_reg[2]_3[1]
    SLICE_X40Y37         LUT6 (Prop_lut6_I0_O)        0.124     4.887 r  processor/RegisterBlock_inst/i___0_carry__0_i_6/O
                         net (fo=1, routed)           0.000     4.887    processor/ALU_inst/multOp_inferred__0/i___60_carry_1[2]
    SLICE_X40Y37         CARRY4 (Prop_carry4_S[2]_CO[3])
                                                      0.398     5.285 r  processor/ALU_inst/multOp_inferred__0/i___0_carry__0/CO[3]
                         net (fo=1, routed)           0.000     5.285    processor/ALU_inst/multOp_inferred__0/i___0_carry__0_n_0
    SLICE_X40Y38         CARRY4 (Prop_carry4_CI_O[0])
                                                      0.222     5.507 r  processor/ALU_inst/multOp_inferred__0/i___0_carry__1/O[0]
                         net (fo=2, routed)           0.591     6.098    processor/IfAndDec_inst/i___60_carry__0_i_5_0[0]
    SLICE_X41Y36         LUT4 (Prop_lut4_I2_O)        0.299     6.397 r  processor/IfAndDec_inst/i___60_carry__0_i_11/O
                         net (fo=2, routed)           0.167     6.564    processor/IfAndDec_inst/i___60_carry__0_i_11_n_0
    SLICE_X41Y36         LUT6 (Prop_lut6_I3_O)        0.124     6.688 r  processor/IfAndDec_inst/i___60_carry__0_i_3/O
                         net (fo=2, routed)           0.427     7.114    processor/IfAndDec_inst/Data_Out_x_reg[6]_0[0]
    SLICE_X37Y36         LUT5 (Prop_lut5_I0_O)        0.124     7.238 r  processor/IfAndDec_inst/i___60_carry__0_i_7/O
                         net (fo=1, routed)           0.000     7.238    processor/ALU_inst/Result_reg[10]_3[0]
    SLICE_X37Y36         CARRY4 (Prop_carry4_S[1]_O[2])
                                                      0.580     7.818 r  processor/ALU_inst/multOp_inferred__0/i___60_carry__0/O[2]
                         net (fo=2, routed)           0.910     8.728    processor/RegisterBlock_inst/L__0[0]
    SLICE_X28Y36         LUT4 (Prop_lut4_I3_O)        0.302     9.030 r  processor/RegisterBlock_inst/Result[9]_i_3/O
                         net (fo=1, routed)           0.405     9.435    processor/IfAndDec_inst/Result_reg[9]
    SLICE_X29Y37         LUT6 (Prop_lut6_I3_O)        0.124     9.559 r  processor/IfAndDec_inst/Result[9]_i_1/O
                         net (fo=1, routed)           0.000     9.559    processor/ALU_inst/D[9]
    SLICE_X29Y37         FDRE                                         r  processor/ALU_inst/Result_reg[9]/D
  -------------------------------------------------------------------    -------------------

                         (clock sys_clk_pin fall edge)
                                                      4.000     4.000 f  
    H16                                               0.000     4.000 f  clk (IN)
                         net (fo=0)                   0.000     4.000    clk
    H16                  IBUF (Prop_ibuf_I_O)         1.380     5.380 f  clk_IBUF_inst/O
                         net (fo=1, routed)           2.293     7.673    test_clk_OBUF
    BUFGCTRL_X0Y16       BUFG (Prop_bufg_I_O)         0.091     7.764 f  test_clk_OBUF_BUFG_inst/O
                         net (fo=1817, routed)        1.567     9.332    processor/ALU_inst/test_clk_OBUF_BUFG
    SLICE_X29Y37         FDRE                                         r  processor/ALU_inst/Result_reg[9]/C  (IS_INVERTED)

Slack:                    inf
  Source:                 processor/IfAndDec_inst/KK_const_reg[5]/G
                            (positive level-sensitive latch)
  Destination:            processor/ALU_inst/Result_reg[14]/D
                            (falling edge-triggered cell FDRE clocked by sys_clk_pin  {rise@0.000ns fall@4.000ns period=8.000ns})
  Path Group:             (none)
  Path Type:              Setup (Max at Slow Process Corner)
  Data Path Delay:        9.221ns  (logic 3.068ns (33.271%)  route 6.153ns (66.729%))
  Logic Levels:           10  (CARRY4=3 LDCE=1 LUT4=2 LUT5=1 LUT6=3)
  Clock Uncertainty:      0.025ns  ((TSJ^2 + TIJ^2)^1/2 + DJ) / 2 + PE
    Total System Jitter     (TSJ):    0.050ns
    Total Input Jitter      (TIJ):    0.000ns
    Discrete Jitter          (DJ):    0.000ns
    Phase Error              (PE):    0.000ns

    Location             Delay type                Incr(ns)  Path(ns)    Netlist Resource(s)
  -------------------------------------------------------------------    -------------------
    SLICE_X30Y27         LDCE                         0.000     0.000 r  processor/IfAndDec_inst/KK_const_reg[5]/G
    SLICE_X30Y27         LDCE (EnToQ_ldce_G_Q)        0.625     0.625 r  processor/IfAndDec_inst/KK_const_reg[5]/Q
                         net (fo=34, routed)          3.375     4.000    processor/RegisterBlock_inst/multOp_inferred__0/i___30_carry__1[5]
    SLICE_X44Y38         LUT6 (Prop_lut6_I4_O)        0.124     4.124 r  processor/RegisterBlock_inst/i___0_carry__0_i_2/O
                         net (fo=2, routed)           0.639     4.763    processor/RegisterBlock_inst/Data_Out_x_reg[2]_3[1]
    SLICE_X40Y37         LUT6 (Prop_lut6_I0_O)        0.124     4.887 r  processor/RegisterBlock_inst/i___0_carry__0_i_6/O
                         net (fo=1, routed)           0.000     4.887    processor/ALU_inst/multOp_inferred__0/i___60_carry_1[2]
    SLICE_X40Y37         CARRY4 (Prop_carry4_S[2]_CO[3])
                                                      0.398     5.285 r  processor/ALU_inst/multOp_inferred__0/i___0_carry__0/CO[3]
                         net (fo=1, routed)           0.000     5.285    processor/ALU_inst/multOp_inferred__0/i___0_carry__0_n_0
    SLICE_X40Y38         CARRY4 (Prop_carry4_CI_O[1])
                                                      0.334     5.619 r  processor/ALU_inst/multOp_inferred__0/i___0_carry__1/O[1]
                         net (fo=2, routed)           0.590     6.210    processor/IfAndDec_inst/i___60_carry__0_i_5_0[1]
    SLICE_X39Y38         LUT4 (Prop_lut4_I1_O)        0.303     6.513 f  processor/IfAndDec_inst/i___60_carry__0_i_12/O
                         net (fo=2, routed)           0.474     6.987    processor/IfAndDec_inst/i___60_carry__0_i_12_n_0
    SLICE_X39Y37         LUT4 (Prop_lut4_I0_O)        0.124     7.111 r  processor/IfAndDec_inst/i___60_carry__1_i_4/O
                         net (fo=2, routed)           0.485     7.596    processor/IfAndDec_inst/Data_Out_x_reg[7]_2[0]
    SLICE_X37Y37         LUT5 (Prop_lut5_I0_O)        0.124     7.720 r  processor/IfAndDec_inst/i___60_carry__1_i_8/O
                         net (fo=1, routed)           0.000     7.720    processor/ALU_inst/Result_reg[14]_3[0]
    SLICE_X37Y37         CARRY4 (Prop_carry4_S[0]_O[3])
                                                      0.606     8.326 r  processor/ALU_inst/multOp_inferred__0/i___60_carry__1/O[3]
                         net (fo=2, routed)           0.589     8.915    processor/IfAndDec_inst/L__0[13]
    SLICE_X37Y39         LUT6 (Prop_lut6_I0_O)        0.306     9.221 r  processor/IfAndDec_inst/Result[14]_i_1/O
                         net (fo=1, routed)           0.000     9.221    processor/ALU_inst/D[14]
    SLICE_X37Y39         FDRE                                         r  processor/ALU_inst/Result_reg[14]/D
  -------------------------------------------------------------------    -------------------

                         (clock sys_clk_pin fall edge)
                                                      4.000     4.000 f  
    H16                                               0.000     4.000 f  clk (IN)
                         net (fo=0)                   0.000     4.000    clk
    H16                  IBUF (Prop_ibuf_I_O)         1.380     5.380 f  clk_IBUF_inst/O
                         net (fo=1, routed)           2.293     7.673    test_clk_OBUF
    BUFGCTRL_X0Y16       BUFG (Prop_bufg_I_O)         0.091     7.764 f  test_clk_OBUF_BUFG_inst/O
                         net (fo=1817, routed)        1.493     9.258    processor/ALU_inst/test_clk_OBUF_BUFG
    SLICE_X37Y39         FDRE                                         r  processor/ALU_inst/Result_reg[14]/C  (IS_INVERTED)

Slack:                    inf
  Source:                 processor/IfAndDec_inst/KK_const_reg[5]/G
                            (positive level-sensitive latch)
  Destination:            processor/ALU_inst/Result_reg[13]/D
                            (falling edge-triggered cell FDRE clocked by sys_clk_pin  {rise@0.000ns fall@4.000ns period=8.000ns})
  Path Group:             (none)
  Path Type:              Setup (Max at Slow Process Corner)
  Data Path Delay:        9.143ns  (logic 3.005ns (32.867%)  route 6.138ns (67.133%))
  Logic Levels:           10  (CARRY4=3 LDCE=1 LUT4=2 LUT5=1 LUT6=3)
  Clock Uncertainty:      0.025ns  ((TSJ^2 + TIJ^2)^1/2 + DJ) / 2 + PE
    Total System Jitter     (TSJ):    0.050ns
    Total Input Jitter      (TIJ):    0.000ns
    Discrete Jitter          (DJ):    0.000ns
    Phase Error              (PE):    0.000ns

    Location             Delay type                Incr(ns)  Path(ns)    Netlist Resource(s)
  -------------------------------------------------------------------    -------------------
    SLICE_X30Y27         LDCE                         0.000     0.000 r  processor/IfAndDec_inst/KK_const_reg[5]/G
    SLICE_X30Y27         LDCE (EnToQ_ldce_G_Q)        0.625     0.625 r  processor/IfAndDec_inst/KK_const_reg[5]/Q
                         net (fo=34, routed)          3.375     4.000    processor/RegisterBlock_inst/multOp_inferred__0/i___30_carry__1[5]
    SLICE_X44Y38         LUT6 (Prop_lut6_I4_O)        0.124     4.124 r  processor/RegisterBlock_inst/i___0_carry__0_i_2/O
                         net (fo=2, routed)           0.639     4.763    processor/RegisterBlock_inst/Data_Out_x_reg[2]_3[1]
    SLICE_X40Y37         LUT6 (Prop_lut6_I0_O)        0.124     4.887 r  processor/RegisterBlock_inst/i___0_carry__0_i_6/O
                         net (fo=1, routed)           0.000     4.887    processor/ALU_inst/multOp_inferred__0/i___60_carry_1[2]
    SLICE_X40Y37         CARRY4 (Prop_carry4_S[2]_CO[3])
                                                      0.398     5.285 r  processor/ALU_inst/multOp_inferred__0/i___0_carry__0/CO[3]
                         net (fo=1, routed)           0.000     5.285    processor/ALU_inst/multOp_inferred__0/i___0_carry__0_n_0
    SLICE_X40Y38         CARRY4 (Prop_carry4_CI_O[1])
                                                      0.334     5.619 r  processor/ALU_inst/multOp_inferred__0/i___0_carry__1/O[1]
                         net (fo=2, routed)           0.590     6.210    processor/IfAndDec_inst/i___60_carry__0_i_5_0[1]
    SLICE_X39Y38         LUT4 (Prop_lut4_I1_O)        0.303     6.513 f  processor/IfAndDec_inst/i___60_carry__0_i_12/O
                         net (fo=2, routed)           0.474     6.987    processor/IfAndDec_inst/i___60_carry__0_i_12_n_0
    SLICE_X39Y37         LUT4 (Prop_lut4_I0_O)        0.124     7.111 r  processor/IfAndDec_inst/i___60_carry__1_i_4/O
                         net (fo=2, routed)           0.485     7.596    processor/IfAndDec_inst/Data_Out_x_reg[7]_2[0]
    SLICE_X37Y37         LUT5 (Prop_lut5_I0_O)        0.124     7.720 r  processor/IfAndDec_inst/i___60_carry__1_i_8/O
                         net (fo=1, routed)           0.000     7.720    processor/ALU_inst/Result_reg[14]_3[0]
    SLICE_X37Y37         CARRY4 (Prop_carry4_S[0]_O[2])
                                                      0.547     8.267 r  processor/ALU_inst/multOp_inferred__0/i___60_carry__1/O[2]
                         net (fo=2, routed)           0.574     8.841    processor/IfAndDec_inst/L__0[12]
    SLICE_X38Y39         LUT6 (Prop_lut6_I2_O)        0.302     9.143 r  processor/IfAndDec_inst/Result[13]_i_1/O
                         net (fo=1, routed)           0.000     9.143    processor/ALU_inst/D[13]
    SLICE_X38Y39         FDRE                                         r  processor/ALU_inst/Result_reg[13]/D
  -------------------------------------------------------------------    -------------------

                         (clock sys_clk_pin fall edge)
                                                      4.000     4.000 f  
    H16                                               0.000     4.000 f  clk (IN)
                         net (fo=0)                   0.000     4.000    clk
    H16                  IBUF (Prop_ibuf_I_O)         1.380     5.380 f  clk_IBUF_inst/O
                         net (fo=1, routed)           2.293     7.673    test_clk_OBUF
    BUFGCTRL_X0Y16       BUFG (Prop_bufg_I_O)         0.091     7.764 f  test_clk_OBUF_BUFG_inst/O
                         net (fo=1817, routed)        1.493     9.258    processor/ALU_inst/test_clk_OBUF_BUFG
    SLICE_X38Y39         FDRE                                         r  processor/ALU_inst/Result_reg[13]/C  (IS_INVERTED)

Slack:                    inf
  Source:                 processor/IfAndDec_inst/KK_const_reg[5]/G
                            (positive level-sensitive latch)
  Destination:            processor/ALU_inst/Result_reg[15]/D
                            (falling edge-triggered cell FDRE clocked by sys_clk_pin  {rise@0.000ns fall@4.000ns period=8.000ns})
  Path Group:             (none)
  Path Type:              Setup (Max at Slow Process Corner)
  Data Path Delay:        9.104ns  (logic 3.209ns (35.248%)  route 5.895ns (64.752%))
  Logic Levels:           11  (CARRY4=4 LDCE=1 LUT4=2 LUT5=1 LUT6=3)
  Clock Uncertainty:      0.025ns  ((TSJ^2 + TIJ^2)^1/2 + DJ) / 2 + PE
    Total System Jitter     (TSJ):    0.050ns
    Total Input Jitter      (TIJ):    0.000ns
    Discrete Jitter          (DJ):    0.000ns
    Phase Error              (PE):    0.000ns

    Location             Delay type                Incr(ns)  Path(ns)    Netlist Resource(s)
  -------------------------------------------------------------------    -------------------
    SLICE_X30Y27         LDCE                         0.000     0.000 r  processor/IfAndDec_inst/KK_const_reg[5]/G
    SLICE_X30Y27         LDCE (EnToQ_ldce_G_Q)        0.625     0.625 r  processor/IfAndDec_inst/KK_const_reg[5]/Q
                         net (fo=34, routed)          3.375     4.000    processor/RegisterBlock_inst/multOp_inferred__0/i___30_carry__1[5]
    SLICE_X44Y38         LUT6 (Prop_lut6_I4_O)        0.124     4.124 r  processor/RegisterBlock_inst/i___0_carry__0_i_2/O
                         net (fo=2, routed)           0.639     4.763    processor/RegisterBlock_inst/Data_Out_x_reg[2]_3[1]
    SLICE_X40Y37         LUT6 (Prop_lut6_I0_O)        0.124     4.887 r  processor/RegisterBlock_inst/i___0_carry__0_i_6/O
                         net (fo=1, routed)           0.000     4.887    processor/ALU_inst/multOp_inferred__0/i___60_carry_1[2]
    SLICE_X40Y37         CARRY4 (Prop_carry4_S[2]_CO[3])
                                                      0.398     5.285 r  processor/ALU_inst/multOp_inferred__0/i___0_carry__0/CO[3]
                         net (fo=1, routed)           0.000     5.285    processor/ALU_inst/multOp_inferred__0/i___0_carry__0_n_0
    SLICE_X40Y38         CARRY4 (Prop_carry4_CI_O[1])
                                                      0.334     5.619 r  processor/ALU_inst/multOp_inferred__0/i___0_carry__1/O[1]
                         net (fo=2, routed)           0.590     6.210    processor/IfAndDec_inst/i___60_carry__0_i_5_0[1]
    SLICE_X39Y38         LUT4 (Prop_lut4_I1_O)        0.303     6.513 f  processor/IfAndDec_inst/i___60_carry__0_i_12/O
                         net (fo=2, routed)           0.474     6.987    processor/IfAndDec_inst/i___60_carry__0_i_12_n_0
    SLICE_X39Y37         LUT4 (Prop_lut4_I0_O)        0.124     7.111 r  processor/IfAndDec_inst/i___60_carry__1_i_4/O
                         net (fo=2, routed)           0.485     7.596    processor/IfAndDec_inst/Data_Out_x_reg[7]_2[0]
    SLICE_X37Y37         LUT5 (Prop_lut5_I0_O)        0.124     7.720 r  processor/IfAndDec_inst/i___60_carry__1_i_8/O
                         net (fo=1, routed)           0.000     7.720    processor/ALU_inst/Result_reg[14]_3[0]
    SLICE_X37Y37         CARRY4 (Prop_carry4_S[0]_CO[3])
                                                      0.532     8.252 r  processor/ALU_inst/multOp_inferred__0/i___60_carry__1/CO[3]
                         net (fo=1, routed)           0.000     8.252    processor/ALU_inst/multOp_inferred__0/i___60_carry__1_n_0
    SLICE_X37Y38         CARRY4 (Prop_carry4_CI_O[0])
                                                      0.222     8.474 r  processor/ALU_inst/multOp_inferred__0/i___60_carry__2/O[0]
                         net (fo=2, routed)           0.331     8.805    processor/IfAndDec_inst/L__0[14]
    SLICE_X38Y39         LUT6 (Prop_lut6_I2_O)        0.299     9.104 r  processor/IfAndDec_inst/Result[15]_i_2/O
                         net (fo=1, routed)           0.000     9.104    processor/ALU_inst/D[15]
    SLICE_X38Y39         FDRE                                         r  processor/ALU_inst/Result_reg[15]/D
  -------------------------------------------------------------------    -------------------

                         (clock sys_clk_pin fall edge)
                                                      4.000     4.000 f  
    H16                                               0.000     4.000 f  clk (IN)
                         net (fo=0)                   0.000     4.000    clk
    H16                  IBUF (Prop_ibuf_I_O)         1.380     5.380 f  clk_IBUF_inst/O
                         net (fo=1, routed)           2.293     7.673    test_clk_OBUF
    BUFGCTRL_X0Y16       BUFG (Prop_bufg_I_O)         0.091     7.764 f  test_clk_OBUF_BUFG_inst/O
                         net (fo=1817, routed)        1.493     9.258    processor/ALU_inst/test_clk_OBUF_BUFG
    SLICE_X38Y39         FDRE                                         r  processor/ALU_inst/Result_reg[15]/C  (IS_INVERTED)

Slack:                    inf
  Source:                 processor/IfAndDec_inst/KK_const_reg[1]/G
                            (positive level-sensitive latch)
  Destination:            processor/ALU_inst/Result_reg[7]/D
                            (falling edge-triggered cell FDRE clocked by sys_clk_pin  {rise@0.000ns fall@4.000ns period=8.000ns})
  Path Group:             (none)
  Path Type:              Setup (Max at Slow Process Corner)
  Data Path Delay:        9.060ns  (logic 2.846ns (31.414%)  route 6.214ns (68.586%))
  Logic Levels:           9  (CARRY4=2 LDCE=1 LUT4=1 LUT5=1 LUT6=3 MUXF7=1)
  Clock Uncertainty:      0.025ns  ((TSJ^2 + TIJ^2)^1/2 + DJ) / 2 + PE
    Total System Jitter     (TSJ):    0.050ns
    Total Input Jitter      (TIJ):    0.000ns
    Discrete Jitter          (DJ):    0.000ns
    Phase Error              (PE):    0.000ns

    Location             Delay type                Incr(ns)  Path(ns)    Netlist Resource(s)
  -------------------------------------------------------------------    -------------------
    SLICE_X32Y29         LDCE                         0.000     0.000 r  processor/IfAndDec_inst/KK_const_reg[1]/G
    SLICE_X32Y29         LDCE (EnToQ_ldce_G_Q)        0.625     0.625 r  processor/IfAndDec_inst/KK_const_reg[1]/Q
                         net (fo=52, routed)          3.410     4.035    processor/RegisterBlock_inst/multOp_inferred__0/i___30_carry__1[1]
    SLICE_X44Y37         LUT6 (Prop_lut6_I1_O)        0.124     4.159 r  processor/RegisterBlock_inst/i___0_carry__0_i_4/O
                         net (fo=2, routed)           0.518     4.677    processor/ALU_inst/multOp_inferred__0/i___60_carry_0[0]
    SLICE_X40Y37         CARRY4 (Prop_carry4_DI[0]_O[3])
                                                      0.615     5.292 r  processor/ALU_inst/multOp_inferred__0/i___0_carry__0/O[3]
                         net (fo=2, routed)           0.603     5.895    processor/ALU_inst/Data_Out_x_reg[2]_0[1]
    SLICE_X36Y36         LUT4 (Prop_lut4_I2_O)        0.306     6.201 r  processor/ALU_inst/i___60_carry__0_i_4/O
                         net (fo=2, routed)           0.461     6.662    processor/ALU_inst/i___60_carry__0_i_4_n_0
    SLICE_X37Y36         LUT5 (Prop_lut5_I0_O)        0.124     6.786 r  processor/ALU_inst/i___60_carry__0_i_8/O
                         net (fo=1, routed)           0.000     6.786    processor/ALU_inst/i___60_carry__0_i_8_n_0
    SLICE_X37Y36         CARRY4 (Prop_carry4_S[0]_O[0])
                                                      0.247     7.033 r  processor/ALU_inst/multOp_inferred__0/i___60_carry__0/O[0]
                         net (fo=2, routed)           0.895     7.929    processor/IfAndDec_inst/L__0[7]
    SLICE_X26Y34         LUT6 (Prop_lut6_I1_O)        0.299     8.228 r  processor/IfAndDec_inst/Result[7]_i_11/O
                         net (fo=1, routed)           0.000     8.228    processor/IfAndDec_inst/Result[7]_i_11_n_0
    SLICE_X26Y34         MUXF7 (Prop_muxf7_I0_O)      0.209     8.437 r  processor/IfAndDec_inst/Result_reg[7]_i_8/O
                         net (fo=1, routed)           0.326     8.763    processor/IfAndDec_inst/Result_reg[7]_i_8_n_0
    SLICE_X28Y35         LUT6 (Prop_lut6_I5_O)        0.297     9.060 r  processor/IfAndDec_inst/Result[7]_i_2/O
                         net (fo=1, routed)           0.000     9.060    processor/ALU_inst/D[7]
    SLICE_X28Y35         FDRE                                         r  processor/ALU_inst/Result_reg[7]/D
  -------------------------------------------------------------------    -------------------

                         (clock sys_clk_pin fall edge)
                                                      4.000     4.000 f  
    H16                                               0.000     4.000 f  clk (IN)
                         net (fo=0)                   0.000     4.000    clk
    H16                  IBUF (Prop_ibuf_I_O)         1.380     5.380 f  clk_IBUF_inst/O
                         net (fo=1, routed)           2.293     7.673    test_clk_OBUF
    BUFGCTRL_X0Y16       BUFG (Prop_bufg_I_O)         0.091     7.764 f  test_clk_OBUF_BUFG_inst/O
                         net (fo=1817, routed)        1.566     9.331    processor/ALU_inst/test_clk_OBUF_BUFG
    SLICE_X28Y35         FDRE                                         r  processor/ALU_inst/Result_reg[7]/C  (IS_INVERTED)

Slack:                    inf
  Source:                 processor/IfAndDec_inst/KK_const_reg[3]/G
                            (positive level-sensitive latch)
  Destination:            processor/ALU_inst/Result_reg[6]/D
                            (falling edge-triggered cell FDRE clocked by sys_clk_pin  {rise@0.000ns fall@4.000ns period=8.000ns})
  Path Group:             (none)
  Path Type:              Setup (Max at Slow Process Corner)
  Data Path Delay:        9.047ns  (logic 3.112ns (34.398%)  route 5.935ns (65.602%))
  Logic Levels:           9  (CARRY4=3 LDCE=1 LUT2=1 LUT6=3 MUXF7=1)
  Clock Uncertainty:      0.025ns  ((TSJ^2 + TIJ^2)^1/2 + DJ) / 2 + PE
    Total System Jitter     (TSJ):    0.050ns
    Total Input Jitter      (TIJ):    0.000ns
    Discrete Jitter          (DJ):    0.000ns
    Phase Error              (PE):    0.000ns

    Location             Delay type                Incr(ns)  Path(ns)    Netlist Resource(s)
  -------------------------------------------------------------------    -------------------
    SLICE_X32Y29         LDCE                         0.000     0.000 r  processor/IfAndDec_inst/KK_const_reg[3]/G
    SLICE_X32Y29         LDCE (EnToQ_ldce_G_Q)        0.625     0.625 r  processor/IfAndDec_inst/KK_const_reg[3]/Q
                         net (fo=51, routed)          3.082     3.707    processor/RegisterBlock_inst/multOp_inferred__0/i___30_carry__1[3]
    SLICE_X42Y33         LUT6 (Prop_lut6_I1_O)        0.124     3.831 r  processor/RegisterBlock_inst/i___0_carry_i_1/O
                         net (fo=2, routed)           0.685     4.515    processor/ALU_inst/Result[0]_i_8_0[2]
    SLICE_X40Y36         CARRY4 (Prop_carry4_DI[3]_CO[3])
                                                      0.385     4.900 r  processor/ALU_inst/multOp_inferred__0/i___0_carry/CO[3]
                         net (fo=1, routed)           0.000     4.900    processor/ALU_inst/multOp_inferred__0/i___0_carry_n_0
    SLICE_X40Y37         CARRY4 (Prop_carry4_CI_O[0])
                                                      0.222     5.122 r  processor/ALU_inst/multOp_inferred__0/i___0_carry__0/O[0]
                         net (fo=2, routed)           0.763     5.885    processor/ALU_inst/multOp_inferred__0/i___0_carry__0_n_7
    SLICE_X37Y35         LUT2 (Prop_lut2_I0_O)        0.299     6.184 r  processor/ALU_inst/i___60_carry_i_4/O
                         net (fo=1, routed)           0.000     6.184    processor/ALU_inst/i___60_carry_i_4_n_0
    SLICE_X37Y35         CARRY4 (Prop_carry4_S[1]_O[3])
                                                      0.640     6.824 r  processor/ALU_inst/multOp_inferred__0/i___60_carry/O[3]
                         net (fo=2, routed)           0.995     7.819    processor/IfAndDec_inst/L__0[6]
    SLICE_X25Y34         LUT6 (Prop_lut6_I5_O)        0.306     8.125 f  processor/IfAndDec_inst/Result[6]_i_5/O
                         net (fo=1, routed)           0.000     8.125    processor/IfAndDec_inst/Result[6]_i_5_n_0
    SLICE_X25Y34         MUXF7 (Prop_muxf7_I0_O)      0.212     8.337 f  processor/IfAndDec_inst/Result_reg[6]_i_3/O
                         net (fo=1, routed)           0.411     8.748    processor/IfAndDec_inst/Result_reg[6]_i_3_n_0
    SLICE_X26Y35         LUT6 (Prop_lut6_I4_O)        0.299     9.047 r  processor/IfAndDec_inst/Result[6]_i_1/O
                         net (fo=1, routed)           0.000     9.047    processor/ALU_inst/D[6]
    SLICE_X26Y35         FDRE                                         r  processor/ALU_inst/Result_reg[6]/D
  -------------------------------------------------------------------    -------------------

                         (clock sys_clk_pin fall edge)
                                                      4.000     4.000 f  
    H16                                               0.000     4.000 f  clk (IN)
                         net (fo=0)                   0.000     4.000    clk
    H16                  IBUF (Prop_ibuf_I_O)         1.380     5.380 f  clk_IBUF_inst/O
                         net (fo=1, routed)           2.293     7.673    test_clk_OBUF
    BUFGCTRL_X0Y16       BUFG (Prop_bufg_I_O)         0.091     7.764 f  test_clk_OBUF_BUFG_inst/O
                         net (fo=1817, routed)        1.567     9.332    processor/ALU_inst/test_clk_OBUF_BUFG
    SLICE_X26Y35         FDRE                                         r  processor/ALU_inst/Result_reg[6]/C  (IS_INVERTED)

Slack:                    inf
  Source:                 processor/IfAndDec_inst/KK_const_reg[5]/G
                            (positive level-sensitive latch)
  Destination:            processor/ALU_inst/Result_reg[12]/D
                            (falling edge-triggered cell FDRE clocked by sys_clk_pin  {rise@0.000ns fall@4.000ns period=8.000ns})
  Path Group:             (none)
  Path Type:              Setup (Max at Slow Process Corner)
  Data Path Delay:        9.034ns  (logic 2.883ns (31.912%)  route 6.151ns (68.088%))
  Logic Levels:           10  (CARRY4=3 LDCE=1 LUT4=2 LUT5=1 LUT6=3)
  Clock Uncertainty:      0.025ns  ((TSJ^2 + TIJ^2)^1/2 + DJ) / 2 + PE
    Total System Jitter     (TSJ):    0.050ns
    Total Input Jitter      (TIJ):    0.000ns
    Discrete Jitter          (DJ):    0.000ns
    Phase Error              (PE):    0.000ns

    Location             Delay type                Incr(ns)  Path(ns)    Netlist Resource(s)
  -------------------------------------------------------------------    -------------------
    SLICE_X30Y27         LDCE                         0.000     0.000 r  processor/IfAndDec_inst/KK_const_reg[5]/G
    SLICE_X30Y27         LDCE (EnToQ_ldce_G_Q)        0.625     0.625 r  processor/IfAndDec_inst/KK_const_reg[5]/Q
                         net (fo=34, routed)          3.375     4.000    processor/RegisterBlock_inst/multOp_inferred__0/i___30_carry__1[5]
    SLICE_X44Y38         LUT6 (Prop_lut6_I4_O)        0.124     4.124 r  processor/RegisterBlock_inst/i___0_carry__0_i_2/O
                         net (fo=2, routed)           0.639     4.763    processor/RegisterBlock_inst/Data_Out_x_reg[2]_3[1]
    SLICE_X40Y37         LUT6 (Prop_lut6_I0_O)        0.124     4.887 r  processor/RegisterBlock_inst/i___0_carry__0_i_6/O
                         net (fo=1, routed)           0.000     4.887    processor/ALU_inst/multOp_inferred__0/i___60_carry_1[2]
    SLICE_X40Y37         CARRY4 (Prop_carry4_S[2]_CO[3])
                                                      0.398     5.285 r  processor/ALU_inst/multOp_inferred__0/i___0_carry__0/CO[3]
                         net (fo=1, routed)           0.000     5.285    processor/ALU_inst/multOp_inferred__0/i___0_carry__0_n_0
    SLICE_X40Y38         CARRY4 (Prop_carry4_CI_O[1])
                                                      0.334     5.619 r  processor/ALU_inst/multOp_inferred__0/i___0_carry__1/O[1]
                         net (fo=2, routed)           0.590     6.210    processor/IfAndDec_inst/i___60_carry__0_i_5_0[1]
    SLICE_X39Y38         LUT4 (Prop_lut4_I1_O)        0.303     6.513 f  processor/IfAndDec_inst/i___60_carry__0_i_12/O
                         net (fo=2, routed)           0.474     6.987    processor/IfAndDec_inst/i___60_carry__0_i_12_n_0
    SLICE_X39Y37         LUT4 (Prop_lut4_I0_O)        0.124     7.111 r  processor/IfAndDec_inst/i___60_carry__1_i_4/O
                         net (fo=2, routed)           0.485     7.596    processor/IfAndDec_inst/Data_Out_x_reg[7]_2[0]
    SLICE_X37Y37         LUT5 (Prop_lut5_I0_O)        0.124     7.720 r  processor/IfAndDec_inst/i___60_carry__1_i_8/O
                         net (fo=1, routed)           0.000     7.720    processor/ALU_inst/Result_reg[14]_3[0]
    SLICE_X37Y37         CARRY4 (Prop_carry4_S[0]_O[1])
                                                      0.424     8.144 r  processor/ALU_inst/multOp_inferred__0/i___60_carry__1/O[1]
                         net (fo=2, routed)           0.587     8.731    processor/IfAndDec_inst/L__0[11]
    SLICE_X40Y39         LUT6 (Prop_lut6_I0_O)        0.303     9.034 r  processor/IfAndDec_inst/Result[12]_i_1/O
                         net (fo=1, routed)           0.000     9.034    processor/ALU_inst/D[12]
    SLICE_X40Y39         FDRE                                         r  processor/ALU_inst/Result_reg[12]/D
  -------------------------------------------------------------------    -------------------

                         (clock sys_clk_pin fall edge)
                                                      4.000     4.000 f  
    H16                                               0.000     4.000 f  clk (IN)
                         net (fo=0)                   0.000     4.000    clk
    H16                  IBUF (Prop_ibuf_I_O)         1.380     5.380 f  clk_IBUF_inst/O
                         net (fo=1, routed)           2.293     7.673    test_clk_OBUF
    BUFGCTRL_X0Y16       BUFG (Prop_bufg_I_O)         0.091     7.764 f  test_clk_OBUF_BUFG_inst/O
                         net (fo=1817, routed)        1.493     9.258    processor/ALU_inst/test_clk_OBUF_BUFG
    SLICE_X40Y39         FDRE                                         r  processor/ALU_inst/Result_reg[12]/C  (IS_INVERTED)

Slack:                    inf
  Source:                 processor/IfAndDec_inst/KK_const_reg[3]/G
                            (positive level-sensitive latch)
  Destination:            processor/ALU_inst/Result_reg[5]/D
                            (falling edge-triggered cell FDRE clocked by sys_clk_pin  {rise@0.000ns fall@4.000ns period=8.000ns})
  Path Group:             (none)
  Path Type:              Setup (Max at Slow Process Corner)
  Data Path Delay:        8.894ns  (logic 3.048ns (34.271%)  route 5.846ns (65.729%))
  Logic Levels:           9  (CARRY4=3 LDCE=1 LUT2=1 LUT6=3 MUXF7=1)
  Clock Uncertainty:      0.025ns  ((TSJ^2 + TIJ^2)^1/2 + DJ) / 2 + PE
    Total System Jitter     (TSJ):    0.050ns
    Total Input Jitter      (TIJ):    0.000ns
    Discrete Jitter          (DJ):    0.000ns
    Phase Error              (PE):    0.000ns

    Location             Delay type                Incr(ns)  Path(ns)    Netlist Resource(s)
  -------------------------------------------------------------------    -------------------
    SLICE_X32Y29         LDCE                         0.000     0.000 r  processor/IfAndDec_inst/KK_const_reg[3]/G
    SLICE_X32Y29         LDCE (EnToQ_ldce_G_Q)        0.625     0.625 r  processor/IfAndDec_inst/KK_const_reg[3]/Q
                         net (fo=51, routed)          3.082     3.707    processor/RegisterBlock_inst/multOp_inferred__0/i___30_carry__1[3]
    SLICE_X42Y33         LUT6 (Prop_lut6_I1_O)        0.124     3.831 r  processor/RegisterBlock_inst/i___0_carry_i_1/O
                         net (fo=2, routed)           0.685     4.515    processor/ALU_inst/Result[0]_i_8_0[2]
    SLICE_X40Y36         CARRY4 (Prop_carry4_DI[3]_CO[3])
                                                      0.385     4.900 r  processor/ALU_inst/multOp_inferred__0/i___0_carry/CO[3]
                         net (fo=1, routed)           0.000     4.900    processor/ALU_inst/multOp_inferred__0/i___0_carry_n_0
    SLICE_X40Y37         CARRY4 (Prop_carry4_CI_O[0])
                                                      0.222     5.122 r  processor/ALU_inst/multOp_inferred__0/i___0_carry__0/O[0]
                         net (fo=2, routed)           0.763     5.885    processor/ALU_inst/multOp_inferred__0/i___0_carry__0_n_7
    SLICE_X37Y35         LUT2 (Prop_lut2_I0_O)        0.299     6.184 r  processor/ALU_inst/i___60_carry_i_4/O
                         net (fo=1, routed)           0.000     6.184    processor/ALU_inst/i___60_carry_i_4_n_0
    SLICE_X37Y35         CARRY4 (Prop_carry4_S[1]_O[2])
                                                      0.580     6.764 r  processor/ALU_inst/multOp_inferred__0/i___60_carry/O[2]
                         net (fo=2, routed)           0.858     7.622    processor/IfAndDec_inst/L__0[5]
    SLICE_X29Y34         LUT6 (Prop_lut6_I5_O)        0.302     7.924 f  processor/IfAndDec_inst/Result[5]_i_7/O
                         net (fo=1, routed)           0.000     7.924    processor/IfAndDec_inst/Result[5]_i_7_n_0
    SLICE_X29Y34         MUXF7 (Prop_muxf7_I0_O)      0.212     8.136 f  processor/IfAndDec_inst/Result_reg[5]_i_4/O
                         net (fo=1, routed)           0.459     8.595    processor/IfAndDec_inst/Result_reg[5]_i_4_n_0
    SLICE_X30Y36         LUT6 (Prop_lut6_I5_O)        0.299     8.894 r  processor/IfAndDec_inst/Result[5]_i_1/O
                         net (fo=1, routed)           0.000     8.894    processor/ALU_inst/D[5]
    SLICE_X30Y36         FDRE                                         r  processor/ALU_inst/Result_reg[5]/D
  -------------------------------------------------------------------    -------------------

                         (clock sys_clk_pin fall edge)
                                                      4.000     4.000 f  
    H16                                               0.000     4.000 f  clk (IN)
                         net (fo=0)                   0.000     4.000    clk
    H16                  IBUF (Prop_ibuf_I_O)         1.380     5.380 f  clk_IBUF_inst/O
                         net (fo=1, routed)           2.293     7.673    test_clk_OBUF
    BUFGCTRL_X0Y16       BUFG (Prop_bufg_I_O)         0.091     7.764 f  test_clk_OBUF_BUFG_inst/O
                         net (fo=1817, routed)        1.566     9.331    processor/ALU_inst/test_clk_OBUF_BUFG
    SLICE_X30Y36         FDRE                                         r  processor/ALU_inst/Result_reg[5]/C  (IS_INVERTED)

Slack:                    inf
  Source:                 processor/IfAndDec_inst/KK_const_reg[5]/G
                            (positive level-sensitive latch)
  Destination:            processor/ALU_inst/Result_reg[11]/D
                            (falling edge-triggered cell FDRE clocked by sys_clk_pin  {rise@0.000ns fall@4.000ns period=8.000ns})
  Path Group:             (none)
  Path Type:              Setup (Max at Slow Process Corner)
  Data Path Delay:        8.807ns  (logic 3.078ns (34.949%)  route 5.729ns (65.051%))
  Logic Levels:           11  (CARRY4=4 LDCE=1 LUT4=2 LUT5=1 LUT6=3)
  Clock Uncertainty:      0.025ns  ((TSJ^2 + TIJ^2)^1/2 + DJ) / 2 + PE
    Total System Jitter     (TSJ):    0.050ns
    Total Input Jitter      (TIJ):    0.000ns
    Discrete Jitter          (DJ):    0.000ns
    Phase Error              (PE):    0.000ns

    Location             Delay type                Incr(ns)  Path(ns)    Netlist Resource(s)
  -------------------------------------------------------------------    -------------------
    SLICE_X30Y27         LDCE                         0.000     0.000 r  processor/IfAndDec_inst/KK_const_reg[5]/G
    SLICE_X30Y27         LDCE (EnToQ_ldce_G_Q)        0.625     0.625 r  processor/IfAndDec_inst/KK_const_reg[5]/Q
                         net (fo=34, routed)          3.375     4.000    processor/RegisterBlock_inst/multOp_inferred__0/i___30_carry__1[5]
    SLICE_X44Y38         LUT6 (Prop_lut6_I4_O)        0.124     4.124 r  processor/RegisterBlock_inst/i___0_carry__0_i_2/O
                         net (fo=2, routed)           0.639     4.763    processor/RegisterBlock_inst/Data_Out_x_reg[2]_3[1]
    SLICE_X40Y37         LUT6 (Prop_lut6_I0_O)        0.124     4.887 r  processor/RegisterBlock_inst/i___0_carry__0_i_6/O
                         net (fo=1, routed)           0.000     4.887    processor/ALU_inst/multOp_inferred__0/i___60_carry_1[2]
    SLICE_X40Y37         CARRY4 (Prop_carry4_S[2]_CO[3])
                                                      0.398     5.285 r  processor/ALU_inst/multOp_inferred__0/i___0_carry__0/CO[3]
                         net (fo=1, routed)           0.000     5.285    processor/ALU_inst/multOp_inferred__0/i___0_carry__0_n_0
    SLICE_X40Y38         CARRY4 (Prop_carry4_CI_O[1])
                                                      0.334     5.619 r  processor/ALU_inst/multOp_inferred__0/i___0_carry__1/O[1]
                         net (fo=2, routed)           0.604     6.223    processor/IfAndDec_inst/i___60_carry__0_i_5_0[1]
    SLICE_X36Y36         LUT4 (Prop_lut4_I2_O)        0.303     6.526 r  processor/IfAndDec_inst/i___60_carry__0_i_10/O
                         net (fo=2, routed)           0.314     6.840    processor/IfAndDec_inst/i___60_carry__0_i_10_n_0
    SLICE_X36Y37         LUT4 (Prop_lut4_I3_O)        0.124     6.964 r  processor/IfAndDec_inst/i___60_carry__0_i_1/O
                         net (fo=2, routed)           0.306     7.270    processor/IfAndDec_inst/Data_Out_x_reg[6]_0[2]
    SLICE_X37Y36         LUT5 (Prop_lut5_I0_O)        0.124     7.394 r  processor/IfAndDec_inst/i___60_carry__0_i_5/O
                         net (fo=1, routed)           0.000     7.394    processor/ALU_inst/Result_reg[10]_3[2]
    SLICE_X37Y36         CARRY4 (Prop_carry4_S[3]_CO[3])
                                                      0.401     7.795 r  processor/ALU_inst/multOp_inferred__0/i___60_carry__0/CO[3]
                         net (fo=1, routed)           0.000     7.795    processor/ALU_inst/multOp_inferred__0/i___60_carry__0_n_0
    SLICE_X37Y37         CARRY4 (Prop_carry4_CI_O[0])
                                                      0.222     8.017 r  processor/ALU_inst/multOp_inferred__0/i___60_carry__1/O[0]
                         net (fo=2, routed)           0.491     8.508    processor/IfAndDec_inst/L__0[10]
    SLICE_X40Y39         LUT6 (Prop_lut6_I2_O)        0.299     8.807 r  processor/IfAndDec_inst/Result[11]_i_1/O
                         net (fo=1, routed)           0.000     8.807    processor/ALU_inst/D[11]
    SLICE_X40Y39         FDRE                                         r  processor/ALU_inst/Result_reg[11]/D
  -------------------------------------------------------------------    -------------------

                         (clock sys_clk_pin fall edge)
                                                      4.000     4.000 f  
    H16                                               0.000     4.000 f  clk (IN)
                         net (fo=0)                   0.000     4.000    clk
    H16                  IBUF (Prop_ibuf_I_O)         1.380     5.380 f  clk_IBUF_inst/O
                         net (fo=1, routed)           2.293     7.673    test_clk_OBUF
    BUFGCTRL_X0Y16       BUFG (Prop_bufg_I_O)         0.091     7.764 f  test_clk_OBUF_BUFG_inst/O
                         net (fo=1817, routed)        1.493     9.258    processor/ALU_inst/test_clk_OBUF_BUFG
    SLICE_X40Y39         FDRE                                         r  processor/ALU_inst/Result_reg[11]/C  (IS_INVERTED)





Min Delay Paths
--------------------------------------------------------------------------------------
Slack:                    inf
  Source:                 processor/IfAndDec_inst/Branch_Addr_reg[5]/G
                            (positive level-sensitive latch)
  Destination:            processor/PFC_inst/programflowcontrol.stackmem_reg[23][5]/D
                            (falling edge-triggered cell FDRE clocked by sys_clk_pin  {rise@0.000ns fall@4.000ns period=8.000ns})
  Path Group:             (none)
  Path Type:              Hold (Min at Fast Process Corner)
  Data Path Delay:        0.433ns  (logic 0.269ns (62.181%)  route 0.164ns (37.819%))
  Logic Levels:           2  (LDCE=1 LUT5=1)
  Clock Uncertainty:      0.025ns  ((TSJ^2 + TIJ^2)^1/2 + DJ) / 2 + PE
    Total System Jitter     (TSJ):    0.050ns
    Total Input Jitter      (TIJ):    0.000ns
    Discrete Jitter          (DJ):    0.000ns
    Phase Error              (PE):    0.000ns

    Location             Delay type                Incr(ns)  Path(ns)    Netlist Resource(s)
  -------------------------------------------------------------------    -------------------
    SLICE_X31Y27         LDCE                         0.000     0.000 r  processor/IfAndDec_inst/Branch_Addr_reg[5]/G
    SLICE_X31Y27         LDCE (EnToQ_ldce_G_Q)        0.224     0.224 r  processor/IfAndDec_inst/Branch_Addr_reg[5]/Q
                         net (fo=33, routed)          0.164     0.388    processor/PFC_inst/programflowcontrol.stackmem_reg[2][11]_0[5]
    SLICE_X31Y25         LUT5 (Prop_lut5_I2_O)        0.045     0.433 r  processor/PFC_inst/programflowcontrol.stackmem[23][5]_i_1/O
                         net (fo=1, routed)           0.000     0.433    processor/PFC_inst/data8[5]
    SLICE_X31Y25         FDRE                                         r  processor/PFC_inst/programflowcontrol.stackmem_reg[23][5]/D
  -------------------------------------------------------------------    -------------------

                         (clock sys_clk_pin fall edge)
                                                      4.000     4.000 f  
    H16                                               0.000     4.000 f  clk (IN)
                         net (fo=0)                   0.000     4.000    clk
    H16                  IBUF (Prop_ibuf_I_O)         0.406     4.406 f  clk_IBUF_inst/O
                         net (fo=1, routed)           0.907     5.313    test_clk_OBUF
    BUFGCTRL_X0Y16       BUFG (Prop_bufg_I_O)         0.029     5.342 f  test_clk_OBUF_BUFG_inst/O
                         net (fo=1817, routed)        0.842     6.184    processor/PFC_inst/test_clk_OBUF_BUFG
    SLICE_X31Y25         FDRE                                         r  processor/PFC_inst/programflowcontrol.stackmem_reg[23][5]/C  (IS_INVERTED)

Slack:                    inf
  Source:                 processor/IfAndDec_inst/Branch_Addr_reg[9]/G
                            (positive level-sensitive latch)
  Destination:            processor/PFC_inst/programflowcontrol.stackmem_reg[9][9]/D
                            (falling edge-triggered cell FDRE clocked by sys_clk_pin  {rise@0.000ns fall@4.000ns period=8.000ns})
  Path Group:             (none)
  Path Type:              Hold (Min at Fast Process Corner)
  Data Path Delay:        0.463ns  (logic 0.289ns (62.453%)  route 0.174ns (37.547%))
  Logic Levels:           2  (LDCE=1 LUT5=1)
  Clock Uncertainty:      0.025ns  ((TSJ^2 + TIJ^2)^1/2 + DJ) / 2 + PE
    Total System Jitter     (TSJ):    0.050ns
    Total Input Jitter      (TIJ):    0.000ns
    Discrete Jitter          (DJ):    0.000ns
    Phase Error              (PE):    0.000ns

    Location             Delay type                Incr(ns)  Path(ns)    Netlist Resource(s)
  -------------------------------------------------------------------    -------------------
    SLICE_X32Y26         LDCE                         0.000     0.000 r  processor/IfAndDec_inst/Branch_Addr_reg[9]/G
    SLICE_X32Y26         LDCE (EnToQ_ldce_G_Q)        0.244     0.244 r  processor/IfAndDec_inst/Branch_Addr_reg[9]/Q
                         net (fo=33, routed)          0.174     0.418    processor/PFC_inst/programflowcontrol.stackmem_reg[2][11]_0[9]
    SLICE_X35Y25         LUT5 (Prop_lut5_I2_O)        0.045     0.463 r  processor/PFC_inst/programflowcontrol.stackmem[9][9]_i_1/O
                         net (fo=1, routed)           0.000     0.463    processor/PFC_inst/data22[9]
    SLICE_X35Y25         FDRE                                         r  processor/PFC_inst/programflowcontrol.stackmem_reg[9][9]/D
  -------------------------------------------------------------------    -------------------

                         (clock sys_clk_pin fall edge)
                                                      4.000     4.000 f  
    H16                                               0.000     4.000 f  clk (IN)
                         net (fo=0)                   0.000     4.000    clk
    H16                  IBUF (Prop_ibuf_I_O)         0.406     4.406 f  clk_IBUF_inst/O
                         net (fo=1, routed)           0.907     5.313    test_clk_OBUF
    BUFGCTRL_X0Y16       BUFG (Prop_bufg_I_O)         0.029     5.342 f  test_clk_OBUF_BUFG_inst/O
                         net (fo=1817, routed)        0.814     6.156    processor/PFC_inst/test_clk_OBUF_BUFG
    SLICE_X35Y25         FDRE                                         r  processor/PFC_inst/programflowcontrol.stackmem_reg[9][9]/C  (IS_INVERTED)

Slack:                    inf
  Source:                 processor/IfAndDec_inst/SX_Addr_reg[2]/G
                            (positive level-sensitive latch)
  Destination:            processor/RegisterBlock_inst/Data_Out_x_reg[9]/D
                            (falling edge-triggered cell FDRE clocked by sys_clk_pin  {rise@0.000ns fall@4.000ns period=8.000ns})
  Path Group:             (none)
  Path Type:              Hold (Min at Fast Process Corner)
  Data Path Delay:        0.516ns  (logic 0.274ns (53.107%)  route 0.242ns (46.893%))
  Logic Levels:           3  (LDCE=1 MUXF7=1 MUXF8=1)
  Clock Uncertainty:      0.025ns  ((TSJ^2 + TIJ^2)^1/2 + DJ) / 2 + PE
    Total System Jitter     (TSJ):    0.050ns
    Total Input Jitter      (TIJ):    0.000ns
    Discrete Jitter          (DJ):    0.000ns
    Phase Error              (PE):    0.000ns

    Location             Delay type                Incr(ns)  Path(ns)    Netlist Resource(s)
  -------------------------------------------------------------------    -------------------
    SLICE_X33Y27         LDCE                         0.000     0.000 r  processor/IfAndDec_inst/SX_Addr_reg[2]/G
    SLICE_X33Y27         LDCE (EnToQ_ldce_G_Q)        0.158     0.158 r  processor/IfAndDec_inst/SX_Addr_reg[2]/Q
                         net (fo=48, routed)          0.242     0.400    processor/RegisterBlock_inst/Data_Out_x_reg[0]_5[2]
    SLICE_X39Y31         MUXF7 (Prop_muxf7_S_O)       0.093     0.493 r  processor/RegisterBlock_inst/Data_Out_x_reg[9]_i_2/O
                         net (fo=1, routed)           0.000     0.493    processor/RegisterBlock_inst/Data_Out_x_reg[9]_i_2_n_0
    SLICE_X39Y31         MUXF8 (Prop_muxf8_I0_O)      0.023     0.516 r  processor/RegisterBlock_inst/Data_Out_x_reg[9]_i_1/O
                         net (fo=1, routed)           0.000     0.516    processor/RegisterBlock_inst/Tarolo[0]_95[9]
    SLICE_X39Y31         FDRE                                         r  processor/RegisterBlock_inst/Data_Out_x_reg[9]/D
  -------------------------------------------------------------------    -------------------

                         (clock sys_clk_pin fall edge)
                                                      4.000     4.000 f  
    H16                                               0.000     4.000 f  clk (IN)
                         net (fo=0)                   0.000     4.000    clk
    H16                  IBUF (Prop_ibuf_I_O)         0.406     4.406 f  clk_IBUF_inst/O
                         net (fo=1, routed)           0.907     5.313    test_clk_OBUF
    BUFGCTRL_X0Y16       BUFG (Prop_bufg_I_O)         0.029     5.342 f  test_clk_OBUF_BUFG_inst/O
                         net (fo=1817, routed)        0.820     6.162    processor/RegisterBlock_inst/test_clk_OBUF_BUFG
    SLICE_X39Y31         FDRE                                         r  processor/RegisterBlock_inst/Data_Out_x_reg[9]/C  (IS_INVERTED)

Slack:                    inf
  Source:                 processor/IfAndDec_inst/Branch_Addr_reg[9]/G
                            (positive level-sensitive latch)
  Destination:            processor/PFC_inst/programflowcontrol.stackmem_reg[25][9]/D
                            (falling edge-triggered cell FDRE clocked by sys_clk_pin  {rise@0.000ns fall@4.000ns period=8.000ns})
  Path Group:             (none)
  Path Type:              Hold (Min at Fast Process Corner)
  Data Path Delay:        0.524ns  (logic 0.289ns (55.127%)  route 0.235ns (44.873%))
  Logic Levels:           2  (LDCE=1 LUT5=1)
  Clock Uncertainty:      0.025ns  ((TSJ^2 + TIJ^2)^1/2 + DJ) / 2 + PE
    Total System Jitter     (TSJ):    0.050ns
    Total Input Jitter      (TIJ):    0.000ns
    Discrete Jitter          (DJ):    0.000ns
    Phase Error              (PE):    0.000ns

    Location             Delay type                Incr(ns)  Path(ns)    Netlist Resource(s)
  -------------------------------------------------------------------    -------------------
    SLICE_X32Y26         LDCE                         0.000     0.000 r  processor/IfAndDec_inst/Branch_Addr_reg[9]/G
    SLICE_X32Y26         LDCE (EnToQ_ldce_G_Q)        0.244     0.244 r  processor/IfAndDec_inst/Branch_Addr_reg[9]/Q
                         net (fo=33, routed)          0.235     0.479    processor/PFC_inst/programflowcontrol.stackmem_reg[2][11]_0[9]
    SLICE_X33Y25         LUT5 (Prop_lut5_I2_O)        0.045     0.524 r  processor/PFC_inst/programflowcontrol.stackmem[25][9]_i_1/O
                         net (fo=1, routed)           0.000     0.524    processor/PFC_inst/data6[9]
    SLICE_X33Y25         FDRE                                         r  processor/PFC_inst/programflowcontrol.stackmem_reg[25][9]/D
  -------------------------------------------------------------------    -------------------

                         (clock sys_clk_pin fall edge)
                                                      4.000     4.000 f  
    H16                                               0.000     4.000 f  clk (IN)
                         net (fo=0)                   0.000     4.000    clk
    H16                  IBUF (Prop_ibuf_I_O)         0.406     4.406 f  clk_IBUF_inst/O
                         net (fo=1, routed)           0.907     5.313    test_clk_OBUF
    BUFGCTRL_X0Y16       BUFG (Prop_bufg_I_O)         0.029     5.342 f  test_clk_OBUF_BUFG_inst/O
                         net (fo=1817, routed)        0.814     6.156    processor/PFC_inst/test_clk_OBUF_BUFG
    SLICE_X33Y25         FDRE                                         r  processor/PFC_inst/programflowcontrol.stackmem_reg[25][9]/C  (IS_INVERTED)

Slack:                    inf
  Source:                 processor/IfAndDec_inst/SX_Addr_reg[3]/G
                            (positive level-sensitive latch)
  Destination:            processor/RegisterBlock_inst/Data_Out_x_reg[13]/D
                            (falling edge-triggered cell FDRE clocked by sys_clk_pin  {rise@0.000ns fall@4.000ns period=8.000ns})
  Path Group:             (none)
  Path Type:              Hold (Min at Fast Process Corner)
  Data Path Delay:        0.530ns  (logic 0.238ns (44.927%)  route 0.292ns (55.073%))
  Logic Levels:           2  (LDCE=1 MUXF8=1)
  Clock Uncertainty:      0.025ns  ((TSJ^2 + TIJ^2)^1/2 + DJ) / 2 + PE
    Total System Jitter     (TSJ):    0.050ns
    Total Input Jitter      (TIJ):    0.000ns
    Discrete Jitter          (DJ):    0.000ns
    Phase Error              (PE):    0.000ns

    Location             Delay type                Incr(ns)  Path(ns)    Netlist Resource(s)
  -------------------------------------------------------------------    -------------------
    SLICE_X33Y29         LDCE                         0.000     0.000 r  processor/IfAndDec_inst/SX_Addr_reg[3]/G
    SLICE_X33Y29         LDCE (EnToQ_ldce_G_Q)        0.158     0.158 r  processor/IfAndDec_inst/SX_Addr_reg[3]/Q
                         net (fo=32, routed)          0.292     0.450    processor/RegisterBlock_inst/Data_Out_x_reg[0]_5[3]
    SLICE_X41Y30         MUXF8 (Prop_muxf8_S_O)       0.080     0.530 r  processor/RegisterBlock_inst/Data_Out_x_reg[13]_i_1/O
                         net (fo=1, routed)           0.000     0.530    processor/RegisterBlock_inst/Tarolo[0]_95[13]
    SLICE_X41Y30         FDRE                                         r  processor/RegisterBlock_inst/Data_Out_x_reg[13]/D
  -------------------------------------------------------------------    -------------------

                         (clock sys_clk_pin fall edge)
                                                      4.000     4.000 f  
    H16                                               0.000     4.000 f  clk (IN)
                         net (fo=0)                   0.000     4.000    clk
    H16                  IBUF (Prop_ibuf_I_O)         0.406     4.406 f  clk_IBUF_inst/O
                         net (fo=1, routed)           0.907     5.313    test_clk_OBUF
    BUFGCTRL_X0Y16       BUFG (Prop_bufg_I_O)         0.029     5.342 f  test_clk_OBUF_BUFG_inst/O
                         net (fo=1817, routed)        0.819     6.161    processor/RegisterBlock_inst/test_clk_OBUF_BUFG
    SLICE_X41Y30         FDRE                                         r  processor/RegisterBlock_inst/Data_Out_x_reg[13]/C  (IS_INVERTED)

Slack:                    inf
  Source:                 processor/IfAndDec_inst/SX_Addr_reg[3]/G
                            (positive level-sensitive latch)
  Destination:            processor/RegisterBlock_inst/Data_Out_x_reg[11]/D
                            (falling edge-triggered cell FDRE clocked by sys_clk_pin  {rise@0.000ns fall@4.000ns period=8.000ns})
  Path Group:             (none)
  Path Type:              Hold (Min at Fast Process Corner)
  Data Path Delay:        0.536ns  (logic 0.238ns (44.410%)  route 0.298ns (55.590%))
  Logic Levels:           2  (LDCE=1 MUXF8=1)
  Clock Uncertainty:      0.025ns  ((TSJ^2 + TIJ^2)^1/2 + DJ) / 2 + PE
    Total System Jitter     (TSJ):    0.050ns
    Total Input Jitter      (TIJ):    0.000ns
    Discrete Jitter          (DJ):    0.000ns
    Phase Error              (PE):    0.000ns

    Location             Delay type                Incr(ns)  Path(ns)    Netlist Resource(s)
  -------------------------------------------------------------------    -------------------
    SLICE_X33Y29         LDCE                         0.000     0.000 r  processor/IfAndDec_inst/SX_Addr_reg[3]/G
    SLICE_X33Y29         LDCE (EnToQ_ldce_G_Q)        0.158     0.158 r  processor/IfAndDec_inst/SX_Addr_reg[3]/Q
                         net (fo=32, routed)          0.298     0.456    processor/RegisterBlock_inst/Data_Out_x_reg[0]_5[3]
    SLICE_X45Y29         MUXF8 (Prop_muxf8_S_O)       0.080     0.536 r  processor/RegisterBlock_inst/Data_Out_x_reg[11]_i_1/O
                         net (fo=1, routed)           0.000     0.536    processor/RegisterBlock_inst/Tarolo[0]_95[11]
    SLICE_X45Y29         FDRE                                         r  processor/RegisterBlock_inst/Data_Out_x_reg[11]/D
  -------------------------------------------------------------------    -------------------

                         (clock sys_clk_pin fall edge)
                                                      4.000     4.000 f  
    H16                                               0.000     4.000 f  clk (IN)
                         net (fo=0)                   0.000     4.000    clk
    H16                  IBUF (Prop_ibuf_I_O)         0.406     4.406 f  clk_IBUF_inst/O
                         net (fo=1, routed)           0.907     5.313    test_clk_OBUF
    BUFGCTRL_X0Y16       BUFG (Prop_bufg_I_O)         0.029     5.342 f  test_clk_OBUF_BUFG_inst/O
                         net (fo=1817, routed)        0.818     6.160    processor/RegisterBlock_inst/test_clk_OBUF_BUFG
    SLICE_X45Y29         FDRE                                         r  processor/RegisterBlock_inst/Data_Out_x_reg[11]/C  (IS_INVERTED)

Slack:                    inf
  Source:                 processor/IfAndDec_inst/Branch_Addr_reg[10]/G
                            (positive level-sensitive latch)
  Destination:            processor/PFC_inst/programflowcontrol.stackmem_reg[25][10]/D
                            (falling edge-triggered cell FDRE clocked by sys_clk_pin  {rise@0.000ns fall@4.000ns period=8.000ns})
  Path Group:             (none)
  Path Type:              Hold (Min at Fast Process Corner)
  Data Path Delay:        0.538ns  (logic 0.289ns (53.700%)  route 0.249ns (46.300%))
  Logic Levels:           2  (LDCE=1 LUT5=1)
  Clock Uncertainty:      0.025ns  ((TSJ^2 + TIJ^2)^1/2 + DJ) / 2 + PE
    Total System Jitter     (TSJ):    0.050ns
    Total Input Jitter      (TIJ):    0.000ns
    Discrete Jitter          (DJ):    0.000ns
    Phase Error              (PE):    0.000ns

    Location             Delay type                Incr(ns)  Path(ns)    Netlist Resource(s)
  -------------------------------------------------------------------    -------------------
    SLICE_X32Y26         LDCE                         0.000     0.000 r  processor/IfAndDec_inst/Branch_Addr_reg[10]/G
    SLICE_X32Y26         LDCE (EnToQ_ldce_G_Q)        0.244     0.244 r  processor/IfAndDec_inst/Branch_Addr_reg[10]/Q
                         net (fo=33, routed)          0.249     0.493    processor/PFC_inst/programflowcontrol.stackmem_reg[2][11]_0[10]
    SLICE_X32Y25         LUT5 (Prop_lut5_I2_O)        0.045     0.538 r  processor/PFC_inst/programflowcontrol.stackmem[25][10]_i_1/O
                         net (fo=1, routed)           0.000     0.538    processor/PFC_inst/data6[10]
    SLICE_X32Y25         FDRE                                         r  processor/PFC_inst/programflowcontrol.stackmem_reg[25][10]/D
  -------------------------------------------------------------------    -------------------

                         (clock sys_clk_pin fall edge)
                                                      4.000     4.000 f  
    H16                                               0.000     4.000 f  clk (IN)
                         net (fo=0)                   0.000     4.000    clk
    H16                  IBUF (Prop_ibuf_I_O)         0.406     4.406 f  clk_IBUF_inst/O
                         net (fo=1, routed)           0.907     5.313    test_clk_OBUF
    BUFGCTRL_X0Y16       BUFG (Prop_bufg_I_O)         0.029     5.342 f  test_clk_OBUF_BUFG_inst/O
                         net (fo=1817, routed)        0.814     6.156    processor/PFC_inst/test_clk_OBUF_BUFG
    SLICE_X32Y25         FDRE                                         r  processor/PFC_inst/programflowcontrol.stackmem_reg[25][10]/C  (IS_INVERTED)

Slack:                    inf
  Source:                 processor/IfAndDec_inst/Branch_Addr_reg[6]/G
                            (positive level-sensitive latch)
  Destination:            processor/PFC_inst/programflowcontrol.stackmem_reg[24][6]/D
                            (falling edge-triggered cell FDRE clocked by sys_clk_pin  {rise@0.000ns fall@4.000ns period=8.000ns})
  Path Group:             (none)
  Path Type:              Hold (Min at Fast Process Corner)
  Data Path Delay:        0.539ns  (logic 0.289ns (53.636%)  route 0.250ns (46.364%))
  Logic Levels:           2  (LDCE=1 LUT5=1)
  Clock Uncertainty:      0.025ns  ((TSJ^2 + TIJ^2)^1/2 + DJ) / 2 + PE
    Total System Jitter     (TSJ):    0.050ns
    Total Input Jitter      (TIJ):    0.000ns
    Discrete Jitter          (DJ):    0.000ns
    Phase Error              (PE):    0.000ns

    Location             Delay type                Incr(ns)  Path(ns)    Netlist Resource(s)
  -------------------------------------------------------------------    -------------------
    SLICE_X30Y26         LDCE                         0.000     0.000 r  processor/IfAndDec_inst/Branch_Addr_reg[6]/G
    SLICE_X30Y26         LDCE (EnToQ_ldce_G_Q)        0.244     0.244 r  processor/IfAndDec_inst/Branch_Addr_reg[6]/Q
                         net (fo=33, routed)          0.250     0.494    processor/PFC_inst/programflowcontrol.stackmem_reg[2][11]_0[6]
    SLICE_X31Y22         LUT5 (Prop_lut5_I2_O)        0.045     0.539 r  processor/PFC_inst/programflowcontrol.stackmem[24][6]_i_1/O
                         net (fo=1, routed)           0.000     0.539    processor/PFC_inst/data7[6]
    SLICE_X31Y22         FDRE                                         r  processor/PFC_inst/programflowcontrol.stackmem_reg[24][6]/D
  -------------------------------------------------------------------    -------------------

                         (clock sys_clk_pin fall edge)
                                                      4.000     4.000 f  
    H16                                               0.000     4.000 f  clk (IN)
                         net (fo=0)                   0.000     4.000    clk
    H16                  IBUF (Prop_ibuf_I_O)         0.406     4.406 f  clk_IBUF_inst/O
                         net (fo=1, routed)           0.907     5.313    test_clk_OBUF
    BUFGCTRL_X0Y16       BUFG (Prop_bufg_I_O)         0.029     5.342 f  test_clk_OBUF_BUFG_inst/O
                         net (fo=1817, routed)        0.845     6.187    processor/PFC_inst/test_clk_OBUF_BUFG
    SLICE_X31Y22         FDRE                                         r  processor/PFC_inst/programflowcontrol.stackmem_reg[24][6]/C  (IS_INVERTED)

Slack:                    inf
  Source:                 processor/IfAndDec_inst/Branch_Addr_reg[11]/G
                            (positive level-sensitive latch)
  Destination:            processor/PFC_inst/programflowcontrol.stackmem_reg[25][11]/D
                            (falling edge-triggered cell FDRE clocked by sys_clk_pin  {rise@0.000ns fall@4.000ns period=8.000ns})
  Path Group:             (none)
  Path Type:              Hold (Min at Fast Process Corner)
  Data Path Delay:        0.540ns  (logic 0.289ns (53.507%)  route 0.251ns (46.493%))
  Logic Levels:           2  (LDCE=1 LUT5=1)
  Clock Uncertainty:      0.025ns  ((TSJ^2 + TIJ^2)^1/2 + DJ) / 2 + PE
    Total System Jitter     (TSJ):    0.050ns
    Total Input Jitter      (TIJ):    0.000ns
    Discrete Jitter          (DJ):    0.000ns
    Phase Error              (PE):    0.000ns

    Location             Delay type                Incr(ns)  Path(ns)    Netlist Resource(s)
  -------------------------------------------------------------------    -------------------
    SLICE_X32Y26         LDCE                         0.000     0.000 r  processor/IfAndDec_inst/Branch_Addr_reg[11]/G
    SLICE_X32Y26         LDCE (EnToQ_ldce_G_Q)        0.244     0.244 r  processor/IfAndDec_inst/Branch_Addr_reg[11]/Q
                         net (fo=33, routed)          0.251     0.495    processor/PFC_inst/programflowcontrol.stackmem_reg[2][11]_0[11]
    SLICE_X32Y25         LUT5 (Prop_lut5_I2_O)        0.045     0.540 r  processor/PFC_inst/programflowcontrol.stackmem[25][11]_i_1/O
                         net (fo=1, routed)           0.000     0.540    processor/PFC_inst/data6[11]
    SLICE_X32Y25         FDRE                                         r  processor/PFC_inst/programflowcontrol.stackmem_reg[25][11]/D
  -------------------------------------------------------------------    -------------------

                         (clock sys_clk_pin fall edge)
                                                      4.000     4.000 f  
    H16                                               0.000     4.000 f  clk (IN)
                         net (fo=0)                   0.000     4.000    clk
    H16                  IBUF (Prop_ibuf_I_O)         0.406     4.406 f  clk_IBUF_inst/O
                         net (fo=1, routed)           0.907     5.313    test_clk_OBUF
    BUFGCTRL_X0Y16       BUFG (Prop_bufg_I_O)         0.029     5.342 f  test_clk_OBUF_BUFG_inst/O
                         net (fo=1817, routed)        0.814     6.156    processor/PFC_inst/test_clk_OBUF_BUFG
    SLICE_X32Y25         FDRE                                         r  processor/PFC_inst/programflowcontrol.stackmem_reg[25][11]/C  (IS_INVERTED)

Slack:                    inf
  Source:                 processor/IfAndDec_inst/Branch_Addr_reg[10]/G
                            (positive level-sensitive latch)
  Destination:            processor/PFC_inst/programflowcontrol.stackmem_reg[29][10]/D
                            (falling edge-triggered cell FDRE clocked by sys_clk_pin  {rise@0.000ns fall@4.000ns period=8.000ns})
  Path Group:             (none)
  Path Type:              Hold (Min at Fast Process Corner)
  Data Path Delay:        0.541ns  (logic 0.289ns (53.382%)  route 0.252ns (46.618%))
  Logic Levels:           2  (LDCE=1 LUT5=1)
  Clock Uncertainty:      0.025ns  ((TSJ^2 + TIJ^2)^1/2 + DJ) / 2 + PE
    Total System Jitter     (TSJ):    0.050ns
    Total Input Jitter      (TIJ):    0.000ns
    Discrete Jitter          (DJ):    0.000ns
    Phase Error              (PE):    0.000ns

    Location             Delay type                Incr(ns)  Path(ns)    Netlist Resource(s)
  -------------------------------------------------------------------    -------------------
    SLICE_X32Y26         LDCE                         0.000     0.000 r  processor/IfAndDec_inst/Branch_Addr_reg[10]/G
    SLICE_X32Y26         LDCE (EnToQ_ldce_G_Q)        0.244     0.244 r  processor/IfAndDec_inst/Branch_Addr_reg[10]/Q
                         net (fo=33, routed)          0.252     0.496    processor/PFC_inst/programflowcontrol.stackmem_reg[2][11]_0[10]
    SLICE_X37Y25         LUT5 (Prop_lut5_I2_O)        0.045     0.541 r  processor/PFC_inst/programflowcontrol.stackmem[29][10]_i_1/O
                         net (fo=1, routed)           0.000     0.541    processor/PFC_inst/data2[10]
    SLICE_X37Y25         FDRE                                         r  processor/PFC_inst/programflowcontrol.stackmem_reg[29][10]/D
  -------------------------------------------------------------------    -------------------

                         (clock sys_clk_pin fall edge)
                                                      4.000     4.000 f  
    H16                                               0.000     4.000 f  clk (IN)
                         net (fo=0)                   0.000     4.000    clk
    H16                  IBUF (Prop_ibuf_I_O)         0.406     4.406 f  clk_IBUF_inst/O
                         net (fo=1, routed)           0.907     5.313    test_clk_OBUF
    BUFGCTRL_X0Y16       BUFG (Prop_bufg_I_O)         0.029     5.342 f  test_clk_OBUF_BUFG_inst/O
                         net (fo=1817, routed)        0.813     6.155    processor/PFC_inst/test_clk_OBUF_BUFG
    SLICE_X37Y25         FDRE                                         r  processor/PFC_inst/programflowcontrol.stackmem_reg[29][10]/C  (IS_INVERTED)





