Copyright 1986-2022 Xilinx, Inc. All Rights Reserved. Copyright 2022-2025 Advanced Micro Devices, Inc. All Rights Reserved.
------------------------------------------------------------------------------------------------------------------------------------------------------------------------------------------------------------------------------------
| Tool Version : Vivado v.2025.2 (win64) Build 6299465 Fri Nov 14 19:35:11 GMT 2025
| Date         : Mon Mar 23 10:10:29 2026
| Host         : DESKTOP-SGQVFU5 running 64-bit major release  (build 9200)
| Command      : report_timing_summary -max_paths 10 -routable_nets -report_unconstrained -file toplevel_timing_summary_routed.rpt -pb toplevel_timing_summary_routed.pb -rpx toplevel_timing_summary_routed.rpx -warn_on_violation
| Design       : toplevel
| Device       : 7z020-clg400
| Speed File   : -1  PRODUCTION 1.12 2019-11-22
| Design State : Routed
------------------------------------------------------------------------------------------------------------------------------------------------------------------------------------------------------------------------------------

Timing Summary Report

------------------------------------------------------------------------------------------------
| Timer Settings
| --------------
------------------------------------------------------------------------------------------------

  Enable Multi Corner Analysis               :  Yes
  Enable Pessimism Removal                   :  Yes
  Pessimism Removal Resolution               :  Nearest Common Node
  Enable Input Delay Default Clock           :  No
  Enable Preset / Clear Arcs                 :  No
  Disable Flight Delays                      :  No
  Ignore I/O Paths                           :  No
  Timing Early Launch at Borrowing Latches   :  No
  Borrow Time for Max Delay Exceptions       :  Yes
  Merge Timing Exceptions                    :  Yes
  Inter-SLR Compensation                     :  Conservative

  Corner  Analyze    Analyze    
  Name    Max Paths  Min Paths  
  ------  ---------  ---------  
  Slow    Yes        Yes        
  Fast    Yes        Yes        


------------------------------------------------------------------------------------------------
| Report Methodology
| ------------------
------------------------------------------------------------------------------------------------

Rule       Severity  Description                    Violations  
---------  --------  -----------------------------  ----------  
TIMING-16  Warning   Large setup violation          39          
TIMING-18  Warning   Missing input or output delay  18          

Note: This report is based on the most recent report_methodology run and may not be up-to-date. Run report_methodology on the current design for the latest report.



check_timing report

Table of Contents
-----------------
1. checking no_clock (0)
2. checking constant_clock (0)
3. checking pulse_width_clock (0)
4. checking unconstrained_internal_endpoints (18)
5. checking no_input_delay (3)
6. checking no_output_delay (15)
7. checking multiple_clock (0)
8. checking generated_clocks (0)
9. checking loops (0)
10. checking partial_input_delay (0)
11. checking partial_output_delay (0)
12. checking latch_loops (0)

1. checking no_clock (0)
------------------------
 There are 0 register/latch pins with no clock.


2. checking constant_clock (0)
------------------------------
 There are 0 register/latch pins with constant_clock.


3. checking pulse_width_clock (0)
---------------------------------
 There are 0 register/latch pins which need pulse_width check


4. checking unconstrained_internal_endpoints (18)
-------------------------------------------------
 There are 0 pins that are not constrained for maximum delay.

 There are 18 pins that are not constrained for maximum delay due to constant clock. (MEDIUM)


5. checking no_input_delay (3)
------------------------------
 There are 3 input ports with no input delay specified. (HIGH)

 There are 0 input ports with no input delay but user has a false path constraint.


6. checking no_output_delay (15)
--------------------------------
 There are 15 ports with no output delay specified. (HIGH)

 There are 0 ports with no output delay but user has a false path constraint

 There are 0 ports with no output delay but with a timing clock defined on it or propagating through it


7. checking multiple_clock (0)
------------------------------
 There are 0 register/latch pins with multiple clocks.


8. checking generated_clocks (0)
--------------------------------
 There are 0 generated clocks that are not connected to a clock source.


9. checking loops (0)
---------------------
 There are 0 combinational loops in the design.


10. checking partial_input_delay (0)
------------------------------------
 There are 0 input ports with partial input delay specified.


11. checking partial_output_delay (0)
-------------------------------------
 There are 0 ports with partial output delay specified.


12. checking latch_loops (0)
----------------------------
 There are 0 combinational latch loops in the design through latch input



------------------------------------------------------------------------------------------------
| Design Timing Summary
| ---------------------
------------------------------------------------------------------------------------------------

    WNS(ns)      TNS(ns)  TNS Failing Endpoints  TNS Total Endpoints      WHS(ns)      THS(ns)  THS Failing Endpoints  THS Total Endpoints     WPWS(ns)     TPWS(ns)  TPWS Failing Endpoints  TPWS Total Endpoints  
    -------      -------  ---------------------  -------------------      -------      -------  ---------------------  -------------------     --------     --------  ----------------------  --------------------  
     -3.079      -96.578                     46                  501        0.071        0.000                      0                  501        2.750        0.000                       0                   161  


Timing constraints are not met.


------------------------------------------------------------------------------------------------
| Clock Summary
| -------------
------------------------------------------------------------------------------------------------

Clock        Waveform(ns)         Period(ns)      Frequency(MHz)
-----        ------------         ----------      --------------
sys_clk_pin  {0.000 4.000}        8.000           125.000         


------------------------------------------------------------------------------------------------
| Intra Clock Table
| -----------------
------------------------------------------------------------------------------------------------

Clock             WNS(ns)      TNS(ns)  TNS Failing Endpoints  TNS Total Endpoints      WHS(ns)      THS(ns)  THS Failing Endpoints  THS Total Endpoints     WPWS(ns)     TPWS(ns)  TPWS Failing Endpoints  TPWS Total Endpoints  
-----             -------      -------  ---------------------  -------------------      -------      -------  ---------------------  -------------------     --------     --------  ----------------------  --------------------  
sys_clk_pin        -3.079      -96.578                     46                  501        0.071        0.000                      0                  501        2.750        0.000                       0                   161  


------------------------------------------------------------------------------------------------
| Inter Clock Table
| -----------------
------------------------------------------------------------------------------------------------

From Clock    To Clock          WNS(ns)      TNS(ns)  TNS Failing Endpoints  TNS Total Endpoints      WHS(ns)      THS(ns)  THS Failing Endpoints  THS Total Endpoints  
----------    --------          -------      -------  ---------------------  -------------------      -------      -------  ---------------------  -------------------  


------------------------------------------------------------------------------------------------
| Other Path Groups Table
| -----------------------
------------------------------------------------------------------------------------------------

Path Group    From Clock    To Clock          WNS(ns)      TNS(ns)  TNS Failing Endpoints  TNS Total Endpoints      WHS(ns)      THS(ns)  THS Failing Endpoints  THS Total Endpoints  
----------    ----------    --------          -------      -------  ---------------------  -------------------      -------      -------  ---------------------  -------------------  


------------------------------------------------------------------------------------------------
| User Ignored Path Table
| -----------------------
------------------------------------------------------------------------------------------------

Path Group    From Clock    To Clock    
----------    ----------    --------    


------------------------------------------------------------------------------------------------
| Unconstrained Path Table
| ------------------------
------------------------------------------------------------------------------------------------

Path Group    From Clock    To Clock    
----------    ----------    --------    
(none)                                    
(none)        sys_clk_pin                 
(none)                      sys_clk_pin   


------------------------------------------------------------------------------------------------
| Timing Details
| --------------
------------------------------------------------------------------------------------------------


---------------------------------------------------------------------------------------------------
From Clock:  sys_clk_pin
  To Clock:  sys_clk_pin

Setup :           46  Failing Endpoints,  Worst Slack       -3.079ns,  Total Violation      -96.578ns
Hold  :            0  Failing Endpoints,  Worst Slack        0.071ns,  Total Violation        0.000ns
PW    :            0  Failing Endpoints,  Worst Slack        2.750ns,  Total Violation        0.000ns
---------------------------------------------------------------------------------------------------


Max Delay Paths
--------------------------------------------------------------------------------------
Slack (VIOLATED) :        -3.079ns  (required time - arrival time)
  Source:                 memoria/ram_2k_generate.akv7.kcpsm6_rom/CLKARDCLK
                            (rising edge-triggered cell RAMB36E1 clocked by sys_clk_pin  {rise@0.000ns fall@4.000ns period=8.000ns})
  Destination:            psdatabuff_reg[3]/CE
                            (falling edge-triggered cell FDRE clocked by sys_clk_pin  {rise@0.000ns fall@4.000ns period=8.000ns})
  Path Group:             sys_clk_pin
  Path Type:              Setup (Max at Slow Process Corner)
  Requirement:            4.000ns  (sys_clk_pin fall@4.000ns - sys_clk_pin rise@0.000ns)
  Data Path Delay:        6.812ns  (logic 3.298ns (48.414%)  route 3.514ns (51.586%))
  Logic Levels:           3  (LUT5=1 LUT6=1 RAMD32=1)
  Clock Path Skew:        -0.029ns (DCD - SCD + CPR)
    Destination Clock Delay (DCD):    5.440ns = ( 9.440 - 4.000 ) 
    Source Clock Delay      (SCD):    5.893ns
    Clock Pessimism Removal (CPR):    0.423ns
  Clock Uncertainty:      0.035ns  ((TSJ^2 + TIJ^2)^1/2 + DJ) / 2 + PE
    Total System Jitter     (TSJ):    0.071ns
    Total Input Jitter      (TIJ):    0.000ns
    Discrete Jitter          (DJ):    0.000ns
    Phase Error              (PE):    0.000ns

    Location             Delay type                Incr(ns)  Path(ns)    Netlist Resource(s)
  -------------------------------------------------------------------    -------------------
                         (clock sys_clk_pin rise edge)
                                                      0.000     0.000 r  
    H16                                               0.000     0.000 r  clk_in (IN)
                         net (fo=0)                   0.000     0.000    clk_in
    H16                  IBUF (Prop_ibuf_I_O)         1.451     1.451 r  clk_in_IBUF_inst/O
                         net (fo=1, routed)           2.522     3.973    clk_in_IBUF
    BUFGCTRL_X0Y16       BUFG (Prop_bufg_I_O)         0.101     4.074 r  clk_in_IBUF_BUFG_inst/O
                         net (fo=160, routed)         1.819     5.893    memoria/clk_in_IBUF_BUFG
    RAMB36_X5Y16         RAMB36E1                                     r  memoria/ram_2k_generate.akv7.kcpsm6_rom/CLKARDCLK
  -------------------------------------------------------------------    -------------------
    RAMB36_X5Y16         RAMB36E1 (Prop_ramb36e1_CLKARDCLK_DOADO[5])
                                                      2.454     8.347 r  memoria/ram_2k_generate.akv7.kcpsm6_rom/DOADO[5]
                         net (fo=14, routed)          1.421     9.768    processzor/upper_reg_banks/ADDRC1
    SLICE_X108Y80        RAMD32 (Prop_ramd32_RADR1_O)
                                                      0.153     9.921 f  processzor/upper_reg_banks/RAMC/O
                         net (fo=3, routed)           0.827    10.748    processzor/data_path_loop[6].output_data.sy_kk_mux_lut/I0
    SLICE_X109Y80        LUT5 (Prop_lut5_I0_O)        0.359    11.107 f  processzor/data_path_loop[6].output_data.sy_kk_mux_lut/LUT5/O
                         net (fo=6, routed)           0.875    11.982    processzor/portid[6]
    SLICE_X110Y81        LUT6 (Prop_lut6_I3_O)        0.332    12.314 r  processzor/psdatabuff[7]_i_1_comp/O
                         net (fo=8, routed)           0.392    12.705    psdatabuff0
    SLICE_X111Y81        FDRE                                         r  psdatabuff_reg[3]/CE
  -------------------------------------------------------------------    -------------------

                         (clock sys_clk_pin fall edge)
                                                      4.000     4.000 f  
    H16                                               0.000     4.000 f  clk_in (IN)
                         net (fo=0)                   0.000     4.000    clk_in
    H16                  IBUF (Prop_ibuf_I_O)         1.380     5.380 f  clk_in_IBUF_inst/O
                         net (fo=1, routed)           2.293     7.673    clk_in_IBUF
    BUFGCTRL_X0Y16       BUFG (Prop_bufg_I_O)         0.091     7.764 f  clk_in_IBUF_BUFG_inst/O
                         net (fo=160, routed)         1.676     9.440    clk_in_IBUF_BUFG
    SLICE_X111Y81        FDRE                                         r  psdatabuff_reg[3]/C  (IS_INVERTED)
                         clock pessimism              0.423     9.864    
                         clock uncertainty           -0.035     9.828    
    SLICE_X111Y81        FDRE (Setup_fdre_C_CE)      -0.202     9.626    psdatabuff_reg[3]
  -------------------------------------------------------------------
                         required time                          9.626    
                         arrival time                         -12.705    
  -------------------------------------------------------------------
                         slack                                 -3.079    

Slack (VIOLATED) :        -3.079ns  (required time - arrival time)
  Source:                 memoria/ram_2k_generate.akv7.kcpsm6_rom/CLKARDCLK
                            (rising edge-triggered cell RAMB36E1 clocked by sys_clk_pin  {rise@0.000ns fall@4.000ns period=8.000ns})
  Destination:            psdatabuff_reg[4]/CE
                            (falling edge-triggered cell FDRE clocked by sys_clk_pin  {rise@0.000ns fall@4.000ns period=8.000ns})
  Path Group:             sys_clk_pin
  Path Type:              Setup (Max at Slow Process Corner)
  Requirement:            4.000ns  (sys_clk_pin fall@4.000ns - sys_clk_pin rise@0.000ns)
  Data Path Delay:        6.812ns  (logic 3.298ns (48.414%)  route 3.514ns (51.586%))
  Logic Levels:           3  (LUT5=1 LUT6=1 RAMD32=1)
  Clock Path Skew:        -0.029ns (DCD - SCD + CPR)
    Destination Clock Delay (DCD):    5.440ns = ( 9.440 - 4.000 ) 
    Source Clock Delay      (SCD):    5.893ns
    Clock Pessimism Removal (CPR):    0.423ns
  Clock Uncertainty:      0.035ns  ((TSJ^2 + TIJ^2)^1/2 + DJ) / 2 + PE
    Total System Jitter     (TSJ):    0.071ns
    Total Input Jitter      (TIJ):    0.000ns
    Discrete Jitter          (DJ):    0.000ns
    Phase Error              (PE):    0.000ns

    Location             Delay type                Incr(ns)  Path(ns)    Netlist Resource(s)
  -------------------------------------------------------------------    -------------------
                         (clock sys_clk_pin rise edge)
                                                      0.000     0.000 r  
    H16                                               0.000     0.000 r  clk_in (IN)
                         net (fo=0)                   0.000     0.000    clk_in
    H16                  IBUF (Prop_ibuf_I_O)         1.451     1.451 r  clk_in_IBUF_inst/O
                         net (fo=1, routed)           2.522     3.973    clk_in_IBUF
    BUFGCTRL_X0Y16       BUFG (Prop_bufg_I_O)         0.101     4.074 r  clk_in_IBUF_BUFG_inst/O
                         net (fo=160, routed)         1.819     5.893    memoria/clk_in_IBUF_BUFG
    RAMB36_X5Y16         RAMB36E1                                     r  memoria/ram_2k_generate.akv7.kcpsm6_rom/CLKARDCLK
  -------------------------------------------------------------------    -------------------
    RAMB36_X5Y16         RAMB36E1 (Prop_ramb36e1_CLKARDCLK_DOADO[5])
                                                      2.454     8.347 r  memoria/ram_2k_generate.akv7.kcpsm6_rom/DOADO[5]
                         net (fo=14, routed)          1.421     9.768    processzor/upper_reg_banks/ADDRC1
    SLICE_X108Y80        RAMD32 (Prop_ramd32_RADR1_O)
                                                      0.153     9.921 f  processzor/upper_reg_banks/RAMC/O
                         net (fo=3, routed)           0.827    10.748    processzor/data_path_loop[6].output_data.sy_kk_mux_lut/I0
    SLICE_X109Y80        LUT5 (Prop_lut5_I0_O)        0.359    11.107 f  processzor/data_path_loop[6].output_data.sy_kk_mux_lut/LUT5/O
                         net (fo=6, routed)           0.875    11.982    processzor/portid[6]
    SLICE_X110Y81        LUT6 (Prop_lut6_I3_O)        0.332    12.314 r  processzor/psdatabuff[7]_i_1_comp/O
                         net (fo=8, routed)           0.392    12.705    psdatabuff0
    SLICE_X111Y81        FDRE                                         r  psdatabuff_reg[4]/CE
  -------------------------------------------------------------------    -------------------

                         (clock sys_clk_pin fall edge)
                                                      4.000     4.000 f  
    H16                                               0.000     4.000 f  clk_in (IN)
                         net (fo=0)                   0.000     4.000    clk_in
    H16                  IBUF (Prop_ibuf_I_O)         1.380     5.380 f  clk_in_IBUF_inst/O
                         net (fo=1, routed)           2.293     7.673    clk_in_IBUF
    BUFGCTRL_X0Y16       BUFG (Prop_bufg_I_O)         0.091     7.764 f  clk_in_IBUF_BUFG_inst/O
                         net (fo=160, routed)         1.676     9.440    clk_in_IBUF_BUFG
    SLICE_X111Y81        FDRE                                         r  psdatabuff_reg[4]/C  (IS_INVERTED)
                         clock pessimism              0.423     9.864    
                         clock uncertainty           -0.035     9.828    
    SLICE_X111Y81        FDRE (Setup_fdre_C_CE)      -0.202     9.626    psdatabuff_reg[4]
  -------------------------------------------------------------------
                         required time                          9.626    
                         arrival time                         -12.705    
  -------------------------------------------------------------------
                         slack                                 -3.079    

Slack (VIOLATED) :        -3.079ns  (required time - arrival time)
  Source:                 memoria/ram_2k_generate.akv7.kcpsm6_rom/CLKARDCLK
                            (rising edge-triggered cell RAMB36E1 clocked by sys_clk_pin  {rise@0.000ns fall@4.000ns period=8.000ns})
  Destination:            psdatabuff_reg[6]/CE
                            (falling edge-triggered cell FDRE clocked by sys_clk_pin  {rise@0.000ns fall@4.000ns period=8.000ns})
  Path Group:             sys_clk_pin
  Path Type:              Setup (Max at Slow Process Corner)
  Requirement:            4.000ns  (sys_clk_pin fall@4.000ns - sys_clk_pin rise@0.000ns)
  Data Path Delay:        6.812ns  (logic 3.298ns (48.414%)  route 3.514ns (51.586%))
  Logic Levels:           3  (LUT5=1 LUT6=1 RAMD32=1)
  Clock Path Skew:        -0.029ns (DCD - SCD + CPR)
    Destination Clock Delay (DCD):    5.440ns = ( 9.440 - 4.000 ) 
    Source Clock Delay      (SCD):    5.893ns
    Clock Pessimism Removal (CPR):    0.423ns
  Clock Uncertainty:      0.035ns  ((TSJ^2 + TIJ^2)^1/2 + DJ) / 2 + PE
    Total System Jitter     (TSJ):    0.071ns
    Total Input Jitter      (TIJ):    0.000ns
    Discrete Jitter          (DJ):    0.000ns
    Phase Error              (PE):    0.000ns

    Location             Delay type                Incr(ns)  Path(ns)    Netlist Resource(s)
  -------------------------------------------------------------------    -------------------
                         (clock sys_clk_pin rise edge)
                                                      0.000     0.000 r  
    H16                                               0.000     0.000 r  clk_in (IN)
                         net (fo=0)                   0.000     0.000    clk_in
    H16                  IBUF (Prop_ibuf_I_O)         1.451     1.451 r  clk_in_IBUF_inst/O
                         net (fo=1, routed)           2.522     3.973    clk_in_IBUF
    BUFGCTRL_X0Y16       BUFG (Prop_bufg_I_O)         0.101     4.074 r  clk_in_IBUF_BUFG_inst/O
                         net (fo=160, routed)         1.819     5.893    memoria/clk_in_IBUF_BUFG
    RAMB36_X5Y16         RAMB36E1                                     r  memoria/ram_2k_generate.akv7.kcpsm6_rom/CLKARDCLK
  -------------------------------------------------------------------    -------------------
    RAMB36_X5Y16         RAMB36E1 (Prop_ramb36e1_CLKARDCLK_DOADO[5])
                                                      2.454     8.347 r  memoria/ram_2k_generate.akv7.kcpsm6_rom/DOADO[5]
                         net (fo=14, routed)          1.421     9.768    processzor/upper_reg_banks/ADDRC1
    SLICE_X108Y80        RAMD32 (Prop_ramd32_RADR1_O)
                                                      0.153     9.921 f  processzor/upper_reg_banks/RAMC/O
                         net (fo=3, routed)           0.827    10.748    processzor/data_path_loop[6].output_data.sy_kk_mux_lut/I0
    SLICE_X109Y80        LUT5 (Prop_lut5_I0_O)        0.359    11.107 f  processzor/data_path_loop[6].output_data.sy_kk_mux_lut/LUT5/O
                         net (fo=6, routed)           0.875    11.982    processzor/portid[6]
    SLICE_X110Y81        LUT6 (Prop_lut6_I3_O)        0.332    12.314 r  processzor/psdatabuff[7]_i_1_comp/O
                         net (fo=8, routed)           0.392    12.705    psdatabuff0
    SLICE_X111Y81        FDRE                                         r  psdatabuff_reg[6]/CE
  -------------------------------------------------------------------    -------------------

                         (clock sys_clk_pin fall edge)
                                                      4.000     4.000 f  
    H16                                               0.000     4.000 f  clk_in (IN)
                         net (fo=0)                   0.000     4.000    clk_in
    H16                  IBUF (Prop_ibuf_I_O)         1.380     5.380 f  clk_in_IBUF_inst/O
                         net (fo=1, routed)           2.293     7.673    clk_in_IBUF
    BUFGCTRL_X0Y16       BUFG (Prop_bufg_I_O)         0.091     7.764 f  clk_in_IBUF_BUFG_inst/O
                         net (fo=160, routed)         1.676     9.440    clk_in_IBUF_BUFG
    SLICE_X111Y81        FDRE                                         r  psdatabuff_reg[6]/C  (IS_INVERTED)
                         clock pessimism              0.423     9.864    
                         clock uncertainty           -0.035     9.828    
    SLICE_X111Y81        FDRE (Setup_fdre_C_CE)      -0.202     9.626    psdatabuff_reg[6]
  -------------------------------------------------------------------
                         required time                          9.626    
                         arrival time                         -12.705    
  -------------------------------------------------------------------
                         slack                                 -3.079    

Slack (VIOLATED) :        -3.075ns  (required time - arrival time)
  Source:                 memoria/ram_2k_generate.akv7.kcpsm6_rom/CLKARDCLK
                            (rising edge-triggered cell RAMB36E1 clocked by sys_clk_pin  {rise@0.000ns fall@4.000ns period=8.000ns})
  Destination:            data_cntrl_reg[0]/CE
                            (falling edge-triggered cell FDRE clocked by sys_clk_pin  {rise@0.000ns fall@4.000ns period=8.000ns})
  Path Group:             sys_clk_pin
  Path Type:              Setup (Max at Slow Process Corner)
  Requirement:            4.000ns  (sys_clk_pin fall@4.000ns - sys_clk_pin rise@0.000ns)
  Data Path Delay:        6.811ns  (logic 3.265ns (47.937%)  route 3.546ns (52.063%))
  Logic Levels:           3  (LUT5=1 LUT6=1 RAMD32=1)
  Clock Path Skew:        -0.026ns (DCD - SCD + CPR)
    Destination Clock Delay (DCD):    5.443ns = ( 9.443 - 4.000 ) 
    Source Clock Delay      (SCD):    5.893ns
    Clock Pessimism Removal (CPR):    0.423ns
  Clock Uncertainty:      0.035ns  ((TSJ^2 + TIJ^2)^1/2 + DJ) / 2 + PE
    Total System Jitter     (TSJ):    0.071ns
    Total Input Jitter      (TIJ):    0.000ns
    Discrete Jitter          (DJ):    0.000ns
    Phase Error              (PE):    0.000ns

    Location             Delay type                Incr(ns)  Path(ns)    Netlist Resource(s)
  -------------------------------------------------------------------    -------------------
                         (clock sys_clk_pin rise edge)
                                                      0.000     0.000 r  
    H16                                               0.000     0.000 r  clk_in (IN)
                         net (fo=0)                   0.000     0.000    clk_in
    H16                  IBUF (Prop_ibuf_I_O)         1.451     1.451 r  clk_in_IBUF_inst/O
                         net (fo=1, routed)           2.522     3.973    clk_in_IBUF
    BUFGCTRL_X0Y16       BUFG (Prop_bufg_I_O)         0.101     4.074 r  clk_in_IBUF_BUFG_inst/O
                         net (fo=160, routed)         1.819     5.893    memoria/clk_in_IBUF_BUFG
    RAMB36_X5Y16         RAMB36E1                                     r  memoria/ram_2k_generate.akv7.kcpsm6_rom/CLKARDCLK
  -------------------------------------------------------------------    -------------------
    RAMB36_X5Y16         RAMB36E1 (Prop_ramb36e1_CLKARDCLK_DOADO[5])
                                                      2.454     8.347 r  memoria/ram_2k_generate.akv7.kcpsm6_rom/DOADO[5]
                         net (fo=14, routed)          1.420     9.767    processzor/lower_reg_banks/ADDRC1
    SLICE_X108Y81        RAMD32 (Prop_ramd32_RADR1_O)
                                                      0.153     9.920 r  processzor/lower_reg_banks/RAMC/O
                         net (fo=3, routed)           0.748    10.669    processzor/data_path_loop[2].output_data.sy_kk_mux_lut/I0
    SLICE_X110Y80        LUT5 (Prop_lut5_I0_O)        0.326    10.995 r  processzor/data_path_loop[2].output_data.sy_kk_mux_lut/LUT5/O
                         net (fo=22, routed)          1.047    12.041    processzor/portid[2]
    SLICE_X111Y82        LUT6 (Prop_lut6_I3_O)        0.332    12.373 r  processzor/data_cntrl[2]_i_1_comp/O
                         net (fo=3, routed)           0.331    12.704    data_cntrl0
    SLICE_X111Y83        FDRE                                         r  data_cntrl_reg[0]/CE
  -------------------------------------------------------------------    -------------------

                         (clock sys_clk_pin fall edge)
                                                      4.000     4.000 f  
    H16                                               0.000     4.000 f  clk_in (IN)
                         net (fo=0)                   0.000     4.000    clk_in
    H16                  IBUF (Prop_ibuf_I_O)         1.380     5.380 f  clk_in_IBUF_inst/O
                         net (fo=1, routed)           2.293     7.673    clk_in_IBUF
    BUFGCTRL_X0Y16       BUFG (Prop_bufg_I_O)         0.091     7.764 f  clk_in_IBUF_BUFG_inst/O
                         net (fo=160, routed)         1.679     9.443    clk_in_IBUF_BUFG
    SLICE_X111Y83        FDRE                                         r  data_cntrl_reg[0]/C  (IS_INVERTED)
                         clock pessimism              0.423     9.867    
                         clock uncertainty           -0.035     9.831    
    SLICE_X111Y83        FDRE (Setup_fdre_C_CE)      -0.202     9.629    data_cntrl_reg[0]
  -------------------------------------------------------------------
                         required time                          9.629    
                         arrival time                         -12.704    
  -------------------------------------------------------------------
                         slack                                 -3.075    

Slack (VIOLATED) :        -3.075ns  (required time - arrival time)
  Source:                 memoria/ram_2k_generate.akv7.kcpsm6_rom/CLKARDCLK
                            (rising edge-triggered cell RAMB36E1 clocked by sys_clk_pin  {rise@0.000ns fall@4.000ns period=8.000ns})
  Destination:            data_cntrl_reg[1]/CE
                            (falling edge-triggered cell FDRE clocked by sys_clk_pin  {rise@0.000ns fall@4.000ns period=8.000ns})
  Path Group:             sys_clk_pin
  Path Type:              Setup (Max at Slow Process Corner)
  Requirement:            4.000ns  (sys_clk_pin fall@4.000ns - sys_clk_pin rise@0.000ns)
  Data Path Delay:        6.811ns  (logic 3.265ns (47.937%)  route 3.546ns (52.063%))
  Logic Levels:           3  (LUT5=1 LUT6=1 RAMD32=1)
  Clock Path Skew:        -0.026ns (DCD - SCD + CPR)
    Destination Clock Delay (DCD):    5.443ns = ( 9.443 - 4.000 ) 
    Source Clock Delay      (SCD):    5.893ns
    Clock Pessimism Removal (CPR):    0.423ns
  Clock Uncertainty:      0.035ns  ((TSJ^2 + TIJ^2)^1/2 + DJ) / 2 + PE
    Total System Jitter     (TSJ):    0.071ns
    Total Input Jitter      (TIJ):    0.000ns
    Discrete Jitter          (DJ):    0.000ns
    Phase Error              (PE):    0.000ns

    Location             Delay type                Incr(ns)  Path(ns)    Netlist Resource(s)
  -------------------------------------------------------------------    -------------------
                         (clock sys_clk_pin rise edge)
                                                      0.000     0.000 r  
    H16                                               0.000     0.000 r  clk_in (IN)
                         net (fo=0)                   0.000     0.000    clk_in
    H16                  IBUF (Prop_ibuf_I_O)         1.451     1.451 r  clk_in_IBUF_inst/O
                         net (fo=1, routed)           2.522     3.973    clk_in_IBUF
    BUFGCTRL_X0Y16       BUFG (Prop_bufg_I_O)         0.101     4.074 r  clk_in_IBUF_BUFG_inst/O
                         net (fo=160, routed)         1.819     5.893    memoria/clk_in_IBUF_BUFG
    RAMB36_X5Y16         RAMB36E1                                     r  memoria/ram_2k_generate.akv7.kcpsm6_rom/CLKARDCLK
  -------------------------------------------------------------------    -------------------
    RAMB36_X5Y16         RAMB36E1 (Prop_ramb36e1_CLKARDCLK_DOADO[5])
                                                      2.454     8.347 r  memoria/ram_2k_generate.akv7.kcpsm6_rom/DOADO[5]
                         net (fo=14, routed)          1.420     9.767    processzor/lower_reg_banks/ADDRC1
    SLICE_X108Y81        RAMD32 (Prop_ramd32_RADR1_O)
                                                      0.153     9.920 r  processzor/lower_reg_banks/RAMC/O
                         net (fo=3, routed)           0.748    10.669    processzor/data_path_loop[2].output_data.sy_kk_mux_lut/I0
    SLICE_X110Y80        LUT5 (Prop_lut5_I0_O)        0.326    10.995 r  processzor/data_path_loop[2].output_data.sy_kk_mux_lut/LUT5/O
                         net (fo=22, routed)          1.047    12.041    processzor/portid[2]
    SLICE_X111Y82        LUT6 (Prop_lut6_I3_O)        0.332    12.373 r  processzor/data_cntrl[2]_i_1_comp/O
                         net (fo=3, routed)           0.331    12.704    data_cntrl0
    SLICE_X111Y83        FDRE                                         r  data_cntrl_reg[1]/CE
  -------------------------------------------------------------------    -------------------

                         (clock sys_clk_pin fall edge)
                                                      4.000     4.000 f  
    H16                                               0.000     4.000 f  clk_in (IN)
                         net (fo=0)                   0.000     4.000    clk_in
    H16                  IBUF (Prop_ibuf_I_O)         1.380     5.380 f  clk_in_IBUF_inst/O
                         net (fo=1, routed)           2.293     7.673    clk_in_IBUF
    BUFGCTRL_X0Y16       BUFG (Prop_bufg_I_O)         0.091     7.764 f  clk_in_IBUF_BUFG_inst/O
                         net (fo=160, routed)         1.679     9.443    clk_in_IBUF_BUFG
    SLICE_X111Y83        FDRE                                         r  data_cntrl_reg[1]/C  (IS_INVERTED)
                         clock pessimism              0.423     9.867    
                         clock uncertainty           -0.035     9.831    
    SLICE_X111Y83        FDRE (Setup_fdre_C_CE)      -0.202     9.629    data_cntrl_reg[1]
  -------------------------------------------------------------------
                         required time                          9.629    
                         arrival time                         -12.704    
  -------------------------------------------------------------------
                         slack                                 -3.075    

Slack (VIOLATED) :        -3.075ns  (required time - arrival time)
  Source:                 memoria/ram_2k_generate.akv7.kcpsm6_rom/CLKARDCLK
                            (rising edge-triggered cell RAMB36E1 clocked by sys_clk_pin  {rise@0.000ns fall@4.000ns period=8.000ns})
  Destination:            data_cntrl_reg[2]/CE
                            (falling edge-triggered cell FDRE clocked by sys_clk_pin  {rise@0.000ns fall@4.000ns period=8.000ns})
  Path Group:             sys_clk_pin
  Path Type:              Setup (Max at Slow Process Corner)
  Requirement:            4.000ns  (sys_clk_pin fall@4.000ns - sys_clk_pin rise@0.000ns)
  Data Path Delay:        6.811ns  (logic 3.265ns (47.937%)  route 3.546ns (52.063%))
  Logic Levels:           3  (LUT5=1 LUT6=1 RAMD32=1)
  Clock Path Skew:        -0.026ns (DCD - SCD + CPR)
    Destination Clock Delay (DCD):    5.443ns = ( 9.443 - 4.000 ) 
    Source Clock Delay      (SCD):    5.893ns
    Clock Pessimism Removal (CPR):    0.423ns
  Clock Uncertainty:      0.035ns  ((TSJ^2 + TIJ^2)^1/2 + DJ) / 2 + PE
    Total System Jitter     (TSJ):    0.071ns
    Total Input Jitter      (TIJ):    0.000ns
    Discrete Jitter          (DJ):    0.000ns
    Phase Error              (PE):    0.000ns

    Location             Delay type                Incr(ns)  Path(ns)    Netlist Resource(s)
  -------------------------------------------------------------------    -------------------
                         (clock sys_clk_pin rise edge)
                                                      0.000     0.000 r  
    H16                                               0.000     0.000 r  clk_in (IN)
                         net (fo=0)                   0.000     0.000    clk_in
    H16                  IBUF (Prop_ibuf_I_O)         1.451     1.451 r  clk_in_IBUF_inst/O
                         net (fo=1, routed)           2.522     3.973    clk_in_IBUF
    BUFGCTRL_X0Y16       BUFG (Prop_bufg_I_O)         0.101     4.074 r  clk_in_IBUF_BUFG_inst/O
                         net (fo=160, routed)         1.819     5.893    memoria/clk_in_IBUF_BUFG
    RAMB36_X5Y16         RAMB36E1                                     r  memoria/ram_2k_generate.akv7.kcpsm6_rom/CLKARDCLK
  -------------------------------------------------------------------    -------------------
    RAMB36_X5Y16         RAMB36E1 (Prop_ramb36e1_CLKARDCLK_DOADO[5])
                                                      2.454     8.347 r  memoria/ram_2k_generate.akv7.kcpsm6_rom/DOADO[5]
                         net (fo=14, routed)          1.420     9.767    processzor/lower_reg_banks/ADDRC1
    SLICE_X108Y81        RAMD32 (Prop_ramd32_RADR1_O)
                                                      0.153     9.920 r  processzor/lower_reg_banks/RAMC/O
                         net (fo=3, routed)           0.748    10.669    processzor/data_path_loop[2].output_data.sy_kk_mux_lut/I0
    SLICE_X110Y80        LUT5 (Prop_lut5_I0_O)        0.326    10.995 r  processzor/data_path_loop[2].output_data.sy_kk_mux_lut/LUT5/O
                         net (fo=22, routed)          1.047    12.041    processzor/portid[2]
    SLICE_X111Y82        LUT6 (Prop_lut6_I3_O)        0.332    12.373 r  processzor/data_cntrl[2]_i_1_comp/O
                         net (fo=3, routed)           0.331    12.704    data_cntrl0
    SLICE_X111Y83        FDRE                                         r  data_cntrl_reg[2]/CE
  -------------------------------------------------------------------    -------------------

                         (clock sys_clk_pin fall edge)
                                                      4.000     4.000 f  
    H16                                               0.000     4.000 f  clk_in (IN)
                         net (fo=0)                   0.000     4.000    clk_in
    H16                  IBUF (Prop_ibuf_I_O)         1.380     5.380 f  clk_in_IBUF_inst/O
                         net (fo=1, routed)           2.293     7.673    clk_in_IBUF
    BUFGCTRL_X0Y16       BUFG (Prop_bufg_I_O)         0.091     7.764 f  clk_in_IBUF_BUFG_inst/O
                         net (fo=160, routed)         1.679     9.443    clk_in_IBUF_BUFG
    SLICE_X111Y83        FDRE                                         r  data_cntrl_reg[2]/C  (IS_INVERTED)
                         clock pessimism              0.423     9.867    
                         clock uncertainty           -0.035     9.831    
    SLICE_X111Y83        FDRE (Setup_fdre_C_CE)      -0.202     9.629    data_cntrl_reg[2]
  -------------------------------------------------------------------
                         required time                          9.629    
                         arrival time                         -12.704    
  -------------------------------------------------------------------
                         slack                                 -3.075    

Slack (VIOLATED) :        -3.044ns  (required time - arrival time)
  Source:                 memoria/ram_2k_generate.akv7.kcpsm6_rom/CLKARDCLK
                            (rising edge-triggered cell RAMB36E1 clocked by sys_clk_pin  {rise@0.000ns fall@4.000ns period=8.000ns})
  Destination:            data_Db_reg[4]/CE
                            (falling edge-triggered cell FDRE clocked by sys_clk_pin  {rise@0.000ns fall@4.000ns period=8.000ns})
  Path Group:             sys_clk_pin
  Path Type:              Setup (Max at Slow Process Corner)
  Requirement:            4.000ns  (sys_clk_pin fall@4.000ns - sys_clk_pin rise@0.000ns)
  Data Path Delay:        6.773ns  (logic 3.289ns (48.563%)  route 3.484ns (51.437%))
  Logic Levels:           3  (LUT5=1 LUT6=1 RAMD32=1)
  Clock Path Skew:        -0.033ns (DCD - SCD + CPR)
    Destination Clock Delay (DCD):    5.436ns = ( 9.436 - 4.000 ) 
    Source Clock Delay      (SCD):    5.893ns
    Clock Pessimism Removal (CPR):    0.423ns
  Clock Uncertainty:      0.035ns  ((TSJ^2 + TIJ^2)^1/2 + DJ) / 2 + PE
    Total System Jitter     (TSJ):    0.071ns
    Total Input Jitter      (TIJ):    0.000ns
    Discrete Jitter          (DJ):    0.000ns
    Phase Error              (PE):    0.000ns

    Location             Delay type                Incr(ns)  Path(ns)    Netlist Resource(s)
  -------------------------------------------------------------------    -------------------
                         (clock sys_clk_pin rise edge)
                                                      0.000     0.000 r  
    H16                                               0.000     0.000 r  clk_in (IN)
                         net (fo=0)                   0.000     0.000    clk_in
    H16                  IBUF (Prop_ibuf_I_O)         1.451     1.451 r  clk_in_IBUF_inst/O
                         net (fo=1, routed)           2.522     3.973    clk_in_IBUF
    BUFGCTRL_X0Y16       BUFG (Prop_bufg_I_O)         0.101     4.074 r  clk_in_IBUF_BUFG_inst/O
                         net (fo=160, routed)         1.819     5.893    memoria/clk_in_IBUF_BUFG
    RAMB36_X5Y16         RAMB36E1                                     r  memoria/ram_2k_generate.akv7.kcpsm6_rom/CLKARDCLK
  -------------------------------------------------------------------    -------------------
    RAMB36_X5Y16         RAMB36E1 (Prop_ramb36e1_CLKARDCLK_DOADO[4])
                                                      2.454     8.347 r  memoria/ram_2k_generate.akv7.kcpsm6_rom/DOADO[4]
                         net (fo=14, routed)          1.455     9.802    processzor/upper_reg_banks/ADDRA0
    SLICE_X108Y80        RAMD32 (Prop_ramd32_RADR0_O)
                                                      0.150     9.952 f  processzor/upper_reg_banks/RAMA/O
                         net (fo=3, routed)           0.972    10.924    processzor/data_path_loop[4].output_data.sy_kk_mux_lut/I0
    SLICE_X111Y81        LUT5 (Prop_lut5_I0_O)        0.358    11.282 f  processzor/data_path_loop[4].output_data.sy_kk_mux_lut/LUT5/O
                         net (fo=22, routed)          0.710    11.993    processzor/portid[4]
    SLICE_X109Y81        LUT6 (Prop_lut6_I4_O)        0.327    12.320 r  processzor/data_Db[7]_i_1_comp/O
                         net (fo=8, routed)           0.346    12.666    data_Db0
    SLICE_X109Y79        FDRE                                         r  data_Db_reg[4]/CE
  -------------------------------------------------------------------    -------------------

                         (clock sys_clk_pin fall edge)
                                                      4.000     4.000 f  
    H16                                               0.000     4.000 f  clk_in (IN)
                         net (fo=0)                   0.000     4.000    clk_in
    H16                  IBUF (Prop_ibuf_I_O)         1.380     5.380 f  clk_in_IBUF_inst/O
                         net (fo=1, routed)           2.293     7.673    clk_in_IBUF
    BUFGCTRL_X0Y16       BUFG (Prop_bufg_I_O)         0.091     7.764 f  clk_in_IBUF_BUFG_inst/O
                         net (fo=160, routed)         1.672     9.436    clk_in_IBUF_BUFG
    SLICE_X109Y79        FDRE                                         r  data_Db_reg[4]/C  (IS_INVERTED)
                         clock pessimism              0.423     9.860    
                         clock uncertainty           -0.035     9.824    
    SLICE_X109Y79        FDRE (Setup_fdre_C_CE)      -0.202     9.622    data_Db_reg[4]
  -------------------------------------------------------------------
                         required time                          9.622    
                         arrival time                         -12.666    
  -------------------------------------------------------------------
                         slack                                 -3.044    

Slack (VIOLATED) :        -3.044ns  (required time - arrival time)
  Source:                 memoria/ram_2k_generate.akv7.kcpsm6_rom/CLKARDCLK
                            (rising edge-triggered cell RAMB36E1 clocked by sys_clk_pin  {rise@0.000ns fall@4.000ns period=8.000ns})
  Destination:            data_Db_reg[5]/CE
                            (falling edge-triggered cell FDRE clocked by sys_clk_pin  {rise@0.000ns fall@4.000ns period=8.000ns})
  Path Group:             sys_clk_pin
  Path Type:              Setup (Max at Slow Process Corner)
  Requirement:            4.000ns  (sys_clk_pin fall@4.000ns - sys_clk_pin rise@0.000ns)
  Data Path Delay:        6.773ns  (logic 3.289ns (48.563%)  route 3.484ns (51.437%))
  Logic Levels:           3  (LUT5=1 LUT6=1 RAMD32=1)
  Clock Path Skew:        -0.033ns (DCD - SCD + CPR)
    Destination Clock Delay (DCD):    5.436ns = ( 9.436 - 4.000 ) 
    Source Clock Delay      (SCD):    5.893ns
    Clock Pessimism Removal (CPR):    0.423ns
  Clock Uncertainty:      0.035ns  ((TSJ^2 + TIJ^2)^1/2 + DJ) / 2 + PE
    Total System Jitter     (TSJ):    0.071ns
    Total Input Jitter      (TIJ):    0.000ns
    Discrete Jitter          (DJ):    0.000ns
    Phase Error              (PE):    0.000ns

    Location             Delay type                Incr(ns)  Path(ns)    Netlist Resource(s)
  -------------------------------------------------------------------    -------------------
                         (clock sys_clk_pin rise edge)
                                                      0.000     0.000 r  
    H16                                               0.000     0.000 r  clk_in (IN)
                         net (fo=0)                   0.000     0.000    clk_in
    H16                  IBUF (Prop_ibuf_I_O)         1.451     1.451 r  clk_in_IBUF_inst/O
                         net (fo=1, routed)           2.522     3.973    clk_in_IBUF
    BUFGCTRL_X0Y16       BUFG (Prop_bufg_I_O)         0.101     4.074 r  clk_in_IBUF_BUFG_inst/O
                         net (fo=160, routed)         1.819     5.893    memoria/clk_in_IBUF_BUFG
    RAMB36_X5Y16         RAMB36E1                                     r  memoria/ram_2k_generate.akv7.kcpsm6_rom/CLKARDCLK
  -------------------------------------------------------------------    -------------------
    RAMB36_X5Y16         RAMB36E1 (Prop_ramb36e1_CLKARDCLK_DOADO[4])
                                                      2.454     8.347 r  memoria/ram_2k_generate.akv7.kcpsm6_rom/DOADO[4]
                         net (fo=14, routed)          1.455     9.802    processzor/upper_reg_banks/ADDRA0
    SLICE_X108Y80        RAMD32 (Prop_ramd32_RADR0_O)
                                                      0.150     9.952 f  processzor/upper_reg_banks/RAMA/O
                         net (fo=3, routed)           0.972    10.924    processzor/data_path_loop[4].output_data.sy_kk_mux_lut/I0
    SLICE_X111Y81        LUT5 (Prop_lut5_I0_O)        0.358    11.282 f  processzor/data_path_loop[4].output_data.sy_kk_mux_lut/LUT5/O
                         net (fo=22, routed)          0.710    11.993    processzor/portid[4]
    SLICE_X109Y81        LUT6 (Prop_lut6_I4_O)        0.327    12.320 r  processzor/data_Db[7]_i_1_comp/O
                         net (fo=8, routed)           0.346    12.666    data_Db0
    SLICE_X109Y79        FDRE                                         r  data_Db_reg[5]/CE
  -------------------------------------------------------------------    -------------------

                         (clock sys_clk_pin fall edge)
                                                      4.000     4.000 f  
    H16                                               0.000     4.000 f  clk_in (IN)
                         net (fo=0)                   0.000     4.000    clk_in
    H16                  IBUF (Prop_ibuf_I_O)         1.380     5.380 f  clk_in_IBUF_inst/O
                         net (fo=1, routed)           2.293     7.673    clk_in_IBUF
    BUFGCTRL_X0Y16       BUFG (Prop_bufg_I_O)         0.091     7.764 f  clk_in_IBUF_BUFG_inst/O
                         net (fo=160, routed)         1.672     9.436    clk_in_IBUF_BUFG
    SLICE_X109Y79        FDRE                                         r  data_Db_reg[5]/C  (IS_INVERTED)
                         clock pessimism              0.423     9.860    
                         clock uncertainty           -0.035     9.824    
    SLICE_X109Y79        FDRE (Setup_fdre_C_CE)      -0.202     9.622    data_Db_reg[5]
  -------------------------------------------------------------------
                         required time                          9.622    
                         arrival time                         -12.666    
  -------------------------------------------------------------------
                         slack                                 -3.044    

Slack (VIOLATED) :        -3.044ns  (required time - arrival time)
  Source:                 memoria/ram_2k_generate.akv7.kcpsm6_rom/CLKARDCLK
                            (rising edge-triggered cell RAMB36E1 clocked by sys_clk_pin  {rise@0.000ns fall@4.000ns period=8.000ns})
  Destination:            data_Db_reg[7]/CE
                            (falling edge-triggered cell FDRE clocked by sys_clk_pin  {rise@0.000ns fall@4.000ns period=8.000ns})
  Path Group:             sys_clk_pin
  Path Type:              Setup (Max at Slow Process Corner)
  Requirement:            4.000ns  (sys_clk_pin fall@4.000ns - sys_clk_pin rise@0.000ns)
  Data Path Delay:        6.773ns  (logic 3.289ns (48.563%)  route 3.484ns (51.437%))
  Logic Levels:           3  (LUT5=1 LUT6=1 RAMD32=1)
  Clock Path Skew:        -0.033ns (DCD - SCD + CPR)
    Destination Clock Delay (DCD):    5.436ns = ( 9.436 - 4.000 ) 
    Source Clock Delay      (SCD):    5.893ns
    Clock Pessimism Removal (CPR):    0.423ns
  Clock Uncertainty:      0.035ns  ((TSJ^2 + TIJ^2)^1/2 + DJ) / 2 + PE
    Total System Jitter     (TSJ):    0.071ns
    Total Input Jitter      (TIJ):    0.000ns
    Discrete Jitter          (DJ):    0.000ns
    Phase Error              (PE):    0.000ns

    Location             Delay type                Incr(ns)  Path(ns)    Netlist Resource(s)
  -------------------------------------------------------------------    -------------------
                         (clock sys_clk_pin rise edge)
                                                      0.000     0.000 r  
    H16                                               0.000     0.000 r  clk_in (IN)
                         net (fo=0)                   0.000     0.000    clk_in
    H16                  IBUF (Prop_ibuf_I_O)         1.451     1.451 r  clk_in_IBUF_inst/O
                         net (fo=1, routed)           2.522     3.973    clk_in_IBUF
    BUFGCTRL_X0Y16       BUFG (Prop_bufg_I_O)         0.101     4.074 r  clk_in_IBUF_BUFG_inst/O
                         net (fo=160, routed)         1.819     5.893    memoria/clk_in_IBUF_BUFG
    RAMB36_X5Y16         RAMB36E1                                     r  memoria/ram_2k_generate.akv7.kcpsm6_rom/CLKARDCLK
  -------------------------------------------------------------------    -------------------
    RAMB36_X5Y16         RAMB36E1 (Prop_ramb36e1_CLKARDCLK_DOADO[4])
                                                      2.454     8.347 r  memoria/ram_2k_generate.akv7.kcpsm6_rom/DOADO[4]
                         net (fo=14, routed)          1.455     9.802    processzor/upper_reg_banks/ADDRA0
    SLICE_X108Y80        RAMD32 (Prop_ramd32_RADR0_O)
                                                      0.150     9.952 f  processzor/upper_reg_banks/RAMA/O
                         net (fo=3, routed)           0.972    10.924    processzor/data_path_loop[4].output_data.sy_kk_mux_lut/I0
    SLICE_X111Y81        LUT5 (Prop_lut5_I0_O)        0.358    11.282 f  processzor/data_path_loop[4].output_data.sy_kk_mux_lut/LUT5/O
                         net (fo=22, routed)          0.710    11.993    processzor/portid[4]
    SLICE_X109Y81        LUT6 (Prop_lut6_I4_O)        0.327    12.320 r  processzor/data_Db[7]_i_1_comp/O
                         net (fo=8, routed)           0.346    12.666    data_Db0
    SLICE_X109Y79        FDRE                                         r  data_Db_reg[7]/CE
  -------------------------------------------------------------------    -------------------

                         (clock sys_clk_pin fall edge)
                                                      4.000     4.000 f  
    H16                                               0.000     4.000 f  clk_in (IN)
                         net (fo=0)                   0.000     4.000    clk_in
    H16                  IBUF (Prop_ibuf_I_O)         1.380     5.380 f  clk_in_IBUF_inst/O
                         net (fo=1, routed)           2.293     7.673    clk_in_IBUF
    BUFGCTRL_X0Y16       BUFG (Prop_bufg_I_O)         0.091     7.764 f  clk_in_IBUF_BUFG_inst/O
                         net (fo=160, routed)         1.672     9.436    clk_in_IBUF_BUFG
    SLICE_X109Y79        FDRE                                         r  data_Db_reg[7]/C  (IS_INVERTED)
                         clock pessimism              0.423     9.860    
                         clock uncertainty           -0.035     9.824    
    SLICE_X109Y79        FDRE (Setup_fdre_C_CE)      -0.202     9.622    data_Db_reg[7]
  -------------------------------------------------------------------
                         required time                          9.622    
                         arrival time                         -12.666    
  -------------------------------------------------------------------
                         slack                                 -3.044    

Slack (VIOLATED) :        -3.040ns  (required time - arrival time)
  Source:                 memoria/ram_2k_generate.akv7.kcpsm6_rom/CLKARDCLK
                            (rising edge-triggered cell RAMB36E1 clocked by sys_clk_pin  {rise@0.000ns fall@4.000ns period=8.000ns})
  Destination:            data_Db_reg[0]/CE
                            (falling edge-triggered cell FDRE clocked by sys_clk_pin  {rise@0.000ns fall@4.000ns period=8.000ns})
  Path Group:             sys_clk_pin
  Path Type:              Setup (Max at Slow Process Corner)
  Requirement:            4.000ns  (sys_clk_pin fall@4.000ns - sys_clk_pin rise@0.000ns)
  Data Path Delay:        6.770ns  (logic 3.289ns (48.585%)  route 3.481ns (51.415%))
  Logic Levels:           3  (LUT5=1 LUT6=1 RAMD32=1)
  Clock Path Skew:        -0.033ns (DCD - SCD + CPR)
    Destination Clock Delay (DCD):    5.436ns = ( 9.436 - 4.000 ) 
    Source Clock Delay      (SCD):    5.893ns
    Clock Pessimism Removal (CPR):    0.423ns
  Clock Uncertainty:      0.035ns  ((TSJ^2 + TIJ^2)^1/2 + DJ) / 2 + PE
    Total System Jitter     (TSJ):    0.071ns
    Total Input Jitter      (TIJ):    0.000ns
    Discrete Jitter          (DJ):    0.000ns
    Phase Error              (PE):    0.000ns

    Location             Delay type                Incr(ns)  Path(ns)    Netlist Resource(s)
  -------------------------------------------------------------------    -------------------
                         (clock sys_clk_pin rise edge)
                                                      0.000     0.000 r  
    H16                                               0.000     0.000 r  clk_in (IN)
                         net (fo=0)                   0.000     0.000    clk_in
    H16                  IBUF (Prop_ibuf_I_O)         1.451     1.451 r  clk_in_IBUF_inst/O
                         net (fo=1, routed)           2.522     3.973    clk_in_IBUF
    BUFGCTRL_X0Y16       BUFG (Prop_bufg_I_O)         0.101     4.074 r  clk_in_IBUF_BUFG_inst/O
                         net (fo=160, routed)         1.819     5.893    memoria/clk_in_IBUF_BUFG
    RAMB36_X5Y16         RAMB36E1                                     r  memoria/ram_2k_generate.akv7.kcpsm6_rom/CLKARDCLK
  -------------------------------------------------------------------    -------------------
    RAMB36_X5Y16         RAMB36E1 (Prop_ramb36e1_CLKARDCLK_DOADO[4])
                                                      2.454     8.347 r  memoria/ram_2k_generate.akv7.kcpsm6_rom/DOADO[4]
                         net (fo=14, routed)          1.455     9.802    processzor/upper_reg_banks/ADDRA0
    SLICE_X108Y80        RAMD32 (Prop_ramd32_RADR0_O)
                                                      0.150     9.952 f  processzor/upper_reg_banks/RAMA/O
                         net (fo=3, routed)           0.972    10.924    processzor/data_path_loop[4].output_data.sy_kk_mux_lut/I0
    SLICE_X111Y81        LUT5 (Prop_lut5_I0_O)        0.358    11.282 f  processzor/data_path_loop[4].output_data.sy_kk_mux_lut/LUT5/O
                         net (fo=22, routed)          0.710    11.993    processzor/portid[4]
    SLICE_X109Y81        LUT6 (Prop_lut6_I4_O)        0.327    12.320 r  processzor/data_Db[7]_i_1_comp/O
                         net (fo=8, routed)           0.343    12.663    data_Db0
    SLICE_X109Y80        FDRE                                         r  data_Db_reg[0]/CE
  -------------------------------------------------------------------    -------------------

                         (clock sys_clk_pin fall edge)
                                                      4.000     4.000 f  
    H16                                               0.000     4.000 f  clk_in (IN)
                         net (fo=0)                   0.000     4.000    clk_in
    H16                  IBUF (Prop_ibuf_I_O)         1.380     5.380 f  clk_in_IBUF_inst/O
                         net (fo=1, routed)           2.293     7.673    clk_in_IBUF
    BUFGCTRL_X0Y16       BUFG (Prop_bufg_I_O)         0.091     7.764 f  clk_in_IBUF_BUFG_inst/O
                         net (fo=160, routed)         1.672     9.436    clk_in_IBUF_BUFG
    SLICE_X109Y80        FDRE                                         r  data_Db_reg[0]/C  (IS_INVERTED)
                         clock pessimism              0.423     9.860    
                         clock uncertainty           -0.035     9.824    
    SLICE_X109Y80        FDRE (Setup_fdre_C_CE)      -0.202     9.622    data_Db_reg[0]
  -------------------------------------------------------------------
                         required time                          9.622    
                         arrival time                         -12.663    
  -------------------------------------------------------------------
                         slack                                 -3.040    





Min Delay Paths
--------------------------------------------------------------------------------------
Slack (MET) :             0.071ns  (arrival time - required time)
  Source:                 processzor/stack_loop[0].lsb_stack.pointer_flop/C
                            (rising edge-triggered cell FDRE clocked by sys_clk_pin  {rise@0.000ns fall@4.000ns period=8.000ns})
  Destination:            processzor/stack_ram_high/RAMA/WADR0
                            (rising edge-triggered cell RAMD32 clocked by sys_clk_pin  {rise@0.000ns fall@4.000ns period=8.000ns})
  Path Group:             sys_clk_pin
  Path Type:              Hold (Min at Fast Process Corner)
  Requirement:            0.000ns  (sys_clk_pin rise@0.000ns - sys_clk_pin rise@0.000ns)
  Data Path Delay:        0.394ns  (logic 0.141ns (35.792%)  route 0.253ns (64.208%))
  Logic Levels:           0  
  Clock Path Skew:        0.013ns (DCD - SCD - CPR)
    Destination Clock Delay (DCD):    2.239ns
    Source Clock Delay      (SCD):    1.713ns
    Clock Pessimism Removal (CPR):    0.513ns

    Location             Delay type                Incr(ns)  Path(ns)    Netlist Resource(s)
  -------------------------------------------------------------------    -------------------
                         (clock sys_clk_pin rise edge)
                                                      0.000     0.000 r  
    H16                                               0.000     0.000 r  clk_in (IN)
                         net (fo=0)                   0.000     0.000    clk_in
    H16                  IBUF (Prop_ibuf_I_O)         0.219     0.219 r  clk_in_IBUF_inst/O
                         net (fo=1, routed)           0.842     1.060    clk_in_IBUF
    BUFGCTRL_X0Y16       BUFG (Prop_bufg_I_O)         0.026     1.086 r  clk_in_IBUF_BUFG_inst/O
                         net (fo=160, routed)         0.627     1.713    processzor/clk_in_IBUF_BUFG
    SLICE_X113Y79        FDRE                                         r  processzor/stack_loop[0].lsb_stack.pointer_flop/C
  -------------------------------------------------------------------    -------------------
    SLICE_X113Y79        FDRE (Prop_fdre_C_Q)         0.141     1.854 r  processzor/stack_loop[0].lsb_stack.pointer_flop/Q
                         net (fo=30, routed)          0.253     2.107    processzor/stack_ram_high/ADDRD0
    SLICE_X112Y79        RAMD32                                       r  processzor/stack_ram_high/RAMA/WADR0
  -------------------------------------------------------------------    -------------------

                         (clock sys_clk_pin rise edge)
                                                      0.000     0.000 r  
    H16                                               0.000     0.000 r  clk_in (IN)
                         net (fo=0)                   0.000     0.000    clk_in
    H16                  IBUF (Prop_ibuf_I_O)         0.406     0.406 r  clk_in_IBUF_inst/O
                         net (fo=1, routed)           0.907     1.313    clk_in_IBUF
    BUFGCTRL_X0Y16       BUFG (Prop_bufg_I_O)         0.029     1.342 r  clk_in_IBUF_BUFG_inst/O
                         net (fo=160, routed)         0.897     2.239    processzor/stack_ram_high/WCLK
    SLICE_X112Y79        RAMD32                                       r  processzor/stack_ram_high/RAMA/CLK
                         clock pessimism             -0.513     1.726    
    SLICE_X112Y79        RAMD32 (Hold_ramd32_CLK_WADR0)
                                                      0.310     2.036    processzor/stack_ram_high/RAMA
  -------------------------------------------------------------------
                         required time                         -2.036    
                         arrival time                           2.107    
  -------------------------------------------------------------------
                         slack                                  0.071    

Slack (MET) :             0.071ns  (arrival time - required time)
  Source:                 processzor/stack_loop[0].lsb_stack.pointer_flop/C
                            (rising edge-triggered cell FDRE clocked by sys_clk_pin  {rise@0.000ns fall@4.000ns period=8.000ns})
  Destination:            processzor/stack_ram_high/RAMA_D1/WADR0
                            (rising edge-triggered cell RAMD32 clocked by sys_clk_pin  {rise@0.000ns fall@4.000ns period=8.000ns})
  Path Group:             sys_clk_pin
  Path Type:              Hold (Min at Fast Process Corner)
  Requirement:            0.000ns  (sys_clk_pin rise@0.000ns - sys_clk_pin rise@0.000ns)
  Data Path Delay:        0.394ns  (logic 0.141ns (35.792%)  route 0.253ns (64.208%))
  Logic Levels:           0  
  Clock Path Skew:        0.013ns (DCD - SCD - CPR)
    Destination Clock Delay (DCD):    2.239ns
    Source Clock Delay      (SCD):    1.713ns
    Clock Pessimism Removal (CPR):    0.513ns

    Location             Delay type                Incr(ns)  Path(ns)    Netlist Resource(s)
  -------------------------------------------------------------------    -------------------
                         (clock sys_clk_pin rise edge)
                                                      0.000     0.000 r  
    H16                                               0.000     0.000 r  clk_in (IN)
                         net (fo=0)                   0.000     0.000    clk_in
    H16                  IBUF (Prop_ibuf_I_O)         0.219     0.219 r  clk_in_IBUF_inst/O
                         net (fo=1, routed)           0.842     1.060    clk_in_IBUF
    BUFGCTRL_X0Y16       BUFG (Prop_bufg_I_O)         0.026     1.086 r  clk_in_IBUF_BUFG_inst/O
                         net (fo=160, routed)         0.627     1.713    processzor/clk_in_IBUF_BUFG
    SLICE_X113Y79        FDRE                                         r  processzor/stack_loop[0].lsb_stack.pointer_flop/C
  -------------------------------------------------------------------    -------------------
    SLICE_X113Y79        FDRE (Prop_fdre_C_Q)         0.141     1.854 r  processzor/stack_loop[0].lsb_stack.pointer_flop/Q
                         net (fo=30, routed)          0.253     2.107    processzor/stack_ram_high/ADDRD0
    SLICE_X112Y79        RAMD32                                       r  processzor/stack_ram_high/RAMA_D1/WADR0
  -------------------------------------------------------------------    -------------------

                         (clock sys_clk_pin rise edge)
                                                      0.000     0.000 r  
    H16                                               0.000     0.000 r  clk_in (IN)
                         net (fo=0)                   0.000     0.000    clk_in
    H16                  IBUF (Prop_ibuf_I_O)         0.406     0.406 r  clk_in_IBUF_inst/O
                         net (fo=1, routed)           0.907     1.313    clk_in_IBUF
    BUFGCTRL_X0Y16       BUFG (Prop_bufg_I_O)         0.029     1.342 r  clk_in_IBUF_BUFG_inst/O
                         net (fo=160, routed)         0.897     2.239    processzor/stack_ram_high/WCLK
    SLICE_X112Y79        RAMD32                                       r  processzor/stack_ram_high/RAMA_D1/CLK
                         clock pessimism             -0.513     1.726    
    SLICE_X112Y79        RAMD32 (Hold_ramd32_CLK_WADR0)
                                                      0.310     2.036    processzor/stack_ram_high/RAMA_D1
  -------------------------------------------------------------------
                         required time                         -2.036    
                         arrival time                           2.107    
  -------------------------------------------------------------------
                         slack                                  0.071    

Slack (MET) :             0.071ns  (arrival time - required time)
  Source:                 processzor/stack_loop[0].lsb_stack.pointer_flop/C
                            (rising edge-triggered cell FDRE clocked by sys_clk_pin  {rise@0.000ns fall@4.000ns period=8.000ns})
  Destination:            processzor/stack_ram_high/RAMB/WADR0
                            (rising edge-triggered cell RAMD32 clocked by sys_clk_pin  {rise@0.000ns fall@4.000ns period=8.000ns})
  Path Group:             sys_clk_pin
  Path Type:              Hold (Min at Fast Process Corner)
  Requirement:            0.000ns  (sys_clk_pin rise@0.000ns - sys_clk_pin rise@0.000ns)
  Data Path Delay:        0.394ns  (logic 0.141ns (35.792%)  route 0.253ns (64.208%))
  Logic Levels:           0  
  Clock Path Skew:        0.013ns (DCD - SCD - CPR)
    Destination Clock Delay (DCD):    2.239ns
    Source Clock Delay      (SCD):    1.713ns
    Clock Pessimism Removal (CPR):    0.513ns

    Location             Delay type                Incr(ns)  Path(ns)    Netlist Resource(s)
  -------------------------------------------------------------------    -------------------
                         (clock sys_clk_pin rise edge)
                                                      0.000     0.000 r  
    H16                                               0.000     0.000 r  clk_in (IN)
                         net (fo=0)                   0.000     0.000    clk_in
    H16                  IBUF (Prop_ibuf_I_O)         0.219     0.219 r  clk_in_IBUF_inst/O
                         net (fo=1, routed)           0.842     1.060    clk_in_IBUF
    BUFGCTRL_X0Y16       BUFG (Prop_bufg_I_O)         0.026     1.086 r  clk_in_IBUF_BUFG_inst/O
                         net (fo=160, routed)         0.627     1.713    processzor/clk_in_IBUF_BUFG
    SLICE_X113Y79        FDRE                                         r  processzor/stack_loop[0].lsb_stack.pointer_flop/C
  -------------------------------------------------------------------    -------------------
    SLICE_X113Y79        FDRE (Prop_fdre_C_Q)         0.141     1.854 r  processzor/stack_loop[0].lsb_stack.pointer_flop/Q
                         net (fo=30, routed)          0.253     2.107    processzor/stack_ram_high/ADDRD0
    SLICE_X112Y79        RAMD32                                       r  processzor/stack_ram_high/RAMB/WADR0
  -------------------------------------------------------------------    -------------------

                         (clock sys_clk_pin rise edge)
                                                      0.000     0.000 r  
    H16                                               0.000     0.000 r  clk_in (IN)
                         net (fo=0)                   0.000     0.000    clk_in
    H16                  IBUF (Prop_ibuf_I_O)         0.406     0.406 r  clk_in_IBUF_inst/O
                         net (fo=1, routed)           0.907     1.313    clk_in_IBUF
    BUFGCTRL_X0Y16       BUFG (Prop_bufg_I_O)         0.029     1.342 r  clk_in_IBUF_BUFG_inst/O
                         net (fo=160, routed)         0.897     2.239    processzor/stack_ram_high/WCLK
    SLICE_X112Y79        RAMD32                                       r  processzor/stack_ram_high/RAMB/CLK
                         clock pessimism             -0.513     1.726    
    SLICE_X112Y79        RAMD32 (Hold_ramd32_CLK_WADR0)
                                                      0.310     2.036    processzor/stack_ram_high/RAMB
  -------------------------------------------------------------------
                         required time                         -2.036    
                         arrival time                           2.107    
  -------------------------------------------------------------------
                         slack                                  0.071    

Slack (MET) :             0.071ns  (arrival time - required time)
  Source:                 processzor/stack_loop[0].lsb_stack.pointer_flop/C
                            (rising edge-triggered cell FDRE clocked by sys_clk_pin  {rise@0.000ns fall@4.000ns period=8.000ns})
  Destination:            processzor/stack_ram_high/RAMB_D1/WADR0
                            (rising edge-triggered cell RAMD32 clocked by sys_clk_pin  {rise@0.000ns fall@4.000ns period=8.000ns})
  Path Group:             sys_clk_pin
  Path Type:              Hold (Min at Fast Process Corner)
  Requirement:            0.000ns  (sys_clk_pin rise@0.000ns - sys_clk_pin rise@0.000ns)
  Data Path Delay:        0.394ns  (logic 0.141ns (35.792%)  route 0.253ns (64.208%))
  Logic Levels:           0  
  Clock Path Skew:        0.013ns (DCD - SCD - CPR)
    Destination Clock Delay (DCD):    2.239ns
    Source Clock Delay      (SCD):    1.713ns
    Clock Pessimism Removal (CPR):    0.513ns

    Location             Delay type                Incr(ns)  Path(ns)    Netlist Resource(s)
  -------------------------------------------------------------------    -------------------
                         (clock sys_clk_pin rise edge)
                                                      0.000     0.000 r  
    H16                                               0.000     0.000 r  clk_in (IN)
                         net (fo=0)                   0.000     0.000    clk_in
    H16                  IBUF (Prop_ibuf_I_O)         0.219     0.219 r  clk_in_IBUF_inst/O
                         net (fo=1, routed)           0.842     1.060    clk_in_IBUF
    BUFGCTRL_X0Y16       BUFG (Prop_bufg_I_O)         0.026     1.086 r  clk_in_IBUF_BUFG_inst/O
                         net (fo=160, routed)         0.627     1.713    processzor/clk_in_IBUF_BUFG
    SLICE_X113Y79        FDRE                                         r  processzor/stack_loop[0].lsb_stack.pointer_flop/C
  -------------------------------------------------------------------    -------------------
    SLICE_X113Y79        FDRE (Prop_fdre_C_Q)         0.141     1.854 r  processzor/stack_loop[0].lsb_stack.pointer_flop/Q
                         net (fo=30, routed)          0.253     2.107    processzor/stack_ram_high/ADDRD0
    SLICE_X112Y79        RAMD32                                       r  processzor/stack_ram_high/RAMB_D1/WADR0
  -------------------------------------------------------------------    -------------------

                         (clock sys_clk_pin rise edge)
                                                      0.000     0.000 r  
    H16                                               0.000     0.000 r  clk_in (IN)
                         net (fo=0)                   0.000     0.000    clk_in
    H16                  IBUF (Prop_ibuf_I_O)         0.406     0.406 r  clk_in_IBUF_inst/O
                         net (fo=1, routed)           0.907     1.313    clk_in_IBUF
    BUFGCTRL_X0Y16       BUFG (Prop_bufg_I_O)         0.029     1.342 r  clk_in_IBUF_BUFG_inst/O
                         net (fo=160, routed)         0.897     2.239    processzor/stack_ram_high/WCLK
    SLICE_X112Y79        RAMD32                                       r  processzor/stack_ram_high/RAMB_D1/CLK
                         clock pessimism             -0.513     1.726    
    SLICE_X112Y79        RAMD32 (Hold_ramd32_CLK_WADR0)
                                                      0.310     2.036    processzor/stack_ram_high/RAMB_D1
  -------------------------------------------------------------------
                         required time                         -2.036    
                         arrival time                           2.107    
  -------------------------------------------------------------------
                         slack                                  0.071    

Slack (MET) :             0.071ns  (arrival time - required time)
  Source:                 processzor/stack_loop[0].lsb_stack.pointer_flop/C
                            (rising edge-triggered cell FDRE clocked by sys_clk_pin  {rise@0.000ns fall@4.000ns period=8.000ns})
  Destination:            processzor/stack_ram_high/RAMC/WADR0
                            (rising edge-triggered cell RAMD32 clocked by sys_clk_pin  {rise@0.000ns fall@4.000ns period=8.000ns})
  Path Group:             sys_clk_pin
  Path Type:              Hold (Min at Fast Process Corner)
  Requirement:            0.000ns  (sys_clk_pin rise@0.000ns - sys_clk_pin rise@0.000ns)
  Data Path Delay:        0.394ns  (logic 0.141ns (35.792%)  route 0.253ns (64.208%))
  Logic Levels:           0  
  Clock Path Skew:        0.013ns (DCD - SCD - CPR)
    Destination Clock Delay (DCD):    2.239ns
    Source Clock Delay      (SCD):    1.713ns
    Clock Pessimism Removal (CPR):    0.513ns

    Location             Delay type                Incr(ns)  Path(ns)    Netlist Resource(s)
  -------------------------------------------------------------------    -------------------
                         (clock sys_clk_pin rise edge)
                                                      0.000     0.000 r  
    H16                                               0.000     0.000 r  clk_in (IN)
                         net (fo=0)                   0.000     0.000    clk_in
    H16                  IBUF (Prop_ibuf_I_O)         0.219     0.219 r  clk_in_IBUF_inst/O
                         net (fo=1, routed)           0.842     1.060    clk_in_IBUF
    BUFGCTRL_X0Y16       BUFG (Prop_bufg_I_O)         0.026     1.086 r  clk_in_IBUF_BUFG_inst/O
                         net (fo=160, routed)         0.627     1.713    processzor/clk_in_IBUF_BUFG
    SLICE_X113Y79        FDRE                                         r  processzor/stack_loop[0].lsb_stack.pointer_flop/C
  -------------------------------------------------------------------    -------------------
    SLICE_X113Y79        FDRE (Prop_fdre_C_Q)         0.141     1.854 r  processzor/stack_loop[0].lsb_stack.pointer_flop/Q
                         net (fo=30, routed)          0.253     2.107    processzor/stack_ram_high/ADDRD0
    SLICE_X112Y79        RAMD32                                       r  processzor/stack_ram_high/RAMC/WADR0
  -------------------------------------------------------------------    -------------------

                         (clock sys_clk_pin rise edge)
                                                      0.000     0.000 r  
    H16                                               0.000     0.000 r  clk_in (IN)
                         net (fo=0)                   0.000     0.000    clk_in
    H16                  IBUF (Prop_ibuf_I_O)         0.406     0.406 r  clk_in_IBUF_inst/O
                         net (fo=1, routed)           0.907     1.313    clk_in_IBUF
    BUFGCTRL_X0Y16       BUFG (Prop_bufg_I_O)         0.029     1.342 r  clk_in_IBUF_BUFG_inst/O
                         net (fo=160, routed)         0.897     2.239    processzor/stack_ram_high/WCLK
    SLICE_X112Y79        RAMD32                                       r  processzor/stack_ram_high/RAMC/CLK
                         clock pessimism             -0.513     1.726    
    SLICE_X112Y79        RAMD32 (Hold_ramd32_CLK_WADR0)
                                                      0.310     2.036    processzor/stack_ram_high/RAMC
  -------------------------------------------------------------------
                         required time                         -2.036    
                         arrival time                           2.107    
  -------------------------------------------------------------------
                         slack                                  0.071    

Slack (MET) :             0.071ns  (arrival time - required time)
  Source:                 processzor/stack_loop[0].lsb_stack.pointer_flop/C
                            (rising edge-triggered cell FDRE clocked by sys_clk_pin  {rise@0.000ns fall@4.000ns period=8.000ns})
  Destination:            processzor/stack_ram_high/RAMC_D1/WADR0
                            (rising edge-triggered cell RAMD32 clocked by sys_clk_pin  {rise@0.000ns fall@4.000ns period=8.000ns})
  Path Group:             sys_clk_pin
  Path Type:              Hold (Min at Fast Process Corner)
  Requirement:            0.000ns  (sys_clk_pin rise@0.000ns - sys_clk_pin rise@0.000ns)
  Data Path Delay:        0.394ns  (logic 0.141ns (35.792%)  route 0.253ns (64.208%))
  Logic Levels:           0  
  Clock Path Skew:        0.013ns (DCD - SCD - CPR)
    Destination Clock Delay (DCD):    2.239ns
    Source Clock Delay      (SCD):    1.713ns
    Clock Pessimism Removal (CPR):    0.513ns

    Location             Delay type                Incr(ns)  Path(ns)    Netlist Resource(s)
  -------------------------------------------------------------------    -------------------
                         (clock sys_clk_pin rise edge)
                                                      0.000     0.000 r  
    H16                                               0.000     0.000 r  clk_in (IN)
                         net (fo=0)                   0.000     0.000    clk_in
    H16                  IBUF (Prop_ibuf_I_O)         0.219     0.219 r  clk_in_IBUF_inst/O
                         net (fo=1, routed)           0.842     1.060    clk_in_IBUF
    BUFGCTRL_X0Y16       BUFG (Prop_bufg_I_O)         0.026     1.086 r  clk_in_IBUF_BUFG_inst/O
                         net (fo=160, routed)         0.627     1.713    processzor/clk_in_IBUF_BUFG
    SLICE_X113Y79        FDRE                                         r  processzor/stack_loop[0].lsb_stack.pointer_flop/C
  -------------------------------------------------------------------    -------------------
    SLICE_X113Y79        FDRE (Prop_fdre_C_Q)         0.141     1.854 r  processzor/stack_loop[0].lsb_stack.pointer_flop/Q
                         net (fo=30, routed)          0.253     2.107    processzor/stack_ram_high/ADDRD0
    SLICE_X112Y79        RAMD32                                       r  processzor/stack_ram_high/RAMC_D1/WADR0
  -------------------------------------------------------------------    -------------------

                         (clock sys_clk_pin rise edge)
                                                      0.000     0.000 r  
    H16                                               0.000     0.000 r  clk_in (IN)
                         net (fo=0)                   0.000     0.000    clk_in
    H16                  IBUF (Prop_ibuf_I_O)         0.406     0.406 r  clk_in_IBUF_inst/O
                         net (fo=1, routed)           0.907     1.313    clk_in_IBUF
    BUFGCTRL_X0Y16       BUFG (Prop_bufg_I_O)         0.029     1.342 r  clk_in_IBUF_BUFG_inst/O
                         net (fo=160, routed)         0.897     2.239    processzor/stack_ram_high/WCLK
    SLICE_X112Y79        RAMD32                                       r  processzor/stack_ram_high/RAMC_D1/CLK
                         clock pessimism             -0.513     1.726    
    SLICE_X112Y79        RAMD32 (Hold_ramd32_CLK_WADR0)
                                                      0.310     2.036    processzor/stack_ram_high/RAMC_D1
  -------------------------------------------------------------------
                         required time                         -2.036    
                         arrival time                           2.107    
  -------------------------------------------------------------------
                         slack                                  0.071    

Slack (MET) :             0.071ns  (arrival time - required time)
  Source:                 processzor/stack_loop[0].lsb_stack.pointer_flop/C
                            (rising edge-triggered cell FDRE clocked by sys_clk_pin  {rise@0.000ns fall@4.000ns period=8.000ns})
  Destination:            processzor/stack_ram_high/RAMD/ADR0
                            (rising edge-triggered cell RAMS32 clocked by sys_clk_pin  {rise@0.000ns fall@4.000ns period=8.000ns})
  Path Group:             sys_clk_pin
  Path Type:              Hold (Min at Fast Process Corner)
  Requirement:            0.000ns  (sys_clk_pin rise@0.000ns - sys_clk_pin rise@0.000ns)
  Data Path Delay:        0.394ns  (logic 0.141ns (35.792%)  route 0.253ns (64.208%))
  Logic Levels:           0  
  Clock Path Skew:        0.013ns (DCD - SCD - CPR)
    Destination Clock Delay (DCD):    2.239ns
    Source Clock Delay      (SCD):    1.713ns
    Clock Pessimism Removal (CPR):    0.513ns

    Location             Delay type                Incr(ns)  Path(ns)    Netlist Resource(s)
  -------------------------------------------------------------------    -------------------
                         (clock sys_clk_pin rise edge)
                                                      0.000     0.000 r  
    H16                                               0.000     0.000 r  clk_in (IN)
                         net (fo=0)                   0.000     0.000    clk_in
    H16                  IBUF (Prop_ibuf_I_O)         0.219     0.219 r  clk_in_IBUF_inst/O
                         net (fo=1, routed)           0.842     1.060    clk_in_IBUF
    BUFGCTRL_X0Y16       BUFG (Prop_bufg_I_O)         0.026     1.086 r  clk_in_IBUF_BUFG_inst/O
                         net (fo=160, routed)         0.627     1.713    processzor/clk_in_IBUF_BUFG
    SLICE_X113Y79        FDRE                                         r  processzor/stack_loop[0].lsb_stack.pointer_flop/C
  -------------------------------------------------------------------    -------------------
    SLICE_X113Y79        FDRE (Prop_fdre_C_Q)         0.141     1.854 r  processzor/stack_loop[0].lsb_stack.pointer_flop/Q
                         net (fo=30, routed)          0.253     2.107    processzor/stack_ram_high/ADDRD0
    SLICE_X112Y79        RAMS32                                       r  processzor/stack_ram_high/RAMD/ADR0
  -------------------------------------------------------------------    -------------------

                         (clock sys_clk_pin rise edge)
                                                      0.000     0.000 r  
    H16                                               0.000     0.000 r  clk_in (IN)
                         net (fo=0)                   0.000     0.000    clk_in
    H16                  IBUF (Prop_ibuf_I_O)         0.406     0.406 r  clk_in_IBUF_inst/O
                         net (fo=1, routed)           0.907     1.313    clk_in_IBUF
    BUFGCTRL_X0Y16       BUFG (Prop_bufg_I_O)         0.029     1.342 r  clk_in_IBUF_BUFG_inst/O
                         net (fo=160, routed)         0.897     2.239    processzor/stack_ram_high/WCLK
    SLICE_X112Y79        RAMS32                                       r  processzor/stack_ram_high/RAMD/CLK
                         clock pessimism             -0.513     1.726    
    SLICE_X112Y79        RAMS32 (Hold_rams32_CLK_ADR0)
                                                      0.310     2.036    processzor/stack_ram_high/RAMD
  -------------------------------------------------------------------
                         required time                         -2.036    
                         arrival time                           2.107    
  -------------------------------------------------------------------
                         slack                                  0.071    

Slack (MET) :             0.071ns  (arrival time - required time)
  Source:                 processzor/stack_loop[0].lsb_stack.pointer_flop/C
                            (rising edge-triggered cell FDRE clocked by sys_clk_pin  {rise@0.000ns fall@4.000ns period=8.000ns})
  Destination:            processzor/stack_ram_high/RAMD_D1/ADR0
                            (rising edge-triggered cell RAMS32 clocked by sys_clk_pin  {rise@0.000ns fall@4.000ns period=8.000ns})
  Path Group:             sys_clk_pin
  Path Type:              Hold (Min at Fast Process Corner)
  Requirement:            0.000ns  (sys_clk_pin rise@0.000ns - sys_clk_pin rise@0.000ns)
  Data Path Delay:        0.394ns  (logic 0.141ns (35.792%)  route 0.253ns (64.208%))
  Logic Levels:           0  
  Clock Path Skew:        0.013ns (DCD - SCD - CPR)
    Destination Clock Delay (DCD):    2.239ns
    Source Clock Delay      (SCD):    1.713ns
    Clock Pessimism Removal (CPR):    0.513ns

    Location             Delay type                Incr(ns)  Path(ns)    Netlist Resource(s)
  -------------------------------------------------------------------    -------------------
                         (clock sys_clk_pin rise edge)
                                                      0.000     0.000 r  
    H16                                               0.000     0.000 r  clk_in (IN)
                         net (fo=0)                   0.000     0.000    clk_in
    H16                  IBUF (Prop_ibuf_I_O)         0.219     0.219 r  clk_in_IBUF_inst/O
                         net (fo=1, routed)           0.842     1.060    clk_in_IBUF
    BUFGCTRL_X0Y16       BUFG (Prop_bufg_I_O)         0.026     1.086 r  clk_in_IBUF_BUFG_inst/O
                         net (fo=160, routed)         0.627     1.713    processzor/clk_in_IBUF_BUFG
    SLICE_X113Y79        FDRE                                         r  processzor/stack_loop[0].lsb_stack.pointer_flop/C
  -------------------------------------------------------------------    -------------------
    SLICE_X113Y79        FDRE (Prop_fdre_C_Q)         0.141     1.854 r  processzor/stack_loop[0].lsb_stack.pointer_flop/Q
                         net (fo=30, routed)          0.253     2.107    processzor/stack_ram_high/ADDRD0
    SLICE_X112Y79        RAMS32                                       r  processzor/stack_ram_high/RAMD_D1/ADR0
  -------------------------------------------------------------------    -------------------

                         (clock sys_clk_pin rise edge)
                                                      0.000     0.000 r  
    H16                                               0.000     0.000 r  clk_in (IN)
                         net (fo=0)                   0.000     0.000    clk_in
    H16                  IBUF (Prop_ibuf_I_O)         0.406     0.406 r  clk_in_IBUF_inst/O
                         net (fo=1, routed)           0.907     1.313    clk_in_IBUF
    BUFGCTRL_X0Y16       BUFG (Prop_bufg_I_O)         0.029     1.342 r  clk_in_IBUF_BUFG_inst/O
                         net (fo=160, routed)         0.897     2.239    processzor/stack_ram_high/WCLK
    SLICE_X112Y79        RAMS32                                       r  processzor/stack_ram_high/RAMD_D1/CLK
                         clock pessimism             -0.513     1.726    
    SLICE_X112Y79        RAMS32 (Hold_rams32_CLK_ADR0)
                                                      0.310     2.036    processzor/stack_ram_high/RAMD_D1
  -------------------------------------------------------------------
                         required time                         -2.036    
                         arrival time                           2.107    
  -------------------------------------------------------------------
                         slack                                  0.071    

Slack (MET) :             0.096ns  (arrival time - required time)
  Source:                 processzor/stack_loop[3].upper_stack.pointer_flop/C
                            (rising edge-triggered cell FDRE clocked by sys_clk_pin  {rise@0.000ns fall@4.000ns period=8.000ns})
  Destination:            processzor/stack_ram_low/RAMA/WADR3
                            (rising edge-triggered cell RAMD32 clocked by sys_clk_pin  {rise@0.000ns fall@4.000ns period=8.000ns})
  Path Group:             sys_clk_pin
  Path Type:              Hold (Min at Fast Process Corner)
  Requirement:            0.000ns  (sys_clk_pin rise@0.000ns - sys_clk_pin rise@0.000ns)
  Data Path Delay:        0.351ns  (logic 0.141ns (40.211%)  route 0.210ns (59.789%))
  Logic Levels:           0  
  Clock Path Skew:        0.015ns (DCD - SCD - CPR)
    Destination Clock Delay (DCD):    2.240ns
    Source Clock Delay      (SCD):    1.713ns
    Clock Pessimism Removal (CPR):    0.512ns

    Location             Delay type                Incr(ns)  Path(ns)    Netlist Resource(s)
  -------------------------------------------------------------------    -------------------
                         (clock sys_clk_pin rise edge)
                                                      0.000     0.000 r  
    H16                                               0.000     0.000 r  clk_in (IN)
                         net (fo=0)                   0.000     0.000    clk_in
    H16                  IBUF (Prop_ibuf_I_O)         0.219     0.219 r  clk_in_IBUF_inst/O
                         net (fo=1, routed)           0.842     1.060    clk_in_IBUF
    BUFGCTRL_X0Y16       BUFG (Prop_bufg_I_O)         0.026     1.086 r  clk_in_IBUF_BUFG_inst/O
                         net (fo=160, routed)         0.627     1.713    processzor/clk_in_IBUF_BUFG
    SLICE_X113Y79        FDRE                                         r  processzor/stack_loop[3].upper_stack.pointer_flop/C
  -------------------------------------------------------------------    -------------------
    SLICE_X113Y79        FDRE (Prop_fdre_C_Q)         0.141     1.854 r  processzor/stack_loop[3].upper_stack.pointer_flop/Q
                         net (fo=30, routed)          0.210     2.064    processzor/stack_ram_low/ADDRD3
    SLICE_X112Y80        RAMD32                                       r  processzor/stack_ram_low/RAMA/WADR3
  -------------------------------------------------------------------    -------------------

                         (clock sys_clk_pin rise edge)
                                                      0.000     0.000 r  
    H16                                               0.000     0.000 r  clk_in (IN)
                         net (fo=0)                   0.000     0.000    clk_in
    H16                  IBUF (Prop_ibuf_I_O)         0.406     0.406 r  clk_in_IBUF_inst/O
                         net (fo=1, routed)           0.907     1.313    clk_in_IBUF
    BUFGCTRL_X0Y16       BUFG (Prop_bufg_I_O)         0.029     1.342 r  clk_in_IBUF_BUFG_inst/O
                         net (fo=160, routed)         0.898     2.240    processzor/stack_ram_low/WCLK
    SLICE_X112Y80        RAMD32                                       r  processzor/stack_ram_low/RAMA/CLK
                         clock pessimism             -0.512     1.728    
    SLICE_X112Y80        RAMD32 (Hold_ramd32_CLK_WADR3)
                                                      0.240     1.968    processzor/stack_ram_low/RAMA
  -------------------------------------------------------------------
                         required time                         -1.968    
                         arrival time                           2.064    
  -------------------------------------------------------------------
                         slack                                  0.096    

Slack (MET) :             0.096ns  (arrival time - required time)
  Source:                 processzor/stack_loop[3].upper_stack.pointer_flop/C
                            (rising edge-triggered cell FDRE clocked by sys_clk_pin  {rise@0.000ns fall@4.000ns period=8.000ns})
  Destination:            processzor/stack_ram_low/RAMA_D1/WADR3
                            (rising edge-triggered cell RAMD32 clocked by sys_clk_pin  {rise@0.000ns fall@4.000ns period=8.000ns})
  Path Group:             sys_clk_pin
  Path Type:              Hold (Min at Fast Process Corner)
  Requirement:            0.000ns  (sys_clk_pin rise@0.000ns - sys_clk_pin rise@0.000ns)
  Data Path Delay:        0.351ns  (logic 0.141ns (40.211%)  route 0.210ns (59.789%))
  Logic Levels:           0  
  Clock Path Skew:        0.015ns (DCD - SCD - CPR)
    Destination Clock Delay (DCD):    2.240ns
    Source Clock Delay      (SCD):    1.713ns
    Clock Pessimism Removal (CPR):    0.512ns

    Location             Delay type                Incr(ns)  Path(ns)    Netlist Resource(s)
  -------------------------------------------------------------------    -------------------
                         (clock sys_clk_pin rise edge)
                                                      0.000     0.000 r  
    H16                                               0.000     0.000 r  clk_in (IN)
                         net (fo=0)                   0.000     0.000    clk_in
    H16                  IBUF (Prop_ibuf_I_O)         0.219     0.219 r  clk_in_IBUF_inst/O
                         net (fo=1, routed)           0.842     1.060    clk_in_IBUF
    BUFGCTRL_X0Y16       BUFG (Prop_bufg_I_O)         0.026     1.086 r  clk_in_IBUF_BUFG_inst/O
                         net (fo=160, routed)         0.627     1.713    processzor/clk_in_IBUF_BUFG
    SLICE_X113Y79        FDRE                                         r  processzor/stack_loop[3].upper_stack.pointer_flop/C
  -------------------------------------------------------------------    -------------------
    SLICE_X113Y79        FDRE (Prop_fdre_C_Q)         0.141     1.854 r  processzor/stack_loop[3].upper_stack.pointer_flop/Q
                         net (fo=30, routed)          0.210     2.064    processzor/stack_ram_low/ADDRD3
    SLICE_X112Y80        RAMD32                                       r  processzor/stack_ram_low/RAMA_D1/WADR3
  -------------------------------------------------------------------    -------------------

                         (clock sys_clk_pin rise edge)
                                                      0.000     0.000 r  
    H16                                               0.000     0.000 r  clk_in (IN)
                         net (fo=0)                   0.000     0.000    clk_in
    H16                  IBUF (Prop_ibuf_I_O)         0.406     0.406 r  clk_in_IBUF_inst/O
                         net (fo=1, routed)           0.907     1.313    clk_in_IBUF
    BUFGCTRL_X0Y16       BUFG (Prop_bufg_I_O)         0.029     1.342 r  clk_in_IBUF_BUFG_inst/O
                         net (fo=160, routed)         0.898     2.240    processzor/stack_ram_low/WCLK
    SLICE_X112Y80        RAMD32                                       r  processzor/stack_ram_low/RAMA_D1/CLK
                         clock pessimism             -0.512     1.728    
    SLICE_X112Y80        RAMD32 (Hold_ramd32_CLK_WADR3)
                                                      0.240     1.968    processzor/stack_ram_low/RAMA_D1
  -------------------------------------------------------------------
                         required time                         -1.968    
                         arrival time                           2.064    
  -------------------------------------------------------------------
                         slack                                  0.096    





Pulse Width Checks
--------------------------------------------------------------------------------------
Clock Name:         sys_clk_pin
Waveform(ns):       { 0.000 4.000 }
Period(ns):         8.000
Sources:            { clk_in }

Check Type        Corner  Lib Pin             Reference Pin  Required(ns)  Actual(ns)  Slack(ns)  Location        Pin
Min Period        n/a     RAMB36E1/CLKARDCLK  n/a            2.576         8.000       5.424      RAMB36_X5Y16    memoria/ram_2k_generate.akv7.kcpsm6_rom/CLKARDCLK
Min Period        n/a     BUFG/I              n/a            2.155         8.000       5.845      BUFGCTRL_X0Y16  clk_in_IBUF_BUFG_inst/I
Min Period        n/a     FDRE/C              n/a            1.000         8.000       7.000      SLICE_X112Y85   clk_count_reg[0]/C
Min Period        n/a     FDRE/C              n/a            1.000         8.000       7.000      SLICE_X113Y85   clk_count_reg[1]/C
Min Period        n/a     FDRE/C              n/a            1.000         8.000       7.000      SLICE_X113Y85   clk_count_reg[2]/C
Min Period        n/a     FDRE/C              n/a            1.000         8.000       7.000      SLICE_X113Y85   clk_count_reg[3]/C
Min Period        n/a     FDRE/C              n/a            1.000         8.000       7.000      SLICE_X113Y85   clk_count_reg[4]/C
Min Period        n/a     FDRE/C              n/a            1.000         8.000       7.000      SLICE_X112Y86   clk_inter_reg/C
Min Period        n/a     FDRE/C              n/a            1.000         8.000       7.000      SLICE_X109Y80   data_Db_reg[0]/C
Min Period        n/a     FDRE/C              n/a            1.000         8.000       7.000      SLICE_X109Y80   data_Db_reg[1]/C
Low Pulse Width   Slow    RAMD64E/CLK         n/a            1.250         4.000       2.750      SLICE_X108Y82   processzor/data_path_loop[0].small_spm.small_spm_ram.spm_ram/RAMA/CLK
Low Pulse Width   Fast    RAMD64E/CLK         n/a            1.250         4.000       2.750      SLICE_X108Y82   processzor/data_path_loop[0].small_spm.small_spm_ram.spm_ram/RAMA/CLK
Low Pulse Width   Slow    RAMD64E/CLK         n/a            1.250         4.000       2.750      SLICE_X108Y82   processzor/data_path_loop[0].small_spm.small_spm_ram.spm_ram/RAMB/CLK
Low Pulse Width   Fast    RAMD64E/CLK         n/a            1.250         4.000       2.750      SLICE_X108Y82   processzor/data_path_loop[0].small_spm.small_spm_ram.spm_ram/RAMB/CLK
Low Pulse Width   Slow    RAMD64E/CLK         n/a            1.250         4.000       2.750      SLICE_X108Y82   processzor/data_path_loop[0].small_spm.small_spm_ram.spm_ram/RAMC/CLK
Low Pulse Width   Fast    RAMD64E/CLK         n/a            1.250         4.000       2.750      SLICE_X108Y82   processzor/data_path_loop[0].small_spm.small_spm_ram.spm_ram/RAMC/CLK
Low Pulse Width   Slow    RAMD64E/CLK         n/a            1.250         4.000       2.750      SLICE_X108Y82   processzor/data_path_loop[0].small_spm.small_spm_ram.spm_ram/RAMD/CLK
Low Pulse Width   Fast    RAMD64E/CLK         n/a            1.250         4.000       2.750      SLICE_X108Y82   processzor/data_path_loop[0].small_spm.small_spm_ram.spm_ram/RAMD/CLK
Low Pulse Width   Slow    RAMD64E/CLK         n/a            1.250         4.000       2.750      SLICE_X104Y81   processzor/data_path_loop[4].small_spm.small_spm_ram.spm_ram/RAMA/CLK
Low Pulse Width   Fast    RAMD64E/CLK         n/a            1.250         4.000       2.750      SLICE_X104Y81   processzor/data_path_loop[4].small_spm.small_spm_ram.spm_ram/RAMA/CLK
High Pulse Width  Slow    RAMD64E/CLK         n/a            1.250         4.000       2.750      SLICE_X108Y82   processzor/data_path_loop[0].small_spm.small_spm_ram.spm_ram/RAMA/CLK
High Pulse Width  Fast    RAMD64E/CLK         n/a            1.250         4.000       2.750      SLICE_X108Y82   processzor/data_path_loop[0].small_spm.small_spm_ram.spm_ram/RAMA/CLK
High Pulse Width  Slow    RAMD64E/CLK         n/a            1.250         4.000       2.750      SLICE_X108Y82   processzor/data_path_loop[0].small_spm.small_spm_ram.spm_ram/RAMB/CLK
High Pulse Width  Fast    RAMD64E/CLK         n/a            1.250         4.000       2.750      SLICE_X108Y82   processzor/data_path_loop[0].small_spm.small_spm_ram.spm_ram/RAMB/CLK
High Pulse Width  Slow    RAMD64E/CLK         n/a            1.250         4.000       2.750      SLICE_X108Y82   processzor/data_path_loop[0].small_spm.small_spm_ram.spm_ram/RAMC/CLK
High Pulse Width  Fast    RAMD64E/CLK         n/a            1.250         4.000       2.750      SLICE_X108Y82   processzor/data_path_loop[0].small_spm.small_spm_ram.spm_ram/RAMC/CLK
High Pulse Width  Slow    RAMD64E/CLK         n/a            1.250         4.000       2.750      SLICE_X108Y82   processzor/data_path_loop[0].small_spm.small_spm_ram.spm_ram/RAMD/CLK
High Pulse Width  Fast    RAMD64E/CLK         n/a            1.250         4.000       2.750      SLICE_X108Y82   processzor/data_path_loop[0].small_spm.small_spm_ram.spm_ram/RAMD/CLK
High Pulse Width  Slow    RAMD64E/CLK         n/a            1.250         4.000       2.750      SLICE_X104Y81   processzor/data_path_loop[4].small_spm.small_spm_ram.spm_ram/RAMA/CLK
High Pulse Width  Fast    RAMD64E/CLK         n/a            1.250         4.000       2.750      SLICE_X104Y81   processzor/data_path_loop[4].small_spm.small_spm_ram.spm_ram/RAMA/CLK



--------------------------------------------------------------------------------------
Path Group:  (none)
From Clock:  
  To Clock:  

Max Delay             4 Endpoints
Min Delay             4 Endpoints
--------------------------------------------------------------------------------------


Max Delay Paths
--------------------------------------------------------------------------------------
Slack:                    inf
  Source:                 LEDsw
                            (input port)
  Destination:            led[3]
                            (output port)
  Path Group:             (none)
  Path Type:              Max at Slow Process Corner
  Data Path Delay:        10.896ns  (logic 5.483ns (50.324%)  route 5.413ns (49.676%))
  Logic Levels:           3  (IBUF=1 LUT3=1 OBUF=1)

    Location             Delay type                Incr(ns)  Path(ns)    Netlist Resource(s)
  -------------------------------------------------------------------    -------------------
    M20                                               0.000     0.000 r  LEDsw (IN)
                         net (fo=0)                   0.000     0.000    LEDsw
    M20                  IBUF (Prop_ibuf_I_O)         1.542     1.542 r  LEDsw_IBUF_inst/O
                         net (fo=4, routed)           2.958     4.500    LEDsw_IBUF
    SLICE_X111Y82        LUT3 (Prop_lut3_I1_O)        0.152     4.652 r  led_OBUF[3]_inst_i_1/O
                         net (fo=1, routed)           2.455     7.107    led_OBUF[3]
    M14                  OBUF (Prop_obuf_I_O)         3.789    10.896 r  led_OBUF[3]_inst/O
                         net (fo=0)                   0.000    10.896    led[3]
    M14                                                               r  led[3] (OUT)
  -------------------------------------------------------------------    -------------------

Slack:                    inf
  Source:                 LEDsw
                            (input port)
  Destination:            led[2]
                            (output port)
  Path Group:             (none)
  Path Type:              Max at Slow Process Corner
  Data Path Delay:        10.652ns  (logic 5.239ns (49.181%)  route 5.413ns (50.819%))
  Logic Levels:           3  (IBUF=1 LUT3=1 OBUF=1)

    Location             Delay type                Incr(ns)  Path(ns)    Netlist Resource(s)
  -------------------------------------------------------------------    -------------------
    M20                                               0.000     0.000 r  LEDsw (IN)
                         net (fo=0)                   0.000     0.000    LEDsw
    M20                  IBUF (Prop_ibuf_I_O)         1.542     1.542 r  LEDsw_IBUF_inst/O
                         net (fo=4, routed)           2.958     4.500    LEDsw_IBUF
    SLICE_X111Y82        LUT3 (Prop_lut3_I1_O)        0.124     4.624 r  led_OBUF[2]_inst_i_1/O
                         net (fo=1, routed)           2.455     7.079    led_OBUF[2]
    N16                  OBUF (Prop_obuf_I_O)         3.572    10.652 r  led_OBUF[2]_inst/O
                         net (fo=0)                   0.000    10.652    led[2]
    N16                                                               r  led[2] (OUT)
  -------------------------------------------------------------------    -------------------

Slack:                    inf
  Source:                 LEDsw
                            (input port)
  Destination:            led[0]
                            (output port)
  Path Group:             (none)
  Path Type:              Max at Slow Process Corner
  Data Path Delay:        9.642ns  (logic 5.424ns (56.257%)  route 4.218ns (43.743%))
  Logic Levels:           3  (IBUF=1 LUT3=1 OBUF=1)

    Location             Delay type                Incr(ns)  Path(ns)    Netlist Resource(s)
  -------------------------------------------------------------------    -------------------
    M20                                               0.000     0.000 r  LEDsw (IN)
                         net (fo=0)                   0.000     0.000    LEDsw
    M20                  IBUF (Prop_ibuf_I_O)         1.542     1.542 r  LEDsw_IBUF_inst/O
                         net (fo=4, routed)           2.352     3.894    LEDsw_IBUF
    SLICE_X111Y82        LUT3 (Prop_lut3_I1_O)        0.150     4.044 r  led_OBUF[0]_inst_i_1/O
                         net (fo=1, routed)           1.866     5.910    led_OBUF[0]
    R14                  OBUF (Prop_obuf_I_O)         3.732     9.642 r  led_OBUF[0]_inst/O
                         net (fo=0)                   0.000     9.642    led[0]
    R14                                                               r  led[0] (OUT)
  -------------------------------------------------------------------    -------------------

Slack:                    inf
  Source:                 LEDsw
                            (input port)
  Destination:            led[1]
                            (output port)
  Path Group:             (none)
  Path Type:              Max at Slow Process Corner
  Data Path Delay:        9.430ns  (logic 5.224ns (55.393%)  route 4.206ns (44.607%))
  Logic Levels:           3  (IBUF=1 LUT3=1 OBUF=1)

    Location             Delay type                Incr(ns)  Path(ns)    Netlist Resource(s)
  -------------------------------------------------------------------    -------------------
    M20                                               0.000     0.000 r  LEDsw (IN)
                         net (fo=0)                   0.000     0.000    LEDsw
    M20                  IBUF (Prop_ibuf_I_O)         1.542     1.542 r  LEDsw_IBUF_inst/O
                         net (fo=4, routed)           2.352     3.894    LEDsw_IBUF
    SLICE_X111Y82        LUT3 (Prop_lut3_I1_O)        0.124     4.018 r  led_OBUF[1]_inst_i_1/O
                         net (fo=1, routed)           1.854     5.873    led_OBUF[1]
    P14                  OBUF (Prop_obuf_I_O)         3.557     9.430 r  led_OBUF[1]_inst/O
                         net (fo=0)                   0.000     9.430    led[1]
    P14                                                               r  led[1] (OUT)
  -------------------------------------------------------------------    -------------------





Min Delay Paths
--------------------------------------------------------------------------------------
Slack:                    inf
  Source:                 LEDsw
                            (input port)
  Destination:            led[1]
                            (output port)
  Path Group:             (none)
  Path Type:              Min at Fast Process Corner
  Data Path Delay:        2.915ns  (logic 1.612ns (55.318%)  route 1.302ns (44.682%))
  Logic Levels:           3  (IBUF=1 LUT3=1 OBUF=1)

    Location             Delay type                Incr(ns)  Path(ns)    Netlist Resource(s)
  -------------------------------------------------------------------    -------------------
    M20                                               0.000     0.000 r  LEDsw (IN)
                         net (fo=0)                   0.000     0.000    LEDsw
    M20                  IBUF (Prop_ibuf_I_O)         0.309     0.309 r  LEDsw_IBUF_inst/O
                         net (fo=4, routed)           0.894     1.203    LEDsw_IBUF
    SLICE_X111Y82        LUT3 (Prop_lut3_I1_O)        0.045     1.248 r  led_OBUF[1]_inst_i_1/O
                         net (fo=1, routed)           0.408     1.657    led_OBUF[1]
    P14                  OBUF (Prop_obuf_I_O)         1.258     2.915 r  led_OBUF[1]_inst/O
                         net (fo=0)                   0.000     2.915    led[1]
    P14                                                               r  led[1] (OUT)
  -------------------------------------------------------------------    -------------------

Slack:                    inf
  Source:                 LEDsw
                            (input port)
  Destination:            led[0]
                            (output port)
  Path Group:             (none)
  Path Type:              Min at Fast Process Corner
  Data Path Delay:        2.945ns  (logic 1.648ns (55.970%)  route 1.297ns (44.030%))
  Logic Levels:           3  (IBUF=1 LUT3=1 OBUF=1)

    Location             Delay type                Incr(ns)  Path(ns)    Netlist Resource(s)
  -------------------------------------------------------------------    -------------------
    M20                                               0.000     0.000 r  LEDsw (IN)
                         net (fo=0)                   0.000     0.000    LEDsw
    M20                  IBUF (Prop_ibuf_I_O)         0.309     0.309 r  LEDsw_IBUF_inst/O
                         net (fo=4, routed)           0.894     1.203    LEDsw_IBUF
    SLICE_X111Y82        LUT3 (Prop_lut3_I1_O)        0.046     1.249 r  led_OBUF[0]_inst_i_1/O
                         net (fo=1, routed)           0.403     1.652    led_OBUF[0]
    R14                  OBUF (Prop_obuf_I_O)         1.293     2.945 r  led_OBUF[0]_inst/O
                         net (fo=0)                   0.000     2.945    led[0]
    R14                                                               r  led[0] (OUT)
  -------------------------------------------------------------------    -------------------

Slack:                    inf
  Source:                 LEDsw
                            (input port)
  Destination:            led[2]
                            (output port)
  Path Group:             (none)
  Path Type:              Min at Fast Process Corner
  Data Path Delay:        3.396ns  (logic 1.627ns (47.927%)  route 1.768ns (52.073%))
  Logic Levels:           3  (IBUF=1 LUT3=1 OBUF=1)

    Location             Delay type                Incr(ns)  Path(ns)    Netlist Resource(s)
  -------------------------------------------------------------------    -------------------
    M20                                               0.000     0.000 r  LEDsw (IN)
                         net (fo=0)                   0.000     0.000    LEDsw
    M20                  IBUF (Prop_ibuf_I_O)         0.309     0.309 r  LEDsw_IBUF_inst/O
                         net (fo=4, routed)           1.111     1.420    LEDsw_IBUF
    SLICE_X111Y82        LUT3 (Prop_lut3_I1_O)        0.045     1.465 r  led_OBUF[2]_inst_i_1/O
                         net (fo=1, routed)           0.657     2.123    led_OBUF[2]
    N16                  OBUF (Prop_obuf_I_O)         1.273     3.396 r  led_OBUF[2]_inst/O
                         net (fo=0)                   0.000     3.396    led[2]
    N16                                                               r  led[2] (OUT)
  -------------------------------------------------------------------    -------------------

Slack:                    inf
  Source:                 LEDsw
                            (input port)
  Destination:            led[3]
                            (output port)
  Path Group:             (none)
  Path Type:              Min at Fast Process Corner
  Data Path Delay:        3.474ns  (logic 1.703ns (49.012%)  route 1.772ns (50.988%))
  Logic Levels:           3  (IBUF=1 LUT3=1 OBUF=1)

    Location             Delay type                Incr(ns)  Path(ns)    Netlist Resource(s)
  -------------------------------------------------------------------    -------------------
    M20                                               0.000     0.000 r  LEDsw (IN)
                         net (fo=0)                   0.000     0.000    LEDsw
    M20                  IBUF (Prop_ibuf_I_O)         0.309     0.309 r  LEDsw_IBUF_inst/O
                         net (fo=4, routed)           1.111     1.420    LEDsw_IBUF
    SLICE_X111Y82        LUT3 (Prop_lut3_I1_O)        0.045     1.465 r  led_OBUF[3]_inst_i_1/O
                         net (fo=1, routed)           0.661     2.126    led_OBUF[3]
    M14                  OBUF (Prop_obuf_I_O)         1.348     3.474 r  led_OBUF[3]_inst/O
                         net (fo=0)                   0.000     3.474    led[3]
    M14                                                               r  led[3] (OUT)
  -------------------------------------------------------------------    -------------------





--------------------------------------------------------------------------------------
Path Group:  (none)
From Clock:  sys_clk_pin
  To Clock:  

Max Delay            15 Endpoints
Min Delay            15 Endpoints
--------------------------------------------------------------------------------------


Max Delay Paths
--------------------------------------------------------------------------------------
Slack:                    inf
  Source:                 psdatabuff_reg[7]/C
                            (falling edge-triggered cell FDRE clocked by sys_clk_pin  {rise@0.000ns fall@4.000ns period=8.000ns})
  Destination:            led[3]
                            (output port)
  Path Group:             (none)
  Path Type:              Max at Slow Process Corner
  Data Path Delay:        8.112ns  (logic 4.398ns (54.218%)  route 3.714ns (45.782%))
  Logic Levels:           2  (LUT3=1 OBUF=1)
  Clock Uncertainty:      0.025ns  ((TSJ^2 + TIJ^2)^1/2 + DJ) / 2 + PE
    Total System Jitter     (TSJ):    0.050ns
    Total Input Jitter      (TIJ):    0.000ns
    Discrete Jitter          (DJ):    0.000ns
    Phase Error              (PE):    0.000ns

    Location             Delay type                Incr(ns)  Path(ns)    Netlist Resource(s)
  -------------------------------------------------------------------    -------------------
                         (clock sys_clk_pin fall edge)
                                                      4.000     4.000 f  
    H16                                               0.000     4.000 f  clk_in (IN)
                         net (fo=0)                   0.000     4.000    clk_in
    H16                  IBUF (Prop_ibuf_I_O)         1.451     5.451 f  clk_in_IBUF_inst/O
                         net (fo=1, routed)           2.522     7.973    clk_in_IBUF
    BUFGCTRL_X0Y16       BUFG (Prop_bufg_I_O)         0.101     8.074 f  clk_in_IBUF_BUFG_inst/O
                         net (fo=160, routed)         1.853     9.927    clk_in_IBUF_BUFG
    SLICE_X110Y80        FDRE                                         r  psdatabuff_reg[7]/C  (IS_INVERTED)
  -------------------------------------------------------------------    -------------------
    SLICE_X110Y80        FDRE (Prop_fdre_C_Q)         0.459    10.386 r  psdatabuff_reg[7]/Q
                         net (fo=1, routed)           1.259    11.645    psdatabuff[7]
    SLICE_X111Y82        LUT3 (Prop_lut3_I0_O)        0.150    11.795 r  led_OBUF[3]_inst_i_1/O
                         net (fo=1, routed)           2.455    14.249    led_OBUF[3]
    M14                  OBUF (Prop_obuf_I_O)         3.789    18.038 r  led_OBUF[3]_inst/O
                         net (fo=0)                   0.000    18.038    led[3]
    M14                                                               r  led[3] (OUT)
  -------------------------------------------------------------------    -------------------

Slack:                    inf
  Source:                 psdatabuff_reg[0]/C
                            (falling edge-triggered cell FDRE clocked by sys_clk_pin  {rise@0.000ns fall@4.000ns period=8.000ns})
  Destination:            led[0]
                            (output port)
  Path Group:             (none)
  Path Type:              Max at Slow Process Corner
  Data Path Delay:        7.463ns  (logic 4.479ns (60.013%)  route 2.984ns (39.987%))
  Logic Levels:           2  (LUT3=1 OBUF=1)
  Clock Uncertainty:      0.025ns  ((TSJ^2 + TIJ^2)^1/2 + DJ) / 2 + PE
    Total System Jitter     (TSJ):    0.050ns
    Total Input Jitter      (TIJ):    0.000ns
    Discrete Jitter          (DJ):    0.000ns
    Phase Error              (PE):    0.000ns

    Location             Delay type                Incr(ns)  Path(ns)    Netlist Resource(s)
  -------------------------------------------------------------------    -------------------
                         (clock sys_clk_pin fall edge)
                                                      4.000     4.000 f  
    H16                                               0.000     4.000 f  clk_in (IN)
                         net (fo=0)                   0.000     4.000    clk_in
    H16                  IBUF (Prop_ibuf_I_O)         1.451     5.451 f  clk_in_IBUF_inst/O
                         net (fo=1, routed)           2.522     7.973    clk_in_IBUF
    BUFGCTRL_X0Y16       BUFG (Prop_bufg_I_O)         0.101     8.074 f  clk_in_IBUF_BUFG_inst/O
                         net (fo=160, routed)         1.853     9.927    clk_in_IBUF_BUFG
    SLICE_X110Y80        FDRE                                         r  psdatabuff_reg[0]/C  (IS_INVERTED)
  -------------------------------------------------------------------    -------------------
    SLICE_X110Y80        FDRE (Prop_fdre_C_Q)         0.422    10.349 r  psdatabuff_reg[0]/Q
                         net (fo=1, routed)           1.119    11.467    psdatabuff[0]
    SLICE_X111Y82        LUT3 (Prop_lut3_I2_O)        0.325    11.792 r  led_OBUF[0]_inst_i_1/O
                         net (fo=1, routed)           1.866    13.658    led_OBUF[0]
    R14                  OBUF (Prop_obuf_I_O)         3.732    17.390 r  led_OBUF[0]_inst/O
                         net (fo=0)                   0.000    17.390    led[0]
    R14                                                               r  led[0] (OUT)
  -------------------------------------------------------------------    -------------------

Slack:                    inf
  Source:                 psdatabuff_reg[2]/C
                            (falling edge-triggered cell FDRE clocked by sys_clk_pin  {rise@0.000ns fall@4.000ns period=8.000ns})
  Destination:            led[2]
                            (output port)
  Path Group:             (none)
  Path Type:              Max at Slow Process Corner
  Data Path Delay:        7.463ns  (logic 4.155ns (55.680%)  route 3.308ns (44.320%))
  Logic Levels:           2  (LUT3=1 OBUF=1)
  Clock Uncertainty:      0.025ns  ((TSJ^2 + TIJ^2)^1/2 + DJ) / 2 + PE
    Total System Jitter     (TSJ):    0.050ns
    Total Input Jitter      (TIJ):    0.000ns
    Discrete Jitter          (DJ):    0.000ns
    Phase Error              (PE):    0.000ns

    Location             Delay type                Incr(ns)  Path(ns)    Netlist Resource(s)
  -------------------------------------------------------------------    -------------------
                         (clock sys_clk_pin fall edge)
                                                      4.000     4.000 f  
    H16                                               0.000     4.000 f  clk_in (IN)
                         net (fo=0)                   0.000     4.000    clk_in
    H16                  IBUF (Prop_ibuf_I_O)         1.451     5.451 f  clk_in_IBUF_inst/O
                         net (fo=1, routed)           2.522     7.973    clk_in_IBUF
    BUFGCTRL_X0Y16       BUFG (Prop_bufg_I_O)         0.101     8.074 f  clk_in_IBUF_BUFG_inst/O
                         net (fo=160, routed)         1.853     9.927    clk_in_IBUF_BUFG
    SLICE_X110Y80        FDRE                                         r  psdatabuff_reg[2]/C  (IS_INVERTED)
  -------------------------------------------------------------------    -------------------
    SLICE_X110Y80        FDRE (Prop_fdre_C_Q)         0.459    10.386 r  psdatabuff_reg[2]/Q
                         net (fo=1, routed)           0.852    11.238    psdatabuff[2]
    SLICE_X111Y82        LUT3 (Prop_lut3_I2_O)        0.124    11.362 r  led_OBUF[2]_inst_i_1/O
                         net (fo=1, routed)           2.455    13.817    led_OBUF[2]
    N16                  OBUF (Prop_obuf_I_O)         3.572    17.390 r  led_OBUF[2]_inst/O
                         net (fo=0)                   0.000    17.390    led[2]
    N16                                                               r  led[2] (OUT)
  -------------------------------------------------------------------    -------------------

Slack:                    inf
  Source:                 psdatabuff_reg[1]/C
                            (falling edge-triggered cell FDRE clocked by sys_clk_pin  {rise@0.000ns fall@4.000ns period=8.000ns})
  Destination:            led[1]
                            (output port)
  Path Group:             (none)
  Path Type:              Max at Slow Process Corner
  Data Path Delay:        6.986ns  (logic 4.140ns (59.263%)  route 2.846ns (40.737%))
  Logic Levels:           2  (LUT3=1 OBUF=1)
  Clock Uncertainty:      0.025ns  ((TSJ^2 + TIJ^2)^1/2 + DJ) / 2 + PE
    Total System Jitter     (TSJ):    0.050ns
    Total Input Jitter      (TIJ):    0.000ns
    Discrete Jitter          (DJ):    0.000ns
    Phase Error              (PE):    0.000ns

    Location             Delay type                Incr(ns)  Path(ns)    Netlist Resource(s)
  -------------------------------------------------------------------    -------------------
                         (clock sys_clk_pin fall edge)
                                                      4.000     4.000 f  
    H16                                               0.000     4.000 f  clk_in (IN)
                         net (fo=0)                   0.000     4.000    clk_in
    H16                  IBUF (Prop_ibuf_I_O)         1.451     5.451 f  clk_in_IBUF_inst/O
                         net (fo=1, routed)           2.522     7.973    clk_in_IBUF
    BUFGCTRL_X0Y16       BUFG (Prop_bufg_I_O)         0.101     8.074 f  clk_in_IBUF_BUFG_inst/O
                         net (fo=160, routed)         1.853     9.927    clk_in_IBUF_BUFG
    SLICE_X110Y80        FDRE                                         r  psdatabuff_reg[1]/C  (IS_INVERTED)
  -------------------------------------------------------------------    -------------------
    SLICE_X110Y80        FDRE (Prop_fdre_C_Q)         0.459    10.386 r  psdatabuff_reg[1]/Q
                         net (fo=1, routed)           0.992    11.377    psdatabuff[1]
    SLICE_X111Y82        LUT3 (Prop_lut3_I2_O)        0.124    11.501 r  led_OBUF[1]_inst_i_1/O
                         net (fo=1, routed)           1.854    13.356    led_OBUF[1]
    P14                  OBUF (Prop_obuf_I_O)         3.557    16.913 r  led_OBUF[1]_inst/O
                         net (fo=0)                   0.000    16.913    led[1]
    P14                                                               r  led[1] (OUT)
  -------------------------------------------------------------------    -------------------

Slack:                    inf
  Source:                 data_Db_reg[7]/C
                            (falling edge-triggered cell FDRE clocked by sys_clk_pin  {rise@0.000ns fall@4.000ns period=8.000ns})
  Destination:            Db[7]
                            (output port)
  Path Group:             (none)
  Path Type:              Max at Slow Process Corner
  Data Path Delay:        6.802ns  (logic 4.137ns (60.811%)  route 2.666ns (39.189%))
  Logic Levels:           1  (OBUF=1)
  Clock Uncertainty:      0.025ns  ((TSJ^2 + TIJ^2)^1/2 + DJ) / 2 + PE
    Total System Jitter     (TSJ):    0.050ns
    Total Input Jitter      (TIJ):    0.000ns
    Discrete Jitter          (DJ):    0.000ns
    Phase Error              (PE):    0.000ns

    Location             Delay type                Incr(ns)  Path(ns)    Netlist Resource(s)
  -------------------------------------------------------------------    -------------------
                         (clock sys_clk_pin fall edge)
                                                      4.000     4.000 f  
    H16                                               0.000     4.000 f  clk_in (IN)
                         net (fo=0)                   0.000     4.000    clk_in
    H16                  IBUF (Prop_ibuf_I_O)         1.451     5.451 f  clk_in_IBUF_inst/O
                         net (fo=1, routed)           2.522     7.973    clk_in_IBUF
    BUFGCTRL_X0Y16       BUFG (Prop_bufg_I_O)         0.101     8.074 f  clk_in_IBUF_BUFG_inst/O
                         net (fo=160, routed)         1.850     9.924    clk_in_IBUF_BUFG
    SLICE_X109Y79        FDRE                                         r  data_Db_reg[7]/C  (IS_INVERTED)
  -------------------------------------------------------------------    -------------------
    SLICE_X109Y79        FDRE (Prop_fdre_C_Q)         0.422    10.346 r  data_Db_reg[7]/Q
                         net (fo=1, routed)           2.666    13.011    Db_OBUF[7]
    W19                  OBUF (Prop_obuf_I_O)         3.715    16.726 r  Db_OBUF[7]_inst/O
                         net (fo=0)                   0.000    16.726    Db[7]
    W19                                                               r  Db[7] (OUT)
  -------------------------------------------------------------------    -------------------

Slack:                    inf
  Source:                 data_Db_reg[6]/C
                            (falling edge-triggered cell FDRE clocked by sys_clk_pin  {rise@0.000ns fall@4.000ns period=8.000ns})
  Destination:            Db[6]
                            (output port)
  Path Group:             (none)
  Path Type:              Max at Slow Process Corner
  Data Path Delay:        6.656ns  (logic 4.004ns (60.154%)  route 2.652ns (39.846%))
  Logic Levels:           1  (OBUF=1)
  Clock Uncertainty:      0.025ns  ((TSJ^2 + TIJ^2)^1/2 + DJ) / 2 + PE
    Total System Jitter     (TSJ):    0.050ns
    Total Input Jitter      (TIJ):    0.000ns
    Discrete Jitter          (DJ):    0.000ns
    Phase Error              (PE):    0.000ns

    Location             Delay type                Incr(ns)  Path(ns)    Netlist Resource(s)
  -------------------------------------------------------------------    -------------------
                         (clock sys_clk_pin fall edge)
                                                      4.000     4.000 f  
    H16                                               0.000     4.000 f  clk_in (IN)
                         net (fo=0)                   0.000     4.000    clk_in
    H16                  IBUF (Prop_ibuf_I_O)         1.451     5.451 f  clk_in_IBUF_inst/O
                         net (fo=1, routed)           2.522     7.973    clk_in_IBUF
    BUFGCTRL_X0Y16       BUFG (Prop_bufg_I_O)         0.101     8.074 f  clk_in_IBUF_BUFG_inst/O
                         net (fo=160, routed)         1.851     9.925    clk_in_IBUF_BUFG
    SLICE_X109Y80        FDRE                                         r  data_Db_reg[6]/C  (IS_INVERTED)
  -------------------------------------------------------------------    -------------------
    SLICE_X109Y80        FDRE (Prop_fdre_C_Q)         0.459    10.384 r  data_Db_reg[6]/Q
                         net (fo=1, routed)           2.652    13.036    Db_OBUF[6]
    W18                  OBUF (Prop_obuf_I_O)         3.545    16.581 r  Db_OBUF[6]_inst/O
                         net (fo=0)                   0.000    16.581    Db[6]
    W18                                                               r  Db[6] (OUT)
  -------------------------------------------------------------------    -------------------

Slack:                    inf
  Source:                 data_cntrl_reg[1]/C
                            (falling edge-triggered cell FDRE clocked by sys_clk_pin  {rise@0.000ns fall@4.000ns period=8.000ns})
  Destination:            Rw
                            (output port)
  Path Group:             (none)
  Path Type:              Max at Slow Process Corner
  Data Path Delay:        6.492ns  (logic 4.013ns (61.810%)  route 2.479ns (38.190%))
  Logic Levels:           1  (OBUF=1)
  Clock Uncertainty:      0.025ns  ((TSJ^2 + TIJ^2)^1/2 + DJ) / 2 + PE
    Total System Jitter     (TSJ):    0.050ns
    Total Input Jitter      (TIJ):    0.000ns
    Discrete Jitter          (DJ):    0.000ns
    Phase Error              (PE):    0.000ns

    Location             Delay type                Incr(ns)  Path(ns)    Netlist Resource(s)
  -------------------------------------------------------------------    -------------------
                         (clock sys_clk_pin fall edge)
                                                      4.000     4.000 f  
    H16                                               0.000     4.000 f  clk_in (IN)
                         net (fo=0)                   0.000     4.000    clk_in
    H16                  IBUF (Prop_ibuf_I_O)         1.451     5.451 f  clk_in_IBUF_inst/O
                         net (fo=1, routed)           2.522     7.973    clk_in_IBUF
    BUFGCTRL_X0Y16       BUFG (Prop_bufg_I_O)         0.101     8.074 f  clk_in_IBUF_BUFG_inst/O
                         net (fo=160, routed)         1.857     9.931    clk_in_IBUF_BUFG
    SLICE_X111Y83        FDRE                                         r  data_cntrl_reg[1]/C  (IS_INVERTED)
  -------------------------------------------------------------------    -------------------
    SLICE_X111Y83        FDRE (Prop_fdre_C_Q)         0.459    10.390 r  data_cntrl_reg[1]/Q
                         net (fo=1, routed)           2.479    12.869    Rw_OBUF
    W16                  OBUF (Prop_obuf_I_O)         3.554    16.422 r  Rw_OBUF_inst/O
                         net (fo=0)                   0.000    16.422    Rw
    W16                                                               r  Rw (OUT)
  -------------------------------------------------------------------    -------------------

Slack:                    inf
  Source:                 data_cntrl_reg[0]/C
                            (falling edge-triggered cell FDRE clocked by sys_clk_pin  {rise@0.000ns fall@4.000ns period=8.000ns})
  Destination:            Rs
                            (output port)
  Path Group:             (none)
  Path Type:              Max at Slow Process Corner
  Data Path Delay:        6.469ns  (logic 4.012ns (62.018%)  route 2.457ns (37.982%))
  Logic Levels:           1  (OBUF=1)
  Clock Uncertainty:      0.025ns  ((TSJ^2 + TIJ^2)^1/2 + DJ) / 2 + PE
    Total System Jitter     (TSJ):    0.050ns
    Total Input Jitter      (TIJ):    0.000ns
    Discrete Jitter          (DJ):    0.000ns
    Phase Error              (PE):    0.000ns

    Location             Delay type                Incr(ns)  Path(ns)    Netlist Resource(s)
  -------------------------------------------------------------------    -------------------
                         (clock sys_clk_pin fall edge)
                                                      4.000     4.000 f  
    H16                                               0.000     4.000 f  clk_in (IN)
                         net (fo=0)                   0.000     4.000    clk_in
    H16                  IBUF (Prop_ibuf_I_O)         1.451     5.451 f  clk_in_IBUF_inst/O
                         net (fo=1, routed)           2.522     7.973    clk_in_IBUF
    BUFGCTRL_X0Y16       BUFG (Prop_bufg_I_O)         0.101     8.074 f  clk_in_IBUF_BUFG_inst/O
                         net (fo=160, routed)         1.857     9.931    clk_in_IBUF_BUFG
    SLICE_X111Y83        FDRE                                         r  data_cntrl_reg[0]/C  (IS_INVERTED)
  -------------------------------------------------------------------    -------------------
    SLICE_X111Y83        FDRE (Prop_fdre_C_Q)         0.459    10.390 r  data_cntrl_reg[0]/Q
                         net (fo=1, routed)           2.457    12.847    Rs_OBUF
    V16                  OBUF (Prop_obuf_I_O)         3.553    16.400 r  Rs_OBUF_inst/O
                         net (fo=0)                   0.000    16.400    Rs
    V16                                                               r  Rs (OUT)
  -------------------------------------------------------------------    -------------------

Slack:                    inf
  Source:                 data_Db_reg[0]/C
                            (falling edge-triggered cell FDRE clocked by sys_clk_pin  {rise@0.000ns fall@4.000ns period=8.000ns})
  Destination:            Db[0]
                            (output port)
  Path Group:             (none)
  Path Type:              Max at Slow Process Corner
  Data Path Delay:        6.186ns  (logic 4.038ns (65.283%)  route 2.148ns (34.717%))
  Logic Levels:           1  (OBUF=1)
  Clock Uncertainty:      0.025ns  ((TSJ^2 + TIJ^2)^1/2 + DJ) / 2 + PE
    Total System Jitter     (TSJ):    0.050ns
    Total Input Jitter      (TIJ):    0.000ns
    Discrete Jitter          (DJ):    0.000ns
    Phase Error              (PE):    0.000ns

    Location             Delay type                Incr(ns)  Path(ns)    Netlist Resource(s)
  -------------------------------------------------------------------    -------------------
                         (clock sys_clk_pin fall edge)
                                                      4.000     4.000 f  
    H16                                               0.000     4.000 f  clk_in (IN)
                         net (fo=0)                   0.000     4.000    clk_in
    H16                  IBUF (Prop_ibuf_I_O)         1.451     5.451 f  clk_in_IBUF_inst/O
                         net (fo=1, routed)           2.522     7.973    clk_in_IBUF
    BUFGCTRL_X0Y16       BUFG (Prop_bufg_I_O)         0.101     8.074 f  clk_in_IBUF_BUFG_inst/O
                         net (fo=160, routed)         1.851     9.925    clk_in_IBUF_BUFG
    SLICE_X109Y80        FDRE                                         r  data_Db_reg[0]/C  (IS_INVERTED)
  -------------------------------------------------------------------    -------------------
    SLICE_X109Y80        FDRE (Prop_fdre_C_Q)         0.459    10.384 r  data_Db_reg[0]/Q
                         net (fo=1, routed)           2.148    12.531    Db_OBUF[0]
    Y18                  OBUF (Prop_obuf_I_O)         3.579    16.111 r  Db_OBUF[0]_inst/O
                         net (fo=0)                   0.000    16.111    Db[0]
    Y18                                                               r  Db[0] (OUT)
  -------------------------------------------------------------------    -------------------

Slack:                    inf
  Source:                 data_Db_reg[1]/C
                            (falling edge-triggered cell FDRE clocked by sys_clk_pin  {rise@0.000ns fall@4.000ns period=8.000ns})
  Destination:            Db[1]
                            (output port)
  Path Group:             (none)
  Path Type:              Max at Slow Process Corner
  Data Path Delay:        6.181ns  (logic 4.032ns (65.233%)  route 2.149ns (34.767%))
  Logic Levels:           1  (OBUF=1)
  Clock Uncertainty:      0.025ns  ((TSJ^2 + TIJ^2)^1/2 + DJ) / 2 + PE
    Total System Jitter     (TSJ):    0.050ns
    Total Input Jitter      (TIJ):    0.000ns
    Discrete Jitter          (DJ):    0.000ns
    Phase Error              (PE):    0.000ns

    Location             Delay type                Incr(ns)  Path(ns)    Netlist Resource(s)
  -------------------------------------------------------------------    -------------------
                         (clock sys_clk_pin fall edge)
                                                      4.000     4.000 f  
    H16                                               0.000     4.000 f  clk_in (IN)
                         net (fo=0)                   0.000     4.000    clk_in
    H16                  IBUF (Prop_ibuf_I_O)         1.451     5.451 f  clk_in_IBUF_inst/O
                         net (fo=1, routed)           2.522     7.973    clk_in_IBUF
    BUFGCTRL_X0Y16       BUFG (Prop_bufg_I_O)         0.101     8.074 f  clk_in_IBUF_BUFG_inst/O
                         net (fo=160, routed)         1.851     9.925    clk_in_IBUF_BUFG
    SLICE_X109Y80        FDRE                                         r  data_Db_reg[1]/C  (IS_INVERTED)
  -------------------------------------------------------------------    -------------------
    SLICE_X109Y80        FDRE (Prop_fdre_C_Q)         0.459    10.384 r  data_Db_reg[1]/Q
                         net (fo=1, routed)           2.149    12.533    Db_OBUF[1]
    Y19                  OBUF (Prop_obuf_I_O)         3.573    16.106 r  Db_OBUF[1]_inst/O
                         net (fo=0)                   0.000    16.106    Db[1]
    Y19                                                               r  Db[1] (OUT)
  -------------------------------------------------------------------    -------------------





Min Delay Paths
--------------------------------------------------------------------------------------
Slack:                    inf
  Source:                 data_Db_reg[5]/C
                            (falling edge-triggered cell FDRE clocked by sys_clk_pin  {rise@0.000ns fall@4.000ns period=8.000ns})
  Destination:            Db[5]
                            (output port)
  Path Group:             (none)
  Path Type:              Min at Fast Process Corner
  Data Path Delay:        1.808ns  (logic 1.445ns (79.907%)  route 0.363ns (20.093%))
  Logic Levels:           1  (OBUF=1)
  Clock Uncertainty:      0.025ns  ((TSJ^2 + TIJ^2)^1/2 + DJ) / 2 + PE
    Total System Jitter     (TSJ):    0.050ns
    Total Input Jitter      (TIJ):    0.000ns
    Discrete Jitter          (DJ):    0.000ns
    Phase Error              (PE):    0.000ns

    Location             Delay type                Incr(ns)  Path(ns)    Netlist Resource(s)
  -------------------------------------------------------------------    -------------------
                         (clock sys_clk_pin fall edge)
                                                      4.000     4.000 f  
    H16                                               0.000     4.000 f  clk_in (IN)
                         net (fo=0)                   0.000     4.000    clk_in
    H16                  IBUF (Prop_ibuf_I_O)         0.219     4.219 f  clk_in_IBUF_inst/O
                         net (fo=1, routed)           0.842     5.060    clk_in_IBUF
    BUFGCTRL_X0Y16       BUFG (Prop_bufg_I_O)         0.026     5.086 f  clk_in_IBUF_BUFG_inst/O
                         net (fo=160, routed)         0.626     5.712    clk_in_IBUF_BUFG
    SLICE_X109Y79        FDRE                                         r  data_Db_reg[5]/C  (IS_INVERTED)
  -------------------------------------------------------------------    -------------------
    SLICE_X109Y79        FDRE (Prop_fdre_C_Q)         0.133     5.845 r  data_Db_reg[5]/Q
                         net (fo=1, routed)           0.363     6.208    Db_OBUF[5]
    U19                  OBUF (Prop_obuf_I_O)         1.312     7.520 r  Db_OBUF[5]_inst/O
                         net (fo=0)                   0.000     7.520    Db[5]
    U19                                                               r  Db[5] (OUT)
  -------------------------------------------------------------------    -------------------

Slack:                    inf
  Source:                 data_Db_reg[4]/C
                            (falling edge-triggered cell FDRE clocked by sys_clk_pin  {rise@0.000ns fall@4.000ns period=8.000ns})
  Destination:            Db[4]
                            (output port)
  Path Group:             (none)
  Path Type:              Min at Fast Process Corner
  Data Path Delay:        1.818ns  (logic 1.400ns (76.990%)  route 0.418ns (23.010%))
  Logic Levels:           1  (OBUF=1)
  Clock Uncertainty:      0.025ns  ((TSJ^2 + TIJ^2)^1/2 + DJ) / 2 + PE
    Total System Jitter     (TSJ):    0.050ns
    Total Input Jitter      (TIJ):    0.000ns
    Discrete Jitter          (DJ):    0.000ns
    Phase Error              (PE):    0.000ns

    Location             Delay type                Incr(ns)  Path(ns)    Netlist Resource(s)
  -------------------------------------------------------------------    -------------------
                         (clock sys_clk_pin fall edge)
                                                      4.000     4.000 f  
    H16                                               0.000     4.000 f  clk_in (IN)
                         net (fo=0)                   0.000     4.000    clk_in
    H16                  IBUF (Prop_ibuf_I_O)         0.219     4.219 f  clk_in_IBUF_inst/O
                         net (fo=1, routed)           0.842     5.060    clk_in_IBUF
    BUFGCTRL_X0Y16       BUFG (Prop_bufg_I_O)         0.026     5.086 f  clk_in_IBUF_BUFG_inst/O
                         net (fo=160, routed)         0.626     5.712    clk_in_IBUF_BUFG
    SLICE_X109Y79        FDRE                                         r  data_Db_reg[4]/C  (IS_INVERTED)
  -------------------------------------------------------------------    -------------------
    SLICE_X109Y79        FDRE (Prop_fdre_C_Q)         0.146     5.858 r  data_Db_reg[4]/Q
                         net (fo=1, routed)           0.418     6.277    Db_OBUF[4]
    U18                  OBUF (Prop_obuf_I_O)         1.254     7.530 r  Db_OBUF[4]_inst/O
                         net (fo=0)                   0.000     7.530    Db[4]
    U18                                                               r  Db[4] (OUT)
  -------------------------------------------------------------------    -------------------

Slack:                    inf
  Source:                 data_cntrl_reg[2]/C
                            (falling edge-triggered cell FDRE clocked by sys_clk_pin  {rise@0.000ns fall@4.000ns period=8.000ns})
  Destination:            E
                            (output port)
  Path Group:             (none)
  Path Type:              Min at Fast Process Corner
  Data Path Delay:        1.893ns  (logic 1.447ns (76.459%)  route 0.446ns (23.541%))
  Logic Levels:           1  (OBUF=1)
  Clock Uncertainty:      0.025ns  ((TSJ^2 + TIJ^2)^1/2 + DJ) / 2 + PE
    Total System Jitter     (TSJ):    0.050ns
    Total Input Jitter      (TIJ):    0.000ns
    Discrete Jitter          (DJ):    0.000ns
    Phase Error              (PE):    0.000ns

    Location             Delay type                Incr(ns)  Path(ns)    Netlist Resource(s)
  -------------------------------------------------------------------    -------------------
                         (clock sys_clk_pin fall edge)
                                                      4.000     4.000 f  
    H16                                               0.000     4.000 f  clk_in (IN)
                         net (fo=0)                   0.000     4.000    clk_in
    H16                  IBUF (Prop_ibuf_I_O)         0.219     4.219 f  clk_in_IBUF_inst/O
                         net (fo=1, routed)           0.842     5.060    clk_in_IBUF
    BUFGCTRL_X0Y16       BUFG (Prop_bufg_I_O)         0.026     5.086 f  clk_in_IBUF_BUFG_inst/O
                         net (fo=160, routed)         0.631     5.717    clk_in_IBUF_BUFG
    SLICE_X111Y83        FDRE                                         r  data_cntrl_reg[2]/C  (IS_INVERTED)
  -------------------------------------------------------------------    -------------------
    SLICE_X111Y83        FDRE (Prop_fdre_C_Q)         0.146     5.863 r  data_cntrl_reg[2]/Q
                         net (fo=1, routed)           0.446     6.309    E_OBUF
    V12                  OBUF (Prop_obuf_I_O)         1.301     7.610 r  E_OBUF_inst/O
                         net (fo=0)                   0.000     7.610    E
    V12                                                               r  E (OUT)
  -------------------------------------------------------------------    -------------------

Slack:                    inf
  Source:                 data_Db_reg[3]/C
                            (falling edge-triggered cell FDRE clocked by sys_clk_pin  {rise@0.000ns fall@4.000ns period=8.000ns})
  Destination:            Db[3]
                            (output port)
  Path Group:             (none)
  Path Type:              Min at Fast Process Corner
  Data Path Delay:        1.923ns  (logic 1.468ns (76.319%)  route 0.455ns (23.681%))
  Logic Levels:           1  (OBUF=1)
  Clock Uncertainty:      0.025ns  ((TSJ^2 + TIJ^2)^1/2 + DJ) / 2 + PE
    Total System Jitter     (TSJ):    0.050ns
    Total Input Jitter      (TIJ):    0.000ns
    Discrete Jitter          (DJ):    0.000ns
    Phase Error              (PE):    0.000ns

    Location             Delay type                Incr(ns)  Path(ns)    Netlist Resource(s)
  -------------------------------------------------------------------    -------------------
                         (clock sys_clk_pin fall edge)
                                                      4.000     4.000 f  
    H16                                               0.000     4.000 f  clk_in (IN)
                         net (fo=0)                   0.000     4.000    clk_in
    H16                  IBUF (Prop_ibuf_I_O)         0.219     4.219 f  clk_in_IBUF_inst/O
                         net (fo=1, routed)           0.842     5.060    clk_in_IBUF
    BUFGCTRL_X0Y16       BUFG (Prop_bufg_I_O)         0.026     5.086 f  clk_in_IBUF_BUFG_inst/O
                         net (fo=160, routed)         0.627     5.713    clk_in_IBUF_BUFG
    SLICE_X109Y80        FDRE                                         r  data_Db_reg[3]/C  (IS_INVERTED)
  -------------------------------------------------------------------    -------------------
    SLICE_X109Y80        FDRE (Prop_fdre_C_Q)         0.146     5.859 r  data_Db_reg[3]/Q
                         net (fo=1, routed)           0.455     6.315    Db_OBUF[3]
    Y17                  OBUF (Prop_obuf_I_O)         1.322     7.636 r  Db_OBUF[3]_inst/O
                         net (fo=0)                   0.000     7.636    Db[3]
    Y17                                                               r  Db[3] (OUT)
  -------------------------------------------------------------------    -------------------

Slack:                    inf
  Source:                 data_Db_reg[2]/C
                            (falling edge-triggered cell FDRE clocked by sys_clk_pin  {rise@0.000ns fall@4.000ns period=8.000ns})
  Destination:            Db[2]
                            (output port)
  Path Group:             (none)
  Path Type:              Min at Fast Process Corner
  Data Path Delay:        1.937ns  (logic 1.510ns (77.939%)  route 0.427ns (22.061%))
  Logic Levels:           1  (OBUF=1)
  Clock Uncertainty:      0.025ns  ((TSJ^2 + TIJ^2)^1/2 + DJ) / 2 + PE
    Total System Jitter     (TSJ):    0.050ns
    Total Input Jitter      (TIJ):    0.000ns
    Discrete Jitter          (DJ):    0.000ns
    Phase Error              (PE):    0.000ns

    Location             Delay type                Incr(ns)  Path(ns)    Netlist Resource(s)
  -------------------------------------------------------------------    -------------------
                         (clock sys_clk_pin fall edge)
                                                      4.000     4.000 f  
    H16                                               0.000     4.000 f  clk_in (IN)
                         net (fo=0)                   0.000     4.000    clk_in
    H16                  IBUF (Prop_ibuf_I_O)         0.219     4.219 f  clk_in_IBUF_inst/O
                         net (fo=1, routed)           0.842     5.060    clk_in_IBUF
    BUFGCTRL_X0Y16       BUFG (Prop_bufg_I_O)         0.026     5.086 f  clk_in_IBUF_BUFG_inst/O
                         net (fo=160, routed)         0.627     5.713    clk_in_IBUF_BUFG
    SLICE_X109Y80        FDRE                                         r  data_Db_reg[2]/C  (IS_INVERTED)
  -------------------------------------------------------------------    -------------------
    SLICE_X109Y80        FDRE (Prop_fdre_C_Q)         0.133     5.846 r  data_Db_reg[2]/Q
                         net (fo=1, routed)           0.427     6.274    Db_OBUF[2]
    Y16                  OBUF (Prop_obuf_I_O)         1.377     7.650 r  Db_OBUF[2]_inst/O
                         net (fo=0)                   0.000     7.650    Db[2]
    Y16                                                               r  Db[2] (OUT)
  -------------------------------------------------------------------    -------------------

Slack:                    inf
  Source:                 data_Db_reg[1]/C
                            (falling edge-triggered cell FDRE clocked by sys_clk_pin  {rise@0.000ns fall@4.000ns period=8.000ns})
  Destination:            Db[1]
                            (output port)
  Path Group:             (none)
  Path Type:              Min at Fast Process Corner
  Data Path Delay:        1.979ns  (logic 1.420ns (71.746%)  route 0.559ns (28.254%))
  Logic Levels:           1  (OBUF=1)
  Clock Uncertainty:      0.025ns  ((TSJ^2 + TIJ^2)^1/2 + DJ) / 2 + PE
    Total System Jitter     (TSJ):    0.050ns
    Total Input Jitter      (TIJ):    0.000ns
    Discrete Jitter          (DJ):    0.000ns
    Phase Error              (PE):    0.000ns

    Location             Delay type                Incr(ns)  Path(ns)    Netlist Resource(s)
  -------------------------------------------------------------------    -------------------
                         (clock sys_clk_pin fall edge)
                                                      4.000     4.000 f  
    H16                                               0.000     4.000 f  clk_in (IN)
                         net (fo=0)                   0.000     4.000    clk_in
    H16                  IBUF (Prop_ibuf_I_O)         0.219     4.219 f  clk_in_IBUF_inst/O
                         net (fo=1, routed)           0.842     5.060    clk_in_IBUF
    BUFGCTRL_X0Y16       BUFG (Prop_bufg_I_O)         0.026     5.086 f  clk_in_IBUF_BUFG_inst/O
                         net (fo=160, routed)         0.627     5.713    clk_in_IBUF_BUFG
    SLICE_X109Y80        FDRE                                         r  data_Db_reg[1]/C  (IS_INVERTED)
  -------------------------------------------------------------------    -------------------
    SLICE_X109Y80        FDRE (Prop_fdre_C_Q)         0.146     5.859 r  data_Db_reg[1]/Q
                         net (fo=1, routed)           0.559     6.418    Db_OBUF[1]
    Y19                  OBUF (Prop_obuf_I_O)         1.274     7.692 r  Db_OBUF[1]_inst/O
                         net (fo=0)                   0.000     7.692    Db[1]
    Y19                                                               r  Db[1] (OUT)
  -------------------------------------------------------------------    -------------------

Slack:                    inf
  Source:                 data_Db_reg[0]/C
                            (falling edge-triggered cell FDRE clocked by sys_clk_pin  {rise@0.000ns fall@4.000ns period=8.000ns})
  Destination:            Db[0]
                            (output port)
  Path Group:             (none)
  Path Type:              Min at Fast Process Corner
  Data Path Delay:        1.983ns  (logic 1.426ns (71.922%)  route 0.557ns (28.078%))
  Logic Levels:           1  (OBUF=1)
  Clock Uncertainty:      0.025ns  ((TSJ^2 + TIJ^2)^1/2 + DJ) / 2 + PE
    Total System Jitter     (TSJ):    0.050ns
    Total Input Jitter      (TIJ):    0.000ns
    Discrete Jitter          (DJ):    0.000ns
    Phase Error              (PE):    0.000ns

    Location             Delay type                Incr(ns)  Path(ns)    Netlist Resource(s)
  -------------------------------------------------------------------    -------------------
                         (clock sys_clk_pin fall edge)
                                                      4.000     4.000 f  
    H16                                               0.000     4.000 f  clk_in (IN)
                         net (fo=0)                   0.000     4.000    clk_in
    H16                  IBUF (Prop_ibuf_I_O)         0.219     4.219 f  clk_in_IBUF_inst/O
                         net (fo=1, routed)           0.842     5.060    clk_in_IBUF
    BUFGCTRL_X0Y16       BUFG (Prop_bufg_I_O)         0.026     5.086 f  clk_in_IBUF_BUFG_inst/O
                         net (fo=160, routed)         0.627     5.713    clk_in_IBUF_BUFG
    SLICE_X109Y80        FDRE                                         r  data_Db_reg[0]/C  (IS_INVERTED)
  -------------------------------------------------------------------    -------------------
    SLICE_X109Y80        FDRE (Prop_fdre_C_Q)         0.146     5.859 r  data_Db_reg[0]/Q
                         net (fo=1, routed)           0.557     6.416    Db_OBUF[0]
    Y18                  OBUF (Prop_obuf_I_O)         1.280     7.696 r  Db_OBUF[0]_inst/O
                         net (fo=0)                   0.000     7.696    Db[0]
    Y18                                                               r  Db[0] (OUT)
  -------------------------------------------------------------------    -------------------

Slack:                    inf
  Source:                 data_cntrl_reg[0]/C
                            (falling edge-triggered cell FDRE clocked by sys_clk_pin  {rise@0.000ns fall@4.000ns period=8.000ns})
  Destination:            Rs
                            (output port)
  Path Group:             (none)
  Path Type:              Min at Fast Process Corner
  Data Path Delay:        2.062ns  (logic 1.400ns (67.888%)  route 0.662ns (32.112%))
  Logic Levels:           1  (OBUF=1)
  Clock Uncertainty:      0.025ns  ((TSJ^2 + TIJ^2)^1/2 + DJ) / 2 + PE
    Total System Jitter     (TSJ):    0.050ns
    Total Input Jitter      (TIJ):    0.000ns
    Discrete Jitter          (DJ):    0.000ns
    Phase Error              (PE):    0.000ns

    Location             Delay type                Incr(ns)  Path(ns)    Netlist Resource(s)
  -------------------------------------------------------------------    -------------------
                         (clock sys_clk_pin fall edge)
                                                      4.000     4.000 f  
    H16                                               0.000     4.000 f  clk_in (IN)
                         net (fo=0)                   0.000     4.000    clk_in
    H16                  IBUF (Prop_ibuf_I_O)         0.219     4.219 f  clk_in_IBUF_inst/O
                         net (fo=1, routed)           0.842     5.060    clk_in_IBUF
    BUFGCTRL_X0Y16       BUFG (Prop_bufg_I_O)         0.026     5.086 f  clk_in_IBUF_BUFG_inst/O
                         net (fo=160, routed)         0.631     5.717    clk_in_IBUF_BUFG
    SLICE_X111Y83        FDRE                                         r  data_cntrl_reg[0]/C  (IS_INVERTED)
  -------------------------------------------------------------------    -------------------
    SLICE_X111Y83        FDRE (Prop_fdre_C_Q)         0.146     5.863 r  data_cntrl_reg[0]/Q
                         net (fo=1, routed)           0.662     6.525    Rs_OBUF
    V16                  OBUF (Prop_obuf_I_O)         1.254     7.779 r  Rs_OBUF_inst/O
                         net (fo=0)                   0.000     7.779    Rs
    V16                                                               r  Rs (OUT)
  -------------------------------------------------------------------    -------------------

Slack:                    inf
  Source:                 psdatabuff_reg[5]/C
                            (falling edge-triggered cell FDRE clocked by sys_clk_pin  {rise@0.000ns fall@4.000ns period=8.000ns})
  Destination:            led[1]
                            (output port)
  Path Group:             (none)
  Path Type:              Min at Fast Process Corner
  Data Path Delay:        2.077ns  (logic 1.449ns (69.749%)  route 0.628ns (30.251%))
  Logic Levels:           2  (LUT3=1 OBUF=1)
  Clock Uncertainty:      0.025ns  ((TSJ^2 + TIJ^2)^1/2 + DJ) / 2 + PE
    Total System Jitter     (TSJ):    0.050ns
    Total Input Jitter      (TIJ):    0.000ns
    Discrete Jitter          (DJ):    0.000ns
    Phase Error              (PE):    0.000ns

    Location             Delay type                Incr(ns)  Path(ns)    Netlist Resource(s)
  -------------------------------------------------------------------    -------------------
                         (clock sys_clk_pin fall edge)
                                                      4.000     4.000 f  
    H16                                               0.000     4.000 f  clk_in (IN)
                         net (fo=0)                   0.000     4.000    clk_in
    H16                  IBUF (Prop_ibuf_I_O)         0.219     4.219 f  clk_in_IBUF_inst/O
                         net (fo=1, routed)           0.842     5.060    clk_in_IBUF
    BUFGCTRL_X0Y16       BUFG (Prop_bufg_I_O)         0.026     5.086 f  clk_in_IBUF_BUFG_inst/O
                         net (fo=160, routed)         0.628     5.714    clk_in_IBUF_BUFG
    SLICE_X110Y80        FDRE                                         r  psdatabuff_reg[5]/C  (IS_INVERTED)
  -------------------------------------------------------------------    -------------------
    SLICE_X110Y80        FDRE (Prop_fdre_C_Q)         0.146     5.860 r  psdatabuff_reg[5]/Q
                         net (fo=1, routed)           0.220     6.080    psdatabuff[5]
    SLICE_X111Y82        LUT3 (Prop_lut3_I0_O)        0.045     6.125 r  led_OBUF[1]_inst_i_1/O
                         net (fo=1, routed)           0.408     6.534    led_OBUF[1]
    P14                  OBUF (Prop_obuf_I_O)         1.258     7.792 r  led_OBUF[1]_inst/O
                         net (fo=0)                   0.000     7.792    led[1]
    P14                                                               r  led[1] (OUT)
  -------------------------------------------------------------------    -------------------

Slack:                    inf
  Source:                 data_cntrl_reg[1]/C
                            (falling edge-triggered cell FDRE clocked by sys_clk_pin  {rise@0.000ns fall@4.000ns period=8.000ns})
  Destination:            Rw
                            (output port)
  Path Group:             (none)
  Path Type:              Min at Fast Process Corner
  Data Path Delay:        2.086ns  (logic 1.400ns (67.110%)  route 0.686ns (32.890%))
  Logic Levels:           1  (OBUF=1)
  Clock Uncertainty:      0.025ns  ((TSJ^2 + TIJ^2)^1/2 + DJ) / 2 + PE
    Total System Jitter     (TSJ):    0.050ns
    Total Input Jitter      (TIJ):    0.000ns
    Discrete Jitter          (DJ):    0.000ns
    Phase Error              (PE):    0.000ns

    Location             Delay type                Incr(ns)  Path(ns)    Netlist Resource(s)
  -------------------------------------------------------------------    -------------------
                         (clock sys_clk_pin fall edge)
                                                      4.000     4.000 f  
    H16                                               0.000     4.000 f  clk_in (IN)
                         net (fo=0)                   0.000     4.000    clk_in
    H16                  IBUF (Prop_ibuf_I_O)         0.219     4.219 f  clk_in_IBUF_inst/O
                         net (fo=1, routed)           0.842     5.060    clk_in_IBUF
    BUFGCTRL_X0Y16       BUFG (Prop_bufg_I_O)         0.026     5.086 f  clk_in_IBUF_BUFG_inst/O
                         net (fo=160, routed)         0.631     5.717    clk_in_IBUF_BUFG
    SLICE_X111Y83        FDRE                                         r  data_cntrl_reg[1]/C  (IS_INVERTED)
  -------------------------------------------------------------------    -------------------
    SLICE_X111Y83        FDRE (Prop_fdre_C_Q)         0.146     5.863 r  data_cntrl_reg[1]/Q
                         net (fo=1, routed)           0.686     6.549    Rw_OBUF
    W16                  OBUF (Prop_obuf_I_O)         1.254     7.804 r  Rw_OBUF_inst/O
                         net (fo=0)                   0.000     7.804    Rw
    W16                                                               r  Rw (OUT)
  -------------------------------------------------------------------    -------------------





--------------------------------------------------------------------------------------
Path Group:  (none)
From Clock:  
  To Clock:  sys_clk_pin

Max Delay            18 Endpoints
Min Delay            18 Endpoints
--------------------------------------------------------------------------------------


Max Delay Paths
--------------------------------------------------------------------------------------
Slack:                    inf
  Source:                 reset
                            (input port)
  Destination:            processzor/internal_reset_flop/D
                            (rising edge-triggered cell FDRE clocked by sys_clk_pin  {rise@0.000ns fall@4.000ns period=8.000ns})
  Path Group:             (none)
  Path Type:              Setup (Max at Slow Process Corner)
  Data Path Delay:        4.655ns  (logic 1.587ns (34.100%)  route 3.068ns (65.900%))
  Logic Levels:           2  (IBUF=1 LUT6=1)
  Clock Path Skew:        5.440ns (DCD - SCD + CPR)
    Destination Clock Delay (DCD):    5.440ns
    Source Clock Delay      (SCD):    0.000ns
    Clock Pessimism Removal (CPR):    0.000ns
  Clock Uncertainty:      0.025ns  ((TSJ^2 + TIJ^2)^1/2 + DJ) / 2 + PE
    Total System Jitter     (TSJ):    0.050ns
    Total Input Jitter      (TIJ):    0.000ns
    Discrete Jitter          (DJ):    0.000ns
    Phase Error              (PE):    0.000ns

    Location             Delay type                Incr(ns)  Path(ns)    Netlist Resource(s)
  -------------------------------------------------------------------    -------------------
    D19                                               0.000     0.000 r  reset (IN)
                         net (fo=0)                   0.000     0.000    reset
    D19                  IBUF (Prop_ibuf_I_O)         1.463     1.463 r  reset_IBUF_inst/O
                         net (fo=2, routed)           3.068     4.531    processzor/reset_lut/I4
    SLICE_X112Y81        LUT6 (Prop_lut6_I4_O)        0.124     4.655 r  processzor/reset_lut/LUT6/O
                         net (fo=1, routed)           0.000     4.655    processzor/internal_reset_value
    SLICE_X112Y81        FDRE                                         r  processzor/internal_reset_flop/D
  -------------------------------------------------------------------    -------------------

                         (clock sys_clk_pin rise edge)
                                                      0.000     0.000 r  
    H16                                               0.000     0.000 r  clk_in (IN)
                         net (fo=0)                   0.000     0.000    clk_in
    H16                  IBUF (Prop_ibuf_I_O)         1.380     1.380 r  clk_in_IBUF_inst/O
                         net (fo=1, routed)           2.293     3.673    clk_in_IBUF
    BUFGCTRL_X0Y16       BUFG (Prop_bufg_I_O)         0.091     3.764 r  clk_in_IBUF_BUFG_inst/O
                         net (fo=160, routed)         1.676     5.440    processzor/clk_in_IBUF_BUFG
    SLICE_X112Y81        FDRE                                         r  processzor/internal_reset_flop/C

Slack:                    inf
  Source:                 reset
                            (input port)
  Destination:            processzor/run_flop/D
                            (rising edge-triggered cell FDRE clocked by sys_clk_pin  {rise@0.000ns fall@4.000ns period=8.000ns})
  Path Group:             (none)
  Path Type:              Setup (Max at Slow Process Corner)
  Data Path Delay:        4.647ns  (logic 1.579ns (33.987%)  route 3.068ns (66.013%))
  Logic Levels:           2  (IBUF=1 LUT5=1)
  Clock Path Skew:        5.440ns (DCD - SCD + CPR)
    Destination Clock Delay (DCD):    5.440ns
    Source Clock Delay      (SCD):    0.000ns
    Clock Pessimism Removal (CPR):    0.000ns
  Clock Uncertainty:      0.025ns  ((TSJ^2 + TIJ^2)^1/2 + DJ) / 2 + PE
    Total System Jitter     (TSJ):    0.050ns
    Total Input Jitter      (TIJ):    0.000ns
    Discrete Jitter          (DJ):    0.000ns
    Phase Error              (PE):    0.000ns

    Location             Delay type                Incr(ns)  Path(ns)    Netlist Resource(s)
  -------------------------------------------------------------------    -------------------
    D19                                               0.000     0.000 f  reset (IN)
                         net (fo=0)                   0.000     0.000    reset
    D19                  IBUF (Prop_ibuf_I_O)         1.463     1.463 f  reset_IBUF_inst/O
                         net (fo=2, routed)           3.068     4.531    processzor/reset_lut/I4
    SLICE_X112Y81        LUT5 (Prop_lut5_I4_O)        0.116     4.647 r  processzor/reset_lut/LUT5/O
                         net (fo=1, routed)           0.000     4.647    processzor/run_value
    SLICE_X112Y81        FDRE                                         r  processzor/run_flop/D
  -------------------------------------------------------------------    -------------------

                         (clock sys_clk_pin rise edge)
                                                      0.000     0.000 r  
    H16                                               0.000     0.000 r  clk_in (IN)
                         net (fo=0)                   0.000     0.000    clk_in
    H16                  IBUF (Prop_ibuf_I_O)         1.380     1.380 r  clk_in_IBUF_inst/O
                         net (fo=1, routed)           2.293     3.673    clk_in_IBUF
    BUFGCTRL_X0Y16       BUFG (Prop_bufg_I_O)         0.091     3.764 r  clk_in_IBUF_BUFG_inst/O
                         net (fo=160, routed)         1.676     5.440    processzor/clk_in_IBUF_BUFG
    SLICE_X112Y81        FDRE                                         r  processzor/run_flop/C

Slack:                    inf
  Source:                 psclock
                            (input port)
  Destination:            clk_count_reg[1]/R
                            (rising edge-triggered cell FDRE clocked by sys_clk_pin  {rise@0.000ns fall@4.000ns period=8.000ns})
  Path Group:             (none)
  Path Type:              Setup (Max at Slow Process Corner)
  Data Path Delay:        4.058ns  (logic 1.674ns (41.244%)  route 2.384ns (58.756%))
  Logic Levels:           2  (IBUF=1 LUT2=1)
  Clock Path Skew:        5.445ns (DCD - SCD + CPR)
    Destination Clock Delay (DCD):    5.445ns
    Source Clock Delay      (SCD):    0.000ns
    Clock Pessimism Removal (CPR):    0.000ns
  Clock Uncertainty:      0.025ns  ((TSJ^2 + TIJ^2)^1/2 + DJ) / 2 + PE
    Total System Jitter     (TSJ):    0.050ns
    Total Input Jitter      (TIJ):    0.000ns
    Discrete Jitter          (DJ):    0.000ns
    Phase Error              (PE):    0.000ns

    Location             Delay type                Incr(ns)  Path(ns)    Netlist Resource(s)
  -------------------------------------------------------------------    -------------------
    T11                                               0.000     0.000 r  psclock (IN)
                         net (fo=0)                   0.000     0.000    psclock
    T11                  IBUF (Prop_ibuf_I_O)         1.550     1.550 r  psclock_IBUF_inst/O
                         net (fo=3, routed)           1.665     3.215    psclock_IBUF
    SLICE_X112Y86        LUT2 (Prop_lut2_I1_O)        0.124     3.339 r  clk_inter_i_1/O
                         net (fo=6, routed)           0.720     4.058    clk_inter0
    SLICE_X113Y85        FDRE                                         r  clk_count_reg[1]/R
  -------------------------------------------------------------------    -------------------

                         (clock sys_clk_pin rise edge)
                                                      0.000     0.000 r  
    H16                                               0.000     0.000 r  clk_in (IN)
                         net (fo=0)                   0.000     0.000    clk_in
    H16                  IBUF (Prop_ibuf_I_O)         1.380     1.380 r  clk_in_IBUF_inst/O
                         net (fo=1, routed)           2.293     3.673    clk_in_IBUF
    BUFGCTRL_X0Y16       BUFG (Prop_bufg_I_O)         0.091     3.764 r  clk_in_IBUF_BUFG_inst/O
                         net (fo=160, routed)         1.681     5.445    clk_in_IBUF_BUFG
    SLICE_X113Y85        FDRE                                         r  clk_count_reg[1]/C

Slack:                    inf
  Source:                 psclock
                            (input port)
  Destination:            clk_count_reg[2]/R
                            (rising edge-triggered cell FDRE clocked by sys_clk_pin  {rise@0.000ns fall@4.000ns period=8.000ns})
  Path Group:             (none)
  Path Type:              Setup (Max at Slow Process Corner)
  Data Path Delay:        4.058ns  (logic 1.674ns (41.244%)  route 2.384ns (58.756%))
  Logic Levels:           2  (IBUF=1 LUT2=1)
  Clock Path Skew:        5.445ns (DCD - SCD + CPR)
    Destination Clock Delay (DCD):    5.445ns
    Source Clock Delay      (SCD):    0.000ns
    Clock Pessimism Removal (CPR):    0.000ns
  Clock Uncertainty:      0.025ns  ((TSJ^2 + TIJ^2)^1/2 + DJ) / 2 + PE
    Total System Jitter     (TSJ):    0.050ns
    Total Input Jitter      (TIJ):    0.000ns
    Discrete Jitter          (DJ):    0.000ns
    Phase Error              (PE):    0.000ns

    Location             Delay type                Incr(ns)  Path(ns)    Netlist Resource(s)
  -------------------------------------------------------------------    -------------------
    T11                                               0.000     0.000 r  psclock (IN)
                         net (fo=0)                   0.000     0.000    psclock
    T11                  IBUF (Prop_ibuf_I_O)         1.550     1.550 r  psclock_IBUF_inst/O
                         net (fo=3, routed)           1.665     3.215    psclock_IBUF
    SLICE_X112Y86        LUT2 (Prop_lut2_I1_O)        0.124     3.339 r  clk_inter_i_1/O
                         net (fo=6, routed)           0.720     4.058    clk_inter0
    SLICE_X113Y85        FDRE                                         r  clk_count_reg[2]/R
  -------------------------------------------------------------------    -------------------

                         (clock sys_clk_pin rise edge)
                                                      0.000     0.000 r  
    H16                                               0.000     0.000 r  clk_in (IN)
                         net (fo=0)                   0.000     0.000    clk_in
    H16                  IBUF (Prop_ibuf_I_O)         1.380     1.380 r  clk_in_IBUF_inst/O
                         net (fo=1, routed)           2.293     3.673    clk_in_IBUF
    BUFGCTRL_X0Y16       BUFG (Prop_bufg_I_O)         0.091     3.764 r  clk_in_IBUF_BUFG_inst/O
                         net (fo=160, routed)         1.681     5.445    clk_in_IBUF_BUFG
    SLICE_X113Y85        FDRE                                         r  clk_count_reg[2]/C

Slack:                    inf
  Source:                 psclock
                            (input port)
  Destination:            clk_count_reg[3]/R
                            (rising edge-triggered cell FDRE clocked by sys_clk_pin  {rise@0.000ns fall@4.000ns period=8.000ns})
  Path Group:             (none)
  Path Type:              Setup (Max at Slow Process Corner)
  Data Path Delay:        4.058ns  (logic 1.674ns (41.244%)  route 2.384ns (58.756%))
  Logic Levels:           2  (IBUF=1 LUT2=1)
  Clock Path Skew:        5.445ns (DCD - SCD + CPR)
    Destination Clock Delay (DCD):    5.445ns
    Source Clock Delay      (SCD):    0.000ns
    Clock Pessimism Removal (CPR):    0.000ns
  Clock Uncertainty:      0.025ns  ((TSJ^2 + TIJ^2)^1/2 + DJ) / 2 + PE
    Total System Jitter     (TSJ):    0.050ns
    Total Input Jitter      (TIJ):    0.000ns
    Discrete Jitter          (DJ):    0.000ns
    Phase Error              (PE):    0.000ns

    Location             Delay type                Incr(ns)  Path(ns)    Netlist Resource(s)
  -------------------------------------------------------------------    -------------------
    T11                                               0.000     0.000 r  psclock (IN)
                         net (fo=0)                   0.000     0.000    psclock
    T11                  IBUF (Prop_ibuf_I_O)         1.550     1.550 r  psclock_IBUF_inst/O
                         net (fo=3, routed)           1.665     3.215    psclock_IBUF
    SLICE_X112Y86        LUT2 (Prop_lut2_I1_O)        0.124     3.339 r  clk_inter_i_1/O
                         net (fo=6, routed)           0.720     4.058    clk_inter0
    SLICE_X113Y85        FDRE                                         r  clk_count_reg[3]/R
  -------------------------------------------------------------------    -------------------

                         (clock sys_clk_pin rise edge)
                                                      0.000     0.000 r  
    H16                                               0.000     0.000 r  clk_in (IN)
                         net (fo=0)                   0.000     0.000    clk_in
    H16                  IBUF (Prop_ibuf_I_O)         1.380     1.380 r  clk_in_IBUF_inst/O
                         net (fo=1, routed)           2.293     3.673    clk_in_IBUF
    BUFGCTRL_X0Y16       BUFG (Prop_bufg_I_O)         0.091     3.764 r  clk_in_IBUF_BUFG_inst/O
                         net (fo=160, routed)         1.681     5.445    clk_in_IBUF_BUFG
    SLICE_X113Y85        FDRE                                         r  clk_count_reg[3]/C

Slack:                    inf
  Source:                 psclock
                            (input port)
  Destination:            clk_count_reg[4]/R
                            (rising edge-triggered cell FDRE clocked by sys_clk_pin  {rise@0.000ns fall@4.000ns period=8.000ns})
  Path Group:             (none)
  Path Type:              Setup (Max at Slow Process Corner)
  Data Path Delay:        4.058ns  (logic 1.674ns (41.244%)  route 2.384ns (58.756%))
  Logic Levels:           2  (IBUF=1 LUT2=1)
  Clock Path Skew:        5.445ns (DCD - SCD + CPR)
    Destination Clock Delay (DCD):    5.445ns
    Source Clock Delay      (SCD):    0.000ns
    Clock Pessimism Removal (CPR):    0.000ns
  Clock Uncertainty:      0.025ns  ((TSJ^2 + TIJ^2)^1/2 + DJ) / 2 + PE
    Total System Jitter     (TSJ):    0.050ns
    Total Input Jitter      (TIJ):    0.000ns
    Discrete Jitter          (DJ):    0.000ns
    Phase Error              (PE):    0.000ns

    Location             Delay type                Incr(ns)  Path(ns)    Netlist Resource(s)
  -------------------------------------------------------------------    -------------------
    T11                                               0.000     0.000 r  psclock (IN)
                         net (fo=0)                   0.000     0.000    psclock
    T11                  IBUF (Prop_ibuf_I_O)         1.550     1.550 r  psclock_IBUF_inst/O
                         net (fo=3, routed)           1.665     3.215    psclock_IBUF
    SLICE_X112Y86        LUT2 (Prop_lut2_I1_O)        0.124     3.339 r  clk_inter_i_1/O
                         net (fo=6, routed)           0.720     4.058    clk_inter0
    SLICE_X113Y85        FDRE                                         r  clk_count_reg[4]/R
  -------------------------------------------------------------------    -------------------

                         (clock sys_clk_pin rise edge)
                                                      0.000     0.000 r  
    H16                                               0.000     0.000 r  clk_in (IN)
                         net (fo=0)                   0.000     0.000    clk_in
    H16                  IBUF (Prop_ibuf_I_O)         1.380     1.380 r  clk_in_IBUF_inst/O
                         net (fo=1, routed)           2.293     3.673    clk_in_IBUF
    BUFGCTRL_X0Y16       BUFG (Prop_bufg_I_O)         0.091     3.764 r  clk_in_IBUF_BUFG_inst/O
                         net (fo=160, routed)         1.681     5.445    clk_in_IBUF_BUFG
    SLICE_X113Y85        FDRE                                         r  clk_count_reg[4]/C

Slack:                    inf
  Source:                 psclock
                            (input port)
  Destination:            clk_count_reg[0]/D
                            (rising edge-triggered cell FDRE clocked by sys_clk_pin  {rise@0.000ns fall@4.000ns period=8.000ns})
  Path Group:             (none)
  Path Type:              Setup (Max at Slow Process Corner)
  Data Path Delay:        4.008ns  (logic 1.798ns (44.857%)  route 2.210ns (55.143%))
  Logic Levels:           3  (IBUF=1 LUT2=1 LUT6=1)
  Clock Path Skew:        5.445ns (DCD - SCD + CPR)
    Destination Clock Delay (DCD):    5.445ns
    Source Clock Delay      (SCD):    0.000ns
    Clock Pessimism Removal (CPR):    0.000ns
  Clock Uncertainty:      0.025ns  ((TSJ^2 + TIJ^2)^1/2 + DJ) / 2 + PE
    Total System Jitter     (TSJ):    0.050ns
    Total Input Jitter      (TIJ):    0.000ns
    Discrete Jitter          (DJ):    0.000ns
    Phase Error              (PE):    0.000ns

    Location             Delay type                Incr(ns)  Path(ns)    Netlist Resource(s)
  -------------------------------------------------------------------    -------------------
    T11                                               0.000     0.000 r  psclock (IN)
                         net (fo=0)                   0.000     0.000    psclock
    T11                  IBUF (Prop_ibuf_I_O)         1.550     1.550 r  psclock_IBUF_inst/O
                         net (fo=3, routed)           1.665     3.215    psclock_IBUF
    SLICE_X112Y86        LUT2 (Prop_lut2_I1_O)        0.124     3.339 f  clk_inter_i_1/O
                         net (fo=6, routed)           0.545     3.884    clk_inter0
    SLICE_X112Y85        LUT6 (Prop_lut6_I5_O)        0.124     4.008 r  clk_count[0]_i_1/O
                         net (fo=1, routed)           0.000     4.008    clk_count[0]_i_1_n_0
    SLICE_X112Y85        FDRE                                         r  clk_count_reg[0]/D
  -------------------------------------------------------------------    -------------------

                         (clock sys_clk_pin rise edge)
                                                      0.000     0.000 r  
    H16                                               0.000     0.000 r  clk_in (IN)
                         net (fo=0)                   0.000     0.000    clk_in
    H16                  IBUF (Prop_ibuf_I_O)         1.380     1.380 r  clk_in_IBUF_inst/O
                         net (fo=1, routed)           2.293     3.673    clk_in_IBUF
    BUFGCTRL_X0Y16       BUFG (Prop_bufg_I_O)         0.091     3.764 r  clk_in_IBUF_BUFG_inst/O
                         net (fo=160, routed)         1.681     5.445    clk_in_IBUF_BUFG
    SLICE_X112Y85        FDRE                                         r  clk_count_reg[0]/C

Slack:                    inf
  Source:                 psdata
                            (input port)
  Destination:            data_count_reg[0]/D
                            (rising edge-triggered cell FDRE clocked by sys_clk_pin  {rise@0.000ns fall@4.000ns period=8.000ns})
  Path Group:             (none)
  Path Type:              Setup (Max at Slow Process Corner)
  Data Path Delay:        3.838ns  (logic 1.848ns (48.153%)  route 1.990ns (51.847%))
  Logic Levels:           3  (IBUF=1 LUT2=1 LUT6=1)
  Clock Path Skew:        5.444ns (DCD - SCD + CPR)
    Destination Clock Delay (DCD):    5.444ns
    Source Clock Delay      (SCD):    0.000ns
    Clock Pessimism Removal (CPR):    0.000ns
  Clock Uncertainty:      0.025ns  ((TSJ^2 + TIJ^2)^1/2 + DJ) / 2 + PE
    Total System Jitter     (TSJ):    0.050ns
    Total Input Jitter      (TIJ):    0.000ns
    Discrete Jitter          (DJ):    0.000ns
    Phase Error              (PE):    0.000ns

    Location             Delay type                Incr(ns)  Path(ns)    Netlist Resource(s)
  -------------------------------------------------------------------    -------------------
    W14                                               0.000     0.000 r  psdata (IN)
                         net (fo=0)                   0.000     0.000    psdata
    W14                  IBUF (Prop_ibuf_I_O)         1.600     1.600 r  psdata_IBUF_inst/O
                         net (fo=3, routed)           1.022     2.622    psdata_IBUF
    SLICE_X110Y83        LUT2 (Prop_lut2_I1_O)        0.124     2.746 f  data_inter_i_1/O
                         net (fo=6, routed)           0.968     3.714    data_inter0
    SLICE_X111Y84        LUT6 (Prop_lut6_I5_O)        0.124     3.838 r  data_count[0]_i_1/O
                         net (fo=1, routed)           0.000     3.838    data_count[0]_i_1_n_0
    SLICE_X111Y84        FDRE                                         r  data_count_reg[0]/D
  -------------------------------------------------------------------    -------------------

                         (clock sys_clk_pin rise edge)
                                                      0.000     0.000 r  
    H16                                               0.000     0.000 r  clk_in (IN)
                         net (fo=0)                   0.000     0.000    clk_in
    H16                  IBUF (Prop_ibuf_I_O)         1.380     1.380 r  clk_in_IBUF_inst/O
                         net (fo=1, routed)           2.293     3.673    clk_in_IBUF
    BUFGCTRL_X0Y16       BUFG (Prop_bufg_I_O)         0.091     3.764 r  clk_in_IBUF_BUFG_inst/O
                         net (fo=160, routed)         1.680     5.444    clk_in_IBUF_BUFG
    SLICE_X111Y84        FDRE                                         r  data_count_reg[0]/C

Slack:                    inf
  Source:                 psclock
                            (input port)
  Destination:            clk_inter_reg/CE
                            (rising edge-triggered cell FDRE clocked by sys_clk_pin  {rise@0.000ns fall@4.000ns period=8.000ns})
  Path Group:             (none)
  Path Type:              Setup (Max at Slow Process Corner)
  Data Path Delay:        3.769ns  (logic 1.674ns (44.412%)  route 2.095ns (55.588%))
  Logic Levels:           2  (IBUF=1 LUT2=1)
  Clock Path Skew:        5.445ns (DCD - SCD + CPR)
    Destination Clock Delay (DCD):    5.445ns
    Source Clock Delay      (SCD):    0.000ns
    Clock Pessimism Removal (CPR):    0.000ns
  Clock Uncertainty:      0.025ns  ((TSJ^2 + TIJ^2)^1/2 + DJ) / 2 + PE
    Total System Jitter     (TSJ):    0.050ns
    Total Input Jitter      (TIJ):    0.000ns
    Discrete Jitter          (DJ):    0.000ns
    Phase Error              (PE):    0.000ns

    Location             Delay type                Incr(ns)  Path(ns)    Netlist Resource(s)
  -------------------------------------------------------------------    -------------------
    T11                                               0.000     0.000 r  psclock (IN)
                         net (fo=0)                   0.000     0.000    psclock
    T11                  IBUF (Prop_ibuf_I_O)         1.550     1.550 r  psclock_IBUF_inst/O
                         net (fo=3, routed)           1.665     3.215    psclock_IBUF
    SLICE_X112Y86        LUT2 (Prop_lut2_I1_O)        0.124     3.339 r  clk_inter_i_1/O
                         net (fo=6, routed)           0.430     3.769    clk_inter0
    SLICE_X112Y86        FDRE                                         r  clk_inter_reg/CE
  -------------------------------------------------------------------    -------------------

                         (clock sys_clk_pin rise edge)
                                                      0.000     0.000 r  
    H16                                               0.000     0.000 r  clk_in (IN)
                         net (fo=0)                   0.000     0.000    clk_in
    H16                  IBUF (Prop_ibuf_I_O)         1.380     1.380 r  clk_in_IBUF_inst/O
                         net (fo=1, routed)           2.293     3.673    clk_in_IBUF
    BUFGCTRL_X0Y16       BUFG (Prop_bufg_I_O)         0.091     3.764 r  clk_in_IBUF_BUFG_inst/O
                         net (fo=160, routed)         1.681     5.445    clk_in_IBUF_BUFG
    SLICE_X112Y86        FDRE                                         r  clk_inter_reg/C

Slack:                    inf
  Source:                 psdata
                            (input port)
  Destination:            data_count_reg[1]/R
                            (rising edge-triggered cell FDRE clocked by sys_clk_pin  {rise@0.000ns fall@4.000ns period=8.000ns})
  Path Group:             (none)
  Path Type:              Setup (Max at Slow Process Corner)
  Data Path Delay:        3.764ns  (logic 1.724ns (45.801%)  route 2.040ns (54.199%))
  Logic Levels:           2  (IBUF=1 LUT2=1)
  Clock Path Skew:        5.444ns (DCD - SCD + CPR)
    Destination Clock Delay (DCD):    5.444ns
    Source Clock Delay      (SCD):    0.000ns
    Clock Pessimism Removal (CPR):    0.000ns
  Clock Uncertainty:      0.025ns  ((TSJ^2 + TIJ^2)^1/2 + DJ) / 2 + PE
    Total System Jitter     (TSJ):    0.050ns
    Total Input Jitter      (TIJ):    0.000ns
    Discrete Jitter          (DJ):    0.000ns
    Phase Error              (PE):    0.000ns

    Location             Delay type                Incr(ns)  Path(ns)    Netlist Resource(s)
  -------------------------------------------------------------------    -------------------
    W14                                               0.000     0.000 r  psdata (IN)
                         net (fo=0)                   0.000     0.000    psdata
    W14                  IBUF (Prop_ibuf_I_O)         1.600     1.600 r  psdata_IBUF_inst/O
                         net (fo=3, routed)           1.022     2.622    psdata_IBUF
    SLICE_X110Y83        LUT2 (Prop_lut2_I1_O)        0.124     2.746 r  data_inter_i_1/O
                         net (fo=6, routed)           1.018     3.764    data_inter0
    SLICE_X110Y84        FDRE                                         r  data_count_reg[1]/R
  -------------------------------------------------------------------    -------------------

                         (clock sys_clk_pin rise edge)
                                                      0.000     0.000 r  
    H16                                               0.000     0.000 r  clk_in (IN)
                         net (fo=0)                   0.000     0.000    clk_in
    H16                  IBUF (Prop_ibuf_I_O)         1.380     1.380 r  clk_in_IBUF_inst/O
                         net (fo=1, routed)           2.293     3.673    clk_in_IBUF
    BUFGCTRL_X0Y16       BUFG (Prop_bufg_I_O)         0.091     3.764 r  clk_in_IBUF_BUFG_inst/O
                         net (fo=160, routed)         1.680     5.444    clk_in_IBUF_BUFG
    SLICE_X110Y84        FDRE                                         r  data_count_reg[1]/C





Min Delay Paths
--------------------------------------------------------------------------------------
Slack:                    inf
  Source:                 psdata
                            (input port)
  Destination:            data_inter_reg/D
                            (rising edge-triggered cell FDRE clocked by sys_clk_pin  {rise@0.000ns fall@4.000ns period=8.000ns})
  Path Group:             (none)
  Path Type:              Hold (Min at Fast Process Corner)
  Data Path Delay:        0.730ns  (logic 0.367ns (50.230%)  route 0.363ns (49.770%))
  Logic Levels:           1  (IBUF=1)
  Clock Path Skew:        2.243ns (DCD - SCD - CPR)
    Destination Clock Delay (DCD):    2.243ns
    Source Clock Delay      (SCD):    0.000ns
    Clock Pessimism Removal (CPR):    -0.000ns

    Location             Delay type                Incr(ns)  Path(ns)    Netlist Resource(s)
  -------------------------------------------------------------------    -------------------
    W14                                               0.000     0.000 r  psdata (IN)
                         net (fo=0)                   0.000     0.000    psdata
    W14                  IBUF (Prop_ibuf_I_O)         0.367     0.367 r  psdata_IBUF_inst/O
                         net (fo=3, routed)           0.363     0.730    psdata_IBUF
    SLICE_X112Y83        FDRE                                         r  data_inter_reg/D
  -------------------------------------------------------------------    -------------------

                         (clock sys_clk_pin rise edge)
                                                      0.000     0.000 r  
    H16                                               0.000     0.000 r  clk_in (IN)
                         net (fo=0)                   0.000     0.000    clk_in
    H16                  IBUF (Prop_ibuf_I_O)         0.406     0.406 r  clk_in_IBUF_inst/O
                         net (fo=1, routed)           0.907     1.313    clk_in_IBUF
    BUFGCTRL_X0Y16       BUFG (Prop_bufg_I_O)         0.029     1.342 r  clk_in_IBUF_BUFG_inst/O
                         net (fo=160, routed)         0.901     2.243    clk_in_IBUF_BUFG
    SLICE_X112Y83        FDRE                                         r  data_inter_reg/C

Slack:                    inf
  Source:                 psclock
                            (input port)
  Destination:            clk_inter_reg/D
                            (rising edge-triggered cell FDRE clocked by sys_clk_pin  {rise@0.000ns fall@4.000ns period=8.000ns})
  Path Group:             (none)
  Path Type:              Hold (Min at Fast Process Corner)
  Data Path Delay:        0.811ns  (logic 0.317ns (39.094%)  route 0.494ns (60.906%))
  Logic Levels:           1  (IBUF=1)
  Clock Path Skew:        2.245ns (DCD - SCD - CPR)
    Destination Clock Delay (DCD):    2.245ns
    Source Clock Delay      (SCD):    0.000ns
    Clock Pessimism Removal (CPR):    -0.000ns

    Location             Delay type                Incr(ns)  Path(ns)    Netlist Resource(s)
  -------------------------------------------------------------------    -------------------
    T11                                               0.000     0.000 r  psclock (IN)
                         net (fo=0)                   0.000     0.000    psclock
    T11                  IBUF (Prop_ibuf_I_O)         0.317     0.317 r  psclock_IBUF_inst/O
                         net (fo=3, routed)           0.494     0.811    psclock_IBUF
    SLICE_X112Y86        FDRE                                         r  clk_inter_reg/D
  -------------------------------------------------------------------    -------------------

                         (clock sys_clk_pin rise edge)
                                                      0.000     0.000 r  
    H16                                               0.000     0.000 r  clk_in (IN)
                         net (fo=0)                   0.000     0.000    clk_in
    H16                  IBUF (Prop_ibuf_I_O)         0.406     0.406 r  clk_in_IBUF_inst/O
                         net (fo=1, routed)           0.907     1.313    clk_in_IBUF
    BUFGCTRL_X0Y16       BUFG (Prop_bufg_I_O)         0.029     1.342 r  clk_in_IBUF_BUFG_inst/O
                         net (fo=160, routed)         0.903     2.245    clk_in_IBUF_BUFG
    SLICE_X112Y86        FDRE                                         r  clk_inter_reg/C

Slack:                    inf
  Source:                 psdata
                            (input port)
  Destination:            ps2_data_clean_reg/D
                            (rising edge-triggered cell FDRE clocked by sys_clk_pin  {rise@0.000ns fall@4.000ns period=8.000ns})
  Path Group:             (none)
  Path Type:              Hold (Min at Fast Process Corner)
  Data Path Delay:        0.831ns  (logic 0.412ns (49.573%)  route 0.419ns (50.427%))
  Logic Levels:           2  (IBUF=1 LUT4=1)
  Clock Path Skew:        2.243ns (DCD - SCD - CPR)
    Destination Clock Delay (DCD):    2.243ns
    Source Clock Delay      (SCD):    0.000ns
    Clock Pessimism Removal (CPR):    -0.000ns

    Location             Delay type                Incr(ns)  Path(ns)    Netlist Resource(s)
  -------------------------------------------------------------------    -------------------
    W14                                               0.000     0.000 r  psdata (IN)
                         net (fo=0)                   0.000     0.000    psdata
    W14                  IBUF (Prop_ibuf_I_O)         0.367     0.367 r  psdata_IBUF_inst/O
                         net (fo=3, routed)           0.419     0.786    psdata_IBUF
    SLICE_X110Y83        LUT4 (Prop_lut4_I1_O)        0.045     0.831 r  ps2_data_clean_i_1/O
                         net (fo=1, routed)           0.000     0.831    ps2_data_clean_i_1_n_0
    SLICE_X110Y83        FDRE                                         r  ps2_data_clean_reg/D
  -------------------------------------------------------------------    -------------------

                         (clock sys_clk_pin rise edge)
                                                      0.000     0.000 r  
    H16                                               0.000     0.000 r  clk_in (IN)
                         net (fo=0)                   0.000     0.000    clk_in
    H16                  IBUF (Prop_ibuf_I_O)         0.406     0.406 r  clk_in_IBUF_inst/O
                         net (fo=1, routed)           0.907     1.313    clk_in_IBUF
    BUFGCTRL_X0Y16       BUFG (Prop_bufg_I_O)         0.029     1.342 r  clk_in_IBUF_BUFG_inst/O
                         net (fo=160, routed)         0.901     2.243    clk_in_IBUF_BUFG
    SLICE_X110Y83        FDRE                                         r  ps2_data_clean_reg/C

Slack:                    inf
  Source:                 psclock
                            (input port)
  Destination:            ps2_clk_clean_reg/D
                            (rising edge-triggered cell FDRE clocked by sys_clk_pin  {rise@0.000ns fall@4.000ns period=8.000ns})
  Path Group:             (none)
  Path Type:              Hold (Min at Fast Process Corner)
  Data Path Delay:        0.909ns  (logic 0.362ns (39.829%)  route 0.547ns (60.171%))
  Logic Levels:           2  (IBUF=1 LUT4=1)
  Clock Path Skew:        2.245ns (DCD - SCD - CPR)
    Destination Clock Delay (DCD):    2.245ns
    Source Clock Delay      (SCD):    0.000ns
    Clock Pessimism Removal (CPR):    -0.000ns

    Location             Delay type                Incr(ns)  Path(ns)    Netlist Resource(s)
  -------------------------------------------------------------------    -------------------
    T11                                               0.000     0.000 r  psclock (IN)
                         net (fo=0)                   0.000     0.000    psclock
    T11                  IBUF (Prop_ibuf_I_O)         0.317     0.317 r  psclock_IBUF_inst/O
                         net (fo=3, routed)           0.547     0.864    psclock_IBUF
    SLICE_X112Y85        LUT4 (Prop_lut4_I1_O)        0.045     0.909 r  ps2_clk_clean_i_1/O
                         net (fo=1, routed)           0.000     0.909    ps2_clk_clean_i_1_n_0
    SLICE_X112Y85        FDRE                                         r  ps2_clk_clean_reg/D
  -------------------------------------------------------------------    -------------------

                         (clock sys_clk_pin rise edge)
                                                      0.000     0.000 r  
    H16                                               0.000     0.000 r  clk_in (IN)
                         net (fo=0)                   0.000     0.000    clk_in
    H16                  IBUF (Prop_ibuf_I_O)         0.406     0.406 r  clk_in_IBUF_inst/O
                         net (fo=1, routed)           0.907     1.313    clk_in_IBUF
    BUFGCTRL_X0Y16       BUFG (Prop_bufg_I_O)         0.029     1.342 r  clk_in_IBUF_BUFG_inst/O
                         net (fo=160, routed)         0.903     2.245    clk_in_IBUF_BUFG
    SLICE_X112Y85        FDRE                                         r  ps2_clk_clean_reg/C

Slack:                    inf
  Source:                 psdata
                            (input port)
  Destination:            data_inter_reg/CE
                            (rising edge-triggered cell FDRE clocked by sys_clk_pin  {rise@0.000ns fall@4.000ns period=8.000ns})
  Path Group:             (none)
  Path Type:              Hold (Min at Fast Process Corner)
  Data Path Delay:        1.022ns  (logic 0.412ns (40.298%)  route 0.610ns (59.702%))
  Logic Levels:           2  (IBUF=1 LUT2=1)
  Clock Path Skew:        2.243ns (DCD - SCD - CPR)
    Destination Clock Delay (DCD):    2.243ns
    Source Clock Delay      (SCD):    0.000ns
    Clock Pessimism Removal (CPR):    -0.000ns

    Location             Delay type                Incr(ns)  Path(ns)    Netlist Resource(s)
  -------------------------------------------------------------------    -------------------
    W14                                               0.000     0.000 r  psdata (IN)
                         net (fo=0)                   0.000     0.000    psdata
    W14                  IBUF (Prop_ibuf_I_O)         0.367     0.367 r  psdata_IBUF_inst/O
                         net (fo=3, routed)           0.418     0.785    psdata_IBUF
    SLICE_X110Y83        LUT2 (Prop_lut2_I1_O)        0.045     0.830 r  data_inter_i_1/O
                         net (fo=6, routed)           0.192     1.022    data_inter0
    SLICE_X112Y83        FDRE                                         r  data_inter_reg/CE
  -------------------------------------------------------------------    -------------------

                         (clock sys_clk_pin rise edge)
                                                      0.000     0.000 r  
    H16                                               0.000     0.000 r  clk_in (IN)
                         net (fo=0)                   0.000     0.000    clk_in
    H16                  IBUF (Prop_ibuf_I_O)         0.406     0.406 r  clk_in_IBUF_inst/O
                         net (fo=1, routed)           0.907     1.313    clk_in_IBUF
    BUFGCTRL_X0Y16       BUFG (Prop_bufg_I_O)         0.029     1.342 r  clk_in_IBUF_BUFG_inst/O
                         net (fo=160, routed)         0.901     2.243    clk_in_IBUF_BUFG
    SLICE_X112Y83        FDRE                                         r  data_inter_reg/C

Slack:                    inf
  Source:                 psdata
                            (input port)
  Destination:            data_count_reg[4]/R
                            (rising edge-triggered cell FDRE clocked by sys_clk_pin  {rise@0.000ns fall@4.000ns period=8.000ns})
  Path Group:             (none)
  Path Type:              Hold (Min at Fast Process Corner)
  Data Path Delay:        1.090ns  (logic 0.412ns (37.772%)  route 0.678ns (62.228%))
  Logic Levels:           2  (IBUF=1 LUT2=1)
  Clock Path Skew:        2.244ns (DCD - SCD - CPR)
    Destination Clock Delay (DCD):    2.244ns
    Source Clock Delay      (SCD):    0.000ns
    Clock Pessimism Removal (CPR):    -0.000ns

    Location             Delay type                Incr(ns)  Path(ns)    Netlist Resource(s)
  -------------------------------------------------------------------    -------------------
    W14                                               0.000     0.000 r  psdata (IN)
                         net (fo=0)                   0.000     0.000    psdata
    W14                  IBUF (Prop_ibuf_I_O)         0.367     0.367 r  psdata_IBUF_inst/O
                         net (fo=3, routed)           0.418     0.785    psdata_IBUF
    SLICE_X110Y83        LUT2 (Prop_lut2_I1_O)        0.045     0.830 r  data_inter_i_1/O
                         net (fo=6, routed)           0.261     1.090    data_inter0
    SLICE_X112Y84        FDRE                                         r  data_count_reg[4]/R
  -------------------------------------------------------------------    -------------------

                         (clock sys_clk_pin rise edge)
                                                      0.000     0.000 r  
    H16                                               0.000     0.000 r  clk_in (IN)
                         net (fo=0)                   0.000     0.000    clk_in
    H16                  IBUF (Prop_ibuf_I_O)         0.406     0.406 r  clk_in_IBUF_inst/O
                         net (fo=1, routed)           0.907     1.313    clk_in_IBUF
    BUFGCTRL_X0Y16       BUFG (Prop_bufg_I_O)         0.029     1.342 r  clk_in_IBUF_BUFG_inst/O
                         net (fo=160, routed)         0.902     2.244    clk_in_IBUF_BUFG
    SLICE_X112Y84        FDRE                                         r  data_count_reg[4]/C

Slack:                    inf
  Source:                 psclock
                            (input port)
  Destination:            clk_inter_reg/CE
                            (rising edge-triggered cell FDRE clocked by sys_clk_pin  {rise@0.000ns fall@4.000ns period=8.000ns})
  Path Group:             (none)
  Path Type:              Hold (Min at Fast Process Corner)
  Data Path Delay:        1.184ns  (logic 0.362ns (30.570%)  route 0.822ns (69.430%))
  Logic Levels:           2  (IBUF=1 LUT2=1)
  Clock Path Skew:        2.245ns (DCD - SCD - CPR)
    Destination Clock Delay (DCD):    2.245ns
    Source Clock Delay      (SCD):    0.000ns
    Clock Pessimism Removal (CPR):    -0.000ns

    Location             Delay type                Incr(ns)  Path(ns)    Netlist Resource(s)
  -------------------------------------------------------------------    -------------------
    T11                                               0.000     0.000 r  psclock (IN)
                         net (fo=0)                   0.000     0.000    psclock
    T11                  IBUF (Prop_ibuf_I_O)         0.317     0.317 r  psclock_IBUF_inst/O
                         net (fo=3, routed)           0.661     0.978    psclock_IBUF
    SLICE_X112Y86        LUT2 (Prop_lut2_I1_O)        0.045     1.023 r  clk_inter_i_1/O
                         net (fo=6, routed)           0.161     1.184    clk_inter0
    SLICE_X112Y86        FDRE                                         r  clk_inter_reg/CE
  -------------------------------------------------------------------    -------------------

                         (clock sys_clk_pin rise edge)
                                                      0.000     0.000 r  
    H16                                               0.000     0.000 r  clk_in (IN)
                         net (fo=0)                   0.000     0.000    clk_in
    H16                  IBUF (Prop_ibuf_I_O)         0.406     0.406 r  clk_in_IBUF_inst/O
                         net (fo=1, routed)           0.907     1.313    clk_in_IBUF
    BUFGCTRL_X0Y16       BUFG (Prop_bufg_I_O)         0.029     1.342 r  clk_in_IBUF_BUFG_inst/O
                         net (fo=160, routed)         0.903     2.245    clk_in_IBUF_BUFG
    SLICE_X112Y86        FDRE                                         r  clk_inter_reg/C

Slack:                    inf
  Source:                 psdata
                            (input port)
  Destination:            data_count_reg[1]/R
                            (rising edge-triggered cell FDRE clocked by sys_clk_pin  {rise@0.000ns fall@4.000ns period=8.000ns})
  Path Group:             (none)
  Path Type:              Hold (Min at Fast Process Corner)
  Data Path Delay:        1.203ns  (logic 0.412ns (34.228%)  route 0.791ns (65.772%))
  Logic Levels:           2  (IBUF=1 LUT2=1)
  Clock Path Skew:        2.244ns (DCD - SCD - CPR)
    Destination Clock Delay (DCD):    2.244ns
    Source Clock Delay      (SCD):    0.000ns
    Clock Pessimism Removal (CPR):    -0.000ns

    Location             Delay type                Incr(ns)  Path(ns)    Netlist Resource(s)
  -------------------------------------------------------------------    -------------------
    W14                                               0.000     0.000 r  psdata (IN)
                         net (fo=0)                   0.000     0.000    psdata
    W14                  IBUF (Prop_ibuf_I_O)         0.367     0.367 r  psdata_IBUF_inst/O
                         net (fo=3, routed)           0.418     0.785    psdata_IBUF
    SLICE_X110Y83        LUT2 (Prop_lut2_I1_O)        0.045     0.830 r  data_inter_i_1/O
                         net (fo=6, routed)           0.373     1.203    data_inter0
    SLICE_X110Y84        FDRE                                         r  data_count_reg[1]/R
  -------------------------------------------------------------------    -------------------

                         (clock sys_clk_pin rise edge)
                                                      0.000     0.000 r  
    H16                                               0.000     0.000 r  clk_in (IN)
                         net (fo=0)                   0.000     0.000    clk_in
    H16                  IBUF (Prop_ibuf_I_O)         0.406     0.406 r  clk_in_IBUF_inst/O
                         net (fo=1, routed)           0.907     1.313    clk_in_IBUF
    BUFGCTRL_X0Y16       BUFG (Prop_bufg_I_O)         0.029     1.342 r  clk_in_IBUF_BUFG_inst/O
                         net (fo=160, routed)         0.902     2.244    clk_in_IBUF_BUFG
    SLICE_X110Y84        FDRE                                         r  data_count_reg[1]/C

Slack:                    inf
  Source:                 psdata
                            (input port)
  Destination:            data_count_reg[2]/R
                            (rising edge-triggered cell FDRE clocked by sys_clk_pin  {rise@0.000ns fall@4.000ns period=8.000ns})
  Path Group:             (none)
  Path Type:              Hold (Min at Fast Process Corner)
  Data Path Delay:        1.203ns  (logic 0.412ns (34.228%)  route 0.791ns (65.772%))
  Logic Levels:           2  (IBUF=1 LUT2=1)
  Clock Path Skew:        2.244ns (DCD - SCD - CPR)
    Destination Clock Delay (DCD):    2.244ns
    Source Clock Delay      (SCD):    0.000ns
    Clock Pessimism Removal (CPR):    -0.000ns

    Location             Delay type                Incr(ns)  Path(ns)    Netlist Resource(s)
  -------------------------------------------------------------------    -------------------
    W14                                               0.000     0.000 r  psdata (IN)
                         net (fo=0)                   0.000     0.000    psdata
    W14                  IBUF (Prop_ibuf_I_O)         0.367     0.367 r  psdata_IBUF_inst/O
                         net (fo=3, routed)           0.418     0.785    psdata_IBUF
    SLICE_X110Y83        LUT2 (Prop_lut2_I1_O)        0.045     0.830 r  data_inter_i_1/O
                         net (fo=6, routed)           0.373     1.203    data_inter0
    SLICE_X110Y84        FDRE                                         r  data_count_reg[2]/R
  -------------------------------------------------------------------    -------------------

                         (clock sys_clk_pin rise edge)
                                                      0.000     0.000 r  
    H16                                               0.000     0.000 r  clk_in (IN)
                         net (fo=0)                   0.000     0.000    clk_in
    H16                  IBUF (Prop_ibuf_I_O)         0.406     0.406 r  clk_in_IBUF_inst/O
                         net (fo=1, routed)           0.907     1.313    clk_in_IBUF
    BUFGCTRL_X0Y16       BUFG (Prop_bufg_I_O)         0.029     1.342 r  clk_in_IBUF_BUFG_inst/O
                         net (fo=160, routed)         0.902     2.244    clk_in_IBUF_BUFG
    SLICE_X110Y84        FDRE                                         r  data_count_reg[2]/C

Slack:                    inf
  Source:                 psdata
                            (input port)
  Destination:            data_count_reg[3]/R
                            (rising edge-triggered cell FDRE clocked by sys_clk_pin  {rise@0.000ns fall@4.000ns period=8.000ns})
  Path Group:             (none)
  Path Type:              Hold (Min at Fast Process Corner)
  Data Path Delay:        1.203ns  (logic 0.412ns (34.228%)  route 0.791ns (65.772%))
  Logic Levels:           2  (IBUF=1 LUT2=1)
  Clock Path Skew:        2.244ns (DCD - SCD - CPR)
    Destination Clock Delay (DCD):    2.244ns
    Source Clock Delay      (SCD):    0.000ns
    Clock Pessimism Removal (CPR):    -0.000ns

    Location             Delay type                Incr(ns)  Path(ns)    Netlist Resource(s)
  -------------------------------------------------------------------    -------------------
    W14                                               0.000     0.000 r  psdata (IN)
                         net (fo=0)                   0.000     0.000    psdata
    W14                  IBUF (Prop_ibuf_I_O)         0.367     0.367 r  psdata_IBUF_inst/O
                         net (fo=3, routed)           0.418     0.785    psdata_IBUF
    SLICE_X110Y83        LUT2 (Prop_lut2_I1_O)        0.045     0.830 r  data_inter_i_1/O
                         net (fo=6, routed)           0.373     1.203    data_inter0
    SLICE_X110Y84        FDRE                                         r  data_count_reg[3]/R
  -------------------------------------------------------------------    -------------------

                         (clock sys_clk_pin rise edge)
                                                      0.000     0.000 r  
    H16                                               0.000     0.000 r  clk_in (IN)
                         net (fo=0)                   0.000     0.000    clk_in
    H16                  IBUF (Prop_ibuf_I_O)         0.406     0.406 r  clk_in_IBUF_inst/O
                         net (fo=1, routed)           0.907     1.313    clk_in_IBUF
    BUFGCTRL_X0Y16       BUFG (Prop_bufg_I_O)         0.029     1.342 r  clk_in_IBUF_BUFG_inst/O
                         net (fo=160, routed)         0.902     2.244    clk_in_IBUF_BUFG
    SLICE_X110Y84        FDRE                                         r  data_count_reg[3]/C





